geometry,label,elevation,slope,aspect,u_left,v_left,key_left,osmid_left,highway_left,oneway_left,reversed_left,length_left,bridge_left,ref_left,lanes_left,junction_left,name_left,tunnel_left,dist_to_road,rainfall,index_right,u_right,v_right,key_right,osmid_right,highway_right,oneway_right,reversed_right,length_right,bridge_right,ref_right,lanes_right,junction_right,name_right,tunnel_right
POINT (516548.80524672044 2765289.9437741293),1,210.06897428884622,16.374961091876088,261.6807952949769,12205921413,6263645330,0,"[668863304, 667217706, 667217692, 525641655]",['unclassified'],False,"[ false, true ]",5314.251053831636,yes,NH137G,,,,,2536.205380383915,7.2444376945495605,933,12205921413,6263645330,0,"[668863304, 667217706, 667217692, 525641655]",['unclassified'],False,"[ false, true ]",5314.251053831636,yes,NH137G,,,,
POINT (516548.80524672044 2765289.9437741293),1,210.06897428884622,16.374961091876088,261.6807952949769,6263645330,12205921413,0,"[668863304, 667217706, 667217692, 525641655]",['unclassified'],False,"[ false, true ]",5314.251053831636,yes,NH137G,,,,,2536.205380383915,7.2444376945495605,933,12205921413,6263645330,0,"[668863304, 667217706, 667217692, 525641655]",['unclassified'],False,"[ false, true ]",5314.251053831636,yes,NH137G,,,,
POINT (504036.12722508784 2765834.1721646464),1,,,,12205988597,12205991116,0,1318888631,['residential'],False,False,355.2702007111401,,,,,,,7377.73274552503,8.054644584655762,938,12205988597,12205991116,0,1318888631,['residential'],False,False,355.2702007111401,,,,,,
POINT (504036.12722508784 2765834.1721646464),1,,,,12205991116,12205988597,0,1318888631,['residential'],False,True,355.27020071114015,,,,,,,7377.73274552503,8.054644584655762,938,12205988597,12205991116,0,1318888631,['residential'],False,False,355.2702007111401,,,,,,
POINT (475260.98717746424 2766119.3788096285),1,,,,9784622508,9784757148,0,1065443140,['residential'],False,True,88.43284230269639,,,,,,,9339.894219991631,8.142277717590332,2082,9784622508,9784757148,0,1065443140,['residential'],False,True,88.43284230269639,,,,,,
POINT (475260.98717746424 2766119.3788096285),1,,,,9784757148,9784622508,0,1065443140,['residential'],False,False,88.43284230269639,,,,,,,9339.894219991631,8.142277717590332,2082,9784622508,9784757148,0,1065443140,['residential'],False,True,88.43284230269639,,,,,,
POINT (476805.3125147795 2767022.551627184),1,,,,9784622508,9784757148,0,1065443140,['residential'],False,True,88.43284230269639,,,,,,,7957.352949871772,8.142277717590332,2082,9784622508,9784757148,0,1065443140,['residential'],False,True,88.43284230269639,,,,,,
POINT (476805.3125147795 2767022.551627184),1,,,,9784757148,9784622508,0,1065443140,['residential'],False,False,88.43284230269639,,,,,,,7957.352949871772,8.142277717590332,2082,9784622508,9784757148,0,1065443140,['residential'],False,True,88.43284230269639,,,,,,
POINT (476849.6934054793 2767074.40864259),1,,,,9784622508,9784757148,0,1065443140,['residential'],False,True,88.43284230269639,,,,,,,7895.145804920433,8.142277717590332,2082,9784622508,9784757148,0,1065443140,['residential'],False,True,88.43284230269639,,,,,,
POINT (476849.6934054793 2767074.40864259),1,,,,9784757148,9784622508,0,1065443140,['residential'],False,False,88.43284230269639,,,,,,,7895.145804920433,8.142277717590332,2082,9784622508,9784757148,0,1065443140,['residential'],False,True,88.43284230269639,,,,,,
POINT (477680.31279734336 2768835.7349040974),1,,,,9784622508,9784757148,0,1065443140,['residential'],False,True,88.43284230269639,,,,,,,5980.192889340219,8.142277717590332,2082,9784622508,9784757148,0,1065443140,['residential'],False,True,88.43284230269639,,,,,,
POINT (477680.31279734336 2768835.7349040974),1,,,,9784757148,9784622508,0,1065443140,['residential'],False,False,88.43284230269639,,,,,,,5980.192889340219,8.142277717590332,2082,9784622508,9784757148,0,1065443140,['residential'],False,True,88.43284230269639,,,,,,
POINT (477848.4585467662 2769007.3140206225),1,,,,9784622508,9784757148,0,1065443140,['residential'],False,True,88.43284230269639,,,,,,,5776.084978865445,8.142277717590332,2082,9784622508,9784757148,0,1065443140,['residential'],False,True,88.43284230269639,,,,,,
POINT (477848.4585467662 2769007.3140206225),1,,,,9784757148,9784622508,0,1065443140,['residential'],False,False,88.43284230269639,,,,,,,5776.084978865445,8.142277717590332,2082,9784622508,9784757148,0,1065443140,['residential'],False,True,88.43284230269639,,,,,,
POINT (477997.52922443906 2769363.8449594127),1,,,,9784622508,9784757148,0,1065443140,['residential'],False,True,88.43284230269639,,,,,,,5396.869909372318,8.142277717590332,2082,9784622508,9784757148,0,1065443140,['residential'],False,True,88.43284230269639,,,,,,
POINT (477997.52922443906 2769363.8449594127),1,,,,9784757148,9784622508,0,1065443140,['residential'],False,False,88.43284230269639,,,,,,,5396.869909372318,8.142277717590332,2082,9784622508,9784757148,0,1065443140,['residential'],False,True,88.43284230269639,,,,,,
POINT (478121.04324898863 2769514.350008542),1,,,,9784622508,9784757148,0,1065443140,['residential'],False,True,88.43284230269639,,,,,,,5226.040483017905,8.142277717590332,2082,9784622508,9784757148,0,1065443140,['residential'],False,True,88.43284230269639,,,,,,
POINT (478121.04324898863 2769514.350008542),1,,,,9784757148,9784622508,0,1065443140,['residential'],False,False,88.43284230269639,,,,,,,5226.040483017905,8.142277717590332,2082,9784622508,9784757148,0,1065443140,['residential'],False,True,88.43284230269639,,,,,,
POINT (478783.31260569836 2770106.928355469),1,,,,9784622508,9784757148,0,1065443140,['residential'],False,True,88.43284230269639,,,,,,,4558.499056206832,8.142277717590332,2082,9784622508,9784757148,0,1065443140,['residential'],False,True,88.43284230269639,,,,,,
POINT (478783.31260569836 2770106.928355469),1,,,,9784757148,9784622508,0,1065443140,['residential'],False,False,88.43284230269639,,,,,,,4558.499056206832,8.142277717590332,2082,9784622508,9784757148,0,1065443140,['residential'],False,True,88.43284230269639,,,,,,
POINT (478828.1572115603 2770143.8425603346),1,,,,9784622508,9784757148,0,1065443140,['residential'],False,True,88.43284230269639,,,,,,,4519.260630559314,8.142277717590332,2082,9784622508,9784757148,0,1065443140,['residential'],False,True,88.43284230269639,,,,,,
POINT (478828.1572115603 2770143.8425603346),1,,,,9784757148,9784622508,0,1065443140,['residential'],False,False,88.43284230269639,,,,,,,4519.260630559314,8.142277717590332,2082,9784622508,9784757148,0,1065443140,['residential'],False,True,88.43284230269639,,,,,,
POINT (479158.9233265811 2770214.090061548),1,,,,2468740900,2468740850,0,"[1053899047, 1053899048, 1053899053, 1320188154, 1320188155]",['trunk'],True,False,2530.826116156214,yes,NH27,,,,,4372.9935665885905,8.142277717590332,2009,2468740900,2468740850,0,"[1053899047, 1053899048, 1053899053, 1320188154, 1320188155]",['trunk'],True,False,2530.826116156214,yes,NH27,,,,
POINT (478747.54016253835 2770260.4558206475),1,,,,9784622508,9784757148,0,1065443140,['residential'],False,True,88.43284230269639,,,,,,,4407.516116876501,8.142277717590332,2082,9784622508,9784757148,0,1065443140,['residential'],False,True,88.43284230269639,,,,,,
POINT (478747.54016253835 2770260.4558206475),1,,,,9784757148,9784622508,0,1065443140,['residential'],False,False,88.43284230269639,,,,,,,4407.516116876501,8.142277717590332,2082,9784622508,9784757148,0,1065443140,['residential'],False,True,88.43284230269639,,,,,,
POINT (479495.4602449883 2770435.04041853),1,,,,2468740900,2468740850,0,"[1053899047, 1053899048, 1053899053, 1320188154, 1320188155]",['trunk'],True,False,2530.826116156214,yes,NH27,,,,,4028.102261370137,8.142277717590332,2009,2468740900,2468740850,0,"[1053899047, 1053899048, 1053899053, 1320188154, 1320188155]",['trunk'],True,False,2530.826116156214,yes,NH27,,,,
POINT (479548.7239369926 2770437.9502213816),1,,,,2468740900,2468740850,0,"[1053899047, 1053899048, 1053899053, 1320188154, 1320188155]",['trunk'],True,False,2530.826116156214,yes,NH27,,,,,4003.8834616215163,8.142277717590332,2009,2468740900,2468740850,0,"[1053899047, 1053899048, 1053899053, 1320188154, 1320188155]",['trunk'],True,False,2530.826116156214,yes,NH27,,,,
POINT (479792.60352216713 2770489.9622902228),1,,,,2468740900,2468740850,0,"[1053899047, 1053899048, 1053899053, 1320188154, 1320188155]",['trunk'],True,False,2530.826116156214,yes,NH27,,,,,3864.14005418961,8.142277717590332,2009,2468740900,2468740850,0,"[1053899047, 1053899048, 1053899053, 1320188154, 1320188155]",['trunk'],True,False,2530.826116156214,yes,NH27,,,,
POINT (479860.5994703969 2771043.5119612995),1,,,,2468740900,2468740850,0,"[1053899047, 1053899048, 1053899053, 1320188154, 1320188155]",['trunk'],True,False,2530.826116156214,yes,NH27,,,,,3324.4523675857604,8.142277717590332,2009,2468740900,2468740850,0,"[1053899047, 1053899048, 1053899053, 1320188154, 1320188155]",['trunk'],True,False,2530.826116156214,yes,NH27,,,,
POINT (480000.97614506073 2771230.882261252),1,,,,2468740900,2468740850,0,"[1053899047, 1053899048, 1053899053, 1320188154, 1320188155]",['trunk'],True,False,2530.826116156214,yes,NH27,,,,,3097.8719544479827,8.142277717590332,2009,2468740900,2468740850,0,"[1053899047, 1053899048, 1053899053, 1320188154, 1320188155]",['trunk'],True,False,2530.826116156214,yes,NH27,,,,
POINT (480542.86121748225 2771615.107300547),1,,,,2468740900,2468740850,0,"[1053899047, 1053899048, 1053899053, 1320188154, 1320188155]",['trunk'],True,False,2530.826116156214,yes,NH27,,,,,2560.3738762291878,8.142277717590332,2009,2468740900,2468740850,0,"[1053899047, 1053899048, 1053899053, 1320188154, 1320188155]",['trunk'],True,False,2530.826116156214,yes,NH27,,,,
POINT (480508.80477133795 2771709.9408871885),1,,,,2468740900,2468740850,0,"[1053899047, 1053899048, 1053899053, 1320188154, 1320188155]",['trunk'],True,False,2530.826116156214,yes,NH27,,,,,2479.01670370648,8.142277717590332,2009,2468740900,2468740850,0,"[1053899047, 1053899048, 1053899053, 1320188154, 1320188155]",['trunk'],True,False,2530.826116156214,yes,NH27,,,,
POINT (479415.14802090154 2771759.271926334),1,,,,2468740850,9784622442,0,1053899051,['trunk'],True,False,1487.7343955676072,,NH27,,,,,2915.885088879538,8.142277717590332,2008,2468740850,9784622442,0,1053899051,['trunk'],True,False,1487.7343955676072,,NH27,,,,
POINT (479415.14802090154 2771759.271926334),1,,,,2468740900,2468740850,0,"[1053899047, 1053899048, 1053899053, 1320188154, 1320188155]",['trunk'],True,False,2530.826116156214,yes,NH27,,,,,2915.885088879538,8.142277717590332,2008,2468740850,9784622442,0,1053899051,['trunk'],True,False,1487.7343955676072,,NH27,,,,
POINT (480517.25096809125 2771762.304169867),1,,,,2468740900,2468740850,0,"[1053899047, 1053899048, 1053899053, 1320188154, 1320188155]",['trunk'],True,False,2530.826116156214,yes,NH27,,,,,2426.4935179239988,8.142277717590332,2009,2468740900,2468740850,0,"[1053899047, 1053899048, 1053899053, 1320188154, 1320188155]",['trunk'],True,False,2530.826116156214,yes,NH27,,,,
POINT (479167.51581129234 2771811.912483169),1,,,,9784622508,9784757148,0,1065443140,['residential'],False,True,88.43284230269639,,,,,,,2848.5059019461305,8.142277717590332,2082,9784622508,9784757148,0,1065443140,['residential'],False,True,88.43284230269639,,,,,,
POINT (479167.51581129234 2771811.912483169),1,,,,9784757148,9784622508,0,1065443140,['residential'],False,False,88.43284230269639,,,,,,,2848.5059019461305,8.142277717590332,2082,9784622508,9784757148,0,1065443140,['residential'],False,True,88.43284230269639,,,,,,
POINT (479378.1651199155 2771981.120398679),1,,,,9784622508,9784757148,0,1065443140,['residential'],False,True,88.43284230269639,,,,,,,2697.214404561417,8.142277717590332,2082,9784622508,9784757148,0,1065443140,['residential'],False,True,88.43284230269639,,,,,,
POINT (479378.1651199155 2771981.120398679),1,,,,9784757148,9784622508,0,1065443140,['residential'],False,False,88.43284230269639,,,,,,,2697.214404561417,8.142277717590332,2082,9784622508,9784757148,0,1065443140,['residential'],False,True,88.43284230269639,,,,,,
POINT (480614.7023674442 2771989.715771523),1,,,,2468740900,2468740850,0,"[1053899047, 1053899048, 1053899053, 1320188154, 1320188155]",['trunk'],True,False,2530.826116156214,yes,NH27,,,,,2180.560534221252,8.142277717590332,2009,2468740900,2468740850,0,"[1053899047, 1053899048, 1053899053, 1320188154, 1320188155]",['trunk'],True,False,2530.826116156214,yes,NH27,,,,
POINT (529247.2949003564 2772730.1473742845),1,339.12622761320404,17.750704093016175,225.0119681480145,12197522498,12200325654,0,"[1317946659, 1317946660, 1317946661, 1318233509, 1318233488, 1318233489, 1318233491, 1318233492, 1318233493]",['tertiary'],False,"[ false, true ]",21587.602050418463,yes,NH137G,['1'],,,,1994.8007657394699,7.2444376945495605,891,12197522498,12200325654,0,"[1317946659, 1317946660, 1317946661, 1318233509, 1318233488, 1318233489, 1318233491, 1318233492, 1318233493]",['tertiary'],False,"[ false, true ]",21587.602050418463,yes,NH137G,['1'],,,
POINT (529247.2949003564 2772730.1473742845),1,339.12622761320404,17.750704093016175,225.0119681480145,12200325654,12197522498,0,"[1317946659, 1317946660, 1317946661, 1318233509, 1318233488, 1318233489, 1318233491, 1318233492, 1318233493]",['tertiary'],False,"[ false, true ]",21587.602050418496,yes,NH137G,['1'],,,,1994.8007657394699,7.2444376945495605,891,12197522498,12200325654,0,"[1317946659, 1317946660, 1317946661, 1318233509, 1318233488, 1318233489, 1318233491, 1318233492, 1318233493]",['tertiary'],False,"[ false, true ]",21587.602050418463,yes,NH137G,['1'],,,
POINT (479276.64567977533 2773006.415414091),1,,,,9784622508,9784757148,0,1065443140,['residential'],False,True,88.43284230269639,,,,,,,1667.4129327954386,8.142277717590332,2082,9784622508,9784757148,0,1065443140,['residential'],False,True,88.43284230269639,,,,,,
POINT (479276.64567977533 2773006.415414091),1,,,,9784757148,9784622508,0,1065443140,['residential'],False,False,88.43284230269639,,,,,,,1667.4129327954386,8.142277717590332,2082,9784622508,9784757148,0,1065443140,['residential'],False,True,88.43284230269639,,,,,,
POINT (481315.93631715525 2773069.020886752),1,,,,2468740900,2468740850,0,"[1053899047, 1053899048, 1053899053, 1320188154, 1320188155]",['trunk'],True,False,2530.826116156214,yes,NH27,,,,,985.3519657739068,8.142277717590332,2009,2468740900,2468740850,0,"[1053899047, 1053899048, 1053899053, 1320188154, 1320188155]",['trunk'],True,False,2530.826116156214,yes,NH27,,,,
POINT (495339.9455193351 2773688.9506372525),1,1076.0,,,12207783880,9784659280,0,"[1319052745, 1065420656, 1319113938, 1319113939, 1319113975]",['unclassified'],False,True,8682.638801138479,,SH-1022,,,,,97.0234041713805,8.054644584655762,2282,12207783880,9784659280,0,"[1319052745, 1065420656, 1319113938, 1319113939, 1319113975]",['unclassified'],False,True,8682.638801138479,,SH-1022,,,,
POINT (495339.9455193351 2773688.9506372525),1,1076.0,,,9784659280,12207783880,0,"[1319052745, 1065420656, 1319113938, 1319113939, 1319113975]",['unclassified'],False,False,8682.638801138484,,SH-1022,,,,,97.0234041713805,8.054644584655762,2282,12207783880,9784659280,0,"[1319052745, 1065420656, 1319113938, 1319113939, 1319113975]",['unclassified'],False,True,8682.638801138479,,SH-1022,,,,
POINT (495860.0195038968 2774735.62279126),1,,,,12207783880,9784659280,0,"[1319052745, 1065420656, 1319113938, 1319113939, 1319113975]",['unclassified'],False,True,8682.638801138479,,SH-1022,,,,,15.656598982146324,8.054644584655762,2282,12207783880,9784659280,0,"[1319052745, 1065420656, 1319113938, 1319113939, 1319113975]",['unclassified'],False,True,8682.638801138479,,SH-1022,,,,
POINT (495860.0195038968 2774735.62279126),1,,,,9784659280,12207783880,0,"[1319052745, 1065420656, 1319113938, 1319113939, 1319113975]",['unclassified'],False,False,8682.638801138484,,SH-1022,,,,,15.656598982146324,8.054644584655762,2282,12207783880,9784659280,0,"[1319052745, 1065420656, 1319113938, 1319113939, 1319113975]",['unclassified'],False,True,8682.638801138479,,SH-1022,,,,
POINT (528231.8795690517 2776049.942580539),1,905.9146459912098,12.369474429391243,159.56816571025945,12197522498,12200325654,0,"[1317946659, 1317946660, 1317946661, 1318233509, 1318233488, 1318233489, 1318233491, 1318233492, 1318233493]",['tertiary'],False,"[ false, true ]",21587.602050418463,yes,NH137G,['1'],,,,241.68767923426103,7.2444376945495605,891,12197522498,12200325654,0,"[1317946659, 1317946660, 1317946661, 1318233509, 1318233488, 1318233489, 1318233491, 1318233492, 1318233493]",['tertiary'],False,"[ false, true ]",21587.602050418463,yes,NH137G,['1'],,,
POINT (528231.8795690517 2776049.942580539),1,905.9146459912098,12.369474429391243,159.56816571025945,12200325654,12197522498,0,"[1317946659, 1317946660, 1317946661, 1318233509, 1318233488, 1318233489, 1318233491, 1318233492, 1318233493]",['tertiary'],False,"[ false, true ]",21587.602050418496,yes,NH137G,['1'],,,,241.68767923426103,7.2444376945495605,891,12197522498,12200325654,0,"[1317946659, 1317946660, 1317946661, 1318233509, 1318233488, 1318233489, 1318233491, 1318233492, 1318233493]",['tertiary'],False,"[ false, true ]",21587.602050418463,yes,NH137G,['1'],,,
POINT (528231.8795690517 2776049.942580539),1,905.9146459912098,12.369474429391243,159.56816571025945,12197522498,12200325654,0,"[1317946659, 1317946660, 1317946661, 1318233509, 1318233488, 1318233489, 1318233491, 1318233492, 1318233493]",['tertiary'],False,"[ false, true ]",21587.602050418463,yes,NH137G,['1'],,,,241.68767923426103,7.2444376945495605,891,12197522498,12200325654,0,"[1317946659, 1317946660, 1317946661, 1318233509, 1318233488, 1318233489, 1318233491, 1318233492, 1318233493]",['tertiary'],False,"[ false, true ]",21587.602050418463,yes,NH137G,['1'],,,
POINT (528231.8795690517 2776049.942580539),1,905.9146459912098,12.369474429391243,159.56816571025945,12200325654,12197522498,0,"[1317946659, 1317946660, 1317946661, 1318233509, 1318233488, 1318233489, 1318233491, 1318233492, 1318233493]",['tertiary'],False,"[ false, true ]",21587.602050418496,yes,NH137G,['1'],,,,241.68767923426103,7.2444376945495605,891,12197522498,12200325654,0,"[1317946659, 1317946660, 1317946661, 1318233509, 1318233488, 1318233489, 1318233491, 1318233492, 1318233493]",['tertiary'],False,"[ false, true ]",21587.602050418463,yes,NH137G,['1'],,,
POINT (528231.8795690517 2776049.942580539),1,905.9146459912098,12.369474429391243,159.56816571025945,12197522498,12200325654,0,"[1317946659, 1317946660, 1317946661, 1318233509, 1318233488, 1318233489, 1318233491, 1318233492, 1318233493]",['tertiary'],False,"[ false, true ]",21587.602050418463,yes,NH137G,['1'],,,,241.68767923426103,7.2444376945495605,891,12197522498,12200325654,0,"[1317946659, 1317946660, 1317946661, 1318233509, 1318233488, 1318233489, 1318233491, 1318233492, 1318233493]",['tertiary'],False,"[ false, true ]",21587.602050418463,yes,NH137G,['1'],,,
POINT (528231.8795690517 2776049.942580539),1,905.9146459912098,12.369474429391243,159.56816571025945,12200325654,12197522498,0,"[1317946659, 1317946660, 1317946661, 1318233509, 1318233488, 1318233489, 1318233491, 1318233492, 1318233493]",['tertiary'],False,"[ false, true ]",21587.602050418496,yes,NH137G,['1'],,,,241.68767923426103,7.2444376945495605,891,12197522498,12200325654,0,"[1317946659, 1317946660, 1317946661, 1318233509, 1318233488, 1318233489, 1318233491, 1318233492, 1318233493]",['tertiary'],False,"[ false, true ]",21587.602050418463,yes,NH137G,['1'],,,
POINT (498683.6205933295 2776325.251036883),1,614.5261964658846,30.327655874357838,333.89975811763946,2926094673,9784659280,0,1065420656,['unclassified'],False,False,5009.766978357091,,SH-1022,,,,,1.926353779331803,8.054644584655762,2028,2926094673,9784659280,0,1065420656,['unclassified'],False,False,5009.766978357091,,SH-1022,,,,
POINT (498683.6205933295 2776325.251036883),1,614.5261964658846,30.327655874357838,333.89975811763946,9784659280,2926094673,0,1065420656,['unclassified'],False,True,5009.766978357092,,SH-1022,,,,,1.926353779331803,8.054644584655762,2028,2926094673,9784659280,0,1065420656,['unclassified'],False,False,5009.766978357091,,SH-1022,,,,
POINT (498677.4720581978 2776344.075751834),1,602.5576952811111,25.804919063627455,336.4349311254362,2926094673,9784659280,0,1065420656,['unclassified'],False,False,5009.766978357091,,SH-1022,,,,,15.12544826366684,8.054644584655762,2028,2926094673,9784659280,0,1065420656,['unclassified'],False,False,5009.766978357091,,SH-1022,,,,
POINT (498677.4720581978 2776344.075751834),1,602.5576952811111,25.804919063627455,336.4349311254362,9784659280,2926094673,0,1065420656,['unclassified'],False,True,5009.766978357092,,SH-1022,,,,,15.12544826366684,8.054644584655762,2028,2926094673,9784659280,0,1065420656,['unclassified'],False,False,5009.766978357091,,SH-1022,,,,
POINT (497255.9890895943 2776620.4489831636),1,376.49741841619766,22.082953833650944,331.98870680641613,2926095087,6244305053,0,"[1316530145, 1316530146, 666911002, 656974446, 666910992, 666910993, 666910995, 666910996, 666911000, 1319045370]",['trunk'],False,"[ false, true ]",12763.345598644211,yes,NH27,,,,,13.349725306346786,8.054644584655762,2035,2926095087,6244305053,0,"[1316530145, 1316530146, 666911002, 656974446, 666910992, 666910993, 666910995, 666910996, 666911000, 1319045370]",['trunk'],False,"[ false, true ]",12763.345598644211,yes,NH27,,,,
POINT (500100.82296319667 2776685.0607132046),1,681.9038169991849,32.641855952369745,143.10312245888286,2926094673,2468741432,0,"[239060064, 566144644, 1424944040, 1424944041, 1319045367, 1319045368, 1319045369, 1319045370]",['trunk'],False,True,7472.82741254349,yes,NH27,,,,,206.92837607046388,8.054644584655762,2030,2926094673,2468741432,0,"[239060064, 566144644, 1424944040, 1424944041, 1319045367, 1319045368, 1319045369, 1319045370]",['trunk'],False,True,7472.82741254349,yes,NH27,,,,
POINT (500100.82296319667 2776685.0607132046),1,681.9038169991849,32.641855952369745,143.10312245888286,2468741432,2926094673,0,"[239060064, 566144644, 1424944040, 1424944041, 1319045367, 1319045368, 1319045369, 1319045370]",['trunk'],False,False,7472.827412543473,yes,NH27,,,,,206.92837607046388,8.054644584655762,2030,2926094673,2468741432,0,"[239060064, 566144644, 1424944040, 1424944041, 1319045367, 1319045368, 1319045369, 1319045370]",['trunk'],False,True,7472.82741254349,yes,NH27,,,,
POINT (499129.19883554423 2776790.9462260483),1,577.2673483639679,20.57710478034572,44.35844986393526,2926094673,9784659280,0,1065420656,['unclassified'],False,False,5009.766978357091,,SH-1022,,,,,5.565699327240692,8.054644584655762,2028,2926094673,9784659280,0,1065420656,['unclassified'],False,False,5009.766978357091,,SH-1022,,,,
POINT (499129.19883554423 2776790.9462260483),1,577.2673483639679,20.57710478034572,44.35844986393526,9784659280,2926094673,0,1065420656,['unclassified'],False,True,5009.766978357092,,SH-1022,,,,,5.565699327240692,8.054644584655762,2028,2926094673,9784659280,0,1065420656,['unclassified'],False,False,5009.766978357091,,SH-1022,,,,
POINT (500201.64428639674 2776795.7919977545),1,596.0420308754017,24.476140581355452,35.98891112145663,2926094673,2468741432,0,"[239060064, 566144644, 1424944040, 1424944041, 1319045367, 1319045368, 1319045369, 1319045370]",['trunk'],False,True,7472.82741254349,yes,NH27,,,,,59.59007060308797,8.054644584655762,2030,2926094673,2468741432,0,"[239060064, 566144644, 1424944040, 1424944041, 1319045367, 1319045368, 1319045369, 1319045370]",['trunk'],False,True,7472.82741254349,yes,NH27,,,,
POINT (500201.64428639674 2776795.7919977545),1,596.0420308754017,24.476140581355452,35.98891112145663,2468741432,2926094673,0,"[239060064, 566144644, 1424944040, 1424944041, 1319045367, 1319045368, 1319045369, 1319045370]",['trunk'],False,False,7472.827412543473,yes,NH27,,,,,59.59007060308797,8.054644584655762,2030,2926094673,2468741432,0,"[239060064, 566144644, 1424944040, 1424944041, 1319045367, 1319045368, 1319045369, 1319045370]",['trunk'],False,True,7472.82741254349,yes,NH27,,,,
POINT (488460.24625793705 2776861.139968336),1,275.739736342214,11.846534398383834,59.41252541460971,6244305053,2926095072,1,666911002,['trunk'],False,True,1340.40037646912,,NH27,,,,,8.24008821281949,8.054644584655762,2043,6244305053,2926095072,1,666911002,['trunk'],False,True,1340.40037646912,,NH27,,,,
POINT (500302.46396952664 2776906.5240439703),1,542.280361585885,10.62298165483055,232.1400313095043,2926094673,2468741432,0,"[239060064, 566144644, 1424944040, 1424944041, 1319045367, 1319045368, 1319045369, 1319045370]",['trunk'],False,True,7472.82741254349,yes,NH27,,,,,22.658636203362082,8.054644584655762,2030,2926094673,2468741432,0,"[239060064, 566144644, 1424944040, 1424944041, 1319045367, 1319045368, 1319045369, 1319045370]",['trunk'],False,True,7472.82741254349,yes,NH27,,,,
POINT (500302.46396952664 2776906.5240439703),1,542.280361585885,10.62298165483055,232.1400313095043,2468741432,2926094673,0,"[239060064, 566144644, 1424944040, 1424944041, 1319045367, 1319045368, 1319045369, 1319045370]",['trunk'],False,False,7472.827412543473,yes,NH27,,,,,22.658636203362082,8.054644584655762,2030,2926094673,2468741432,0,"[239060064, 566144644, 1424944040, 1424944041, 1319045367, 1319045368, 1319045369, 1319045370]",['trunk'],False,True,7472.82741254349,yes,NH27,,,,
POINT (497786.7839429858 2776990.744810886),1,434.617237111176,18.93877866588308,247.40990248252749,9784607734,2926095087,0,1319045370,['trunk'],False,False,628.6314823444336,,NH27,,,,,8.705009701026428,8.054644584655762,2071,9784607734,2926095087,0,1319045370,['trunk'],False,False,628.6314823444336,,NH27,,,,
POINT (497786.7839429858 2776990.744810886),1,434.617237111176,18.93877866588308,247.40990248252749,2926095087,9784607734,0,1319045370,['trunk'],False,True,628.6314823444335,,NH27,,,,,8.705009701026428,8.054644584655762,2071,9784607734,2926095087,0,1319045370,['trunk'],False,False,628.6314823444336,,NH27,,,,
POINT (497493.4974670468 2776995.9999721255),1,366.6548480883858,18.541180302233293,331.08323224339097,6244305053,2926095087,0,"[1316530145, 1316530146, 1319045370, 656974446, 666910992, 666910993, 666910995, 666910996, 666911000, 666911002]",['trunk'],False,"[ false, true ]",12763.345598644233,yes,NH27,,,,,89.35261821600936,8.054644584655762,2044,6244305053,2926095087,0,"[1316530145, 1316530146, 1319045370, 656974446, 666910992, 666910993, 666910995, 666910996, 666911000, 666911002]",['trunk'],False,"[ false, true ]",12763.345598644233,yes,NH27,,,,
POINT (497493.4974670468 2776995.9999721255),1,366.6548480883858,18.541180302233293,331.08323224339097,2926095087,6244305053,0,"[1316530145, 1316530146, 666911002, 656974446, 666910992, 666910993, 666910995, 666910996, 666911000, 1319045370]",['trunk'],False,"[ false, true ]",12763.345598644211,yes,NH27,,,,,89.35261821600936,8.054644584655762,2044,6244305053,2926095087,0,"[1316530145, 1316530146, 1319045370, 656974446, 666910992, 666910993, 666910995, 666910996, 666911000, 666911002]",['trunk'],False,"[ false, true ]",12763.345598644233,yes,NH27,,,,
POINT (492854.33852095134 2777005.506475764),1,257.7527196570827,11.254452748119911,342.80257323966146,6244305053,2926095087,0,"[1316530145, 1316530146, 1319045370, 656974446, 666910992, 666910993, 666910995, 666910996, 666911000, 666911002]",['trunk'],False,"[ false, true ]",12763.345598644233,yes,NH27,,,,,16.86640469627495,8.054644584655762,2044,6244305053,2926095087,0,"[1316530145, 1316530146, 1319045370, 656974446, 666910992, 666910993, 666910995, 666910996, 666911000, 666911002]",['trunk'],False,"[ false, true ]",12763.345598644233,yes,NH27,,,,
POINT (492854.33852095134 2777005.506475764),1,257.7527196570827,11.254452748119911,342.80257323966146,2926095087,6244305053,0,"[1316530145, 1316530146, 666911002, 656974446, 666910992, 666910993, 666910995, 666910996, 666911000, 1319045370]",['trunk'],False,"[ false, true ]",12763.345598644211,yes,NH27,,,,,16.86640469627495,8.054644584655762,2044,6244305053,2926095087,0,"[1316530145, 1316530146, 1319045370, 656974446, 666910992, 666910993, 666910995, 666910996, 666911000, 666911002]",['trunk'],False,"[ false, true ]",12763.345598644233,yes,NH27,,,,
POINT (486773.69397815724 2777376.906501471),1,243.8285835937707,14.520575688788865,320.9849237838696,2926095396,2926094152,0,"[666911003, 1053899052, 1319226238, 1319226239]",['trunk'],False,"[ false, true ]",1894.8340138476985,yes,NH27,,,,,38.2764995779563,8.142277717590332,2038,2926095396,2926094152,0,"[666911003, 1053899052, 1319226238, 1319226239]",['trunk'],False,"[ false, true ]",1894.8340138476985,yes,NH27,,,,
POINT (486773.69397815724 2777376.906501471),1,243.8285835937707,14.520575688788865,320.9849237838696,2926094152,2926095396,0,"[666911003, 1053899052, 1319226238, 1319226239]",['trunk'],False,"[ false, true ]",1894.8340138476995,yes,NH27,,,,,38.2764995779563,8.142277717590332,2038,2926095396,2926094152,0,"[666911003, 1053899052, 1319226238, 1319226239]",['trunk'],False,"[ false, true ]",1894.8340138476985,yes,NH27,,,,
POINT (487655.9191654672 2777450.267247986),1,221.78325038346415,21.856147076574008,12.50832613496063,6244305037,2926095396,0,666910999,['residential'],False,True,279.9868569978285,,,,,,,129.6070318105324,8.054644584655762,2041,6244305037,2926095396,0,666910999,['residential'],False,True,279.9868569978285,,,,,,
POINT (487655.9191654672 2777450.267247986),1,221.78325038346415,21.856147076574008,12.50832613496063,2926095396,6244305037,0,666910999,['residential'],False,False,279.9868569978285,,,,,,,129.6070318105324,8.054644584655762,2041,6244305037,2926095396,0,666910999,['residential'],False,True,279.9868569978285,,,,,,
POINT (495395.67601102 2777457.62869444),1,354.6692513816313,14.582046368511277,290.69526756479,6244305053,2926095087,0,"[1316530145, 1316530146, 1319045370, 656974446, 666910992, 666910993, 666910995, 666910996, 666911000, 666911002]",['trunk'],False,"[ false, true ]",12763.345598644233,yes,NH27,,,,,13.06669347666579,8.054644584655762,2044,6244305053,2926095087,0,"[1316530145, 1316530146, 1319045370, 656974446, 666910992, 666910993, 666910995, 666910996, 666911000, 666911002]",['trunk'],False,"[ false, true ]",12763.345598644233,yes,NH27,,,,
POINT (495395.67601102 2777457.62869444),1,354.6692513816313,14.582046368511277,290.69526756479,2926095087,6244305053,0,"[1316530145, 1316530146, 666911002, 656974446, 666910992, 666910993, 666910995, 666910996, 666911000, 1319045370]",['trunk'],False,"[ false, true ]",12763.345598644211,yes,NH27,,,,,13.06669347666579,8.054644584655762,2044,6244305053,2926095087,0,"[1316530145, 1316530146, 1319045370, 656974446, 666910992, 666910993, 666910995, 666910996, 666911000, 666911002]",['trunk'],False,"[ false, true ]",12763.345598644233,yes,NH27,,,,
POINT (501411.38370396016 2778013.8964952365),1,624.4874862895086,19.00222348192673,297.31617286189663,2926094673,2468741432,0,"[239060064, 566144644, 1424944040, 1424944041, 1319045367, 1319045368, 1319045369, 1319045370]",['trunk'],False,True,7472.82741254349,yes,NH27,,,,,11.698025457306862,8.054644584655762,2030,2926094673,2468741432,0,"[239060064, 566144644, 1424944040, 1424944041, 1319045367, 1319045368, 1319045369, 1319045370]",['trunk'],False,True,7472.82741254349,yes,NH27,,,,
POINT (501411.38370396016 2778013.8964952365),1,624.4874862895086,19.00222348192673,297.31617286189663,2468741432,2926094673,0,"[239060064, 566144644, 1424944040, 1424944041, 1319045367, 1319045368, 1319045369, 1319045370]",['trunk'],False,False,7472.827412543473,yes,NH27,,,,,11.698025457306862,8.054644584655762,2030,2926094673,2468741432,0,"[239060064, 566144644, 1424944040, 1424944041, 1319045367, 1319045368, 1319045369, 1319045370]",['trunk'],False,True,7472.82741254349,yes,NH27,,,,
POINT (501713.80912790325 2778124.6615724447),1,719.5329228814812,20.402731473667465,318.6879592854107,2926094673,2468741432,0,"[239060064, 566144644, 1424944040, 1424944041, 1319045367, 1319045368, 1319045369, 1319045370]",['trunk'],False,True,7472.82741254349,yes,NH27,,,,,181.06287914697052,8.054644584655762,2030,2926094673,2468741432,0,"[239060064, 566144644, 1424944040, 1424944041, 1319045367, 1319045368, 1319045369, 1319045370]",['trunk'],False,True,7472.82741254349,yes,NH27,,,,
POINT (501713.80912790325 2778124.6615724447),1,719.5329228814812,20.402731473667465,318.6879592854107,2468741432,2926094673,0,"[239060064, 566144644, 1424944040, 1424944041, 1319045367, 1319045368, 1319045369, 1319045370]",['trunk'],False,False,7472.827412543473,yes,NH27,,,,,181.06287914697052,8.054644584655762,2030,2926094673,2468741432,0,"[239060064, 566144644, 1424944040, 1424944041, 1319045367, 1319045368, 1319045369, 1319045370]",['trunk'],False,True,7472.82741254349,yes,NH27,,,,
POINT (501814.62143162277 2778124.6746433703),1,741.5635545131204,21.743982320755173,325.5046134690938,2926094673,2468741432,0,"[239060064, 566144644, 1424944040, 1424944041, 1319045367, 1319045368, 1319045369, 1319045370]",['trunk'],False,True,7472.82741254349,yes,NH27,,,,,210.90197767093602,8.054644584655762,2030,2926094673,2468741432,0,"[239060064, 566144644, 1424944040, 1424944041, 1319045367, 1319045368, 1319045369, 1319045370]",['trunk'],False,True,7472.82741254349,yes,NH27,,,,
POINT (501814.62143162277 2778124.6746433703),1,741.5635545131204,21.743982320755173,325.5046134690938,2468741432,2926094673,0,"[239060064, 566144644, 1424944040, 1424944041, 1319045367, 1319045368, 1319045369, 1319045370]",['trunk'],False,False,7472.827412543473,yes,NH27,,,,,210.90197767093602,8.054644584655762,2030,2926094673,2468741432,0,"[239060064, 566144644, 1424944040, 1424944041, 1319045367, 1319045368, 1319045369, 1319045370]",['trunk'],False,True,7472.82741254349,yes,NH27,,,,
POINT (502016.22963199875 2778235.433388995),1,748.24984294786,22.281645936761805,14.628118462207436,2926094673,2468741432,0,"[239060064, 566144644, 1424944040, 1424944041, 1319045367, 1319045368, 1319045369, 1319045370]",['trunk'],False,True,7472.82741254349,yes,NH27,,,,,179.20744477427368,8.054644584655762,2030,2926094673,2468741432,0,"[239060064, 566144644, 1424944040, 1424944041, 1319045367, 1319045368, 1319045369, 1319045370]",['trunk'],False,True,7472.82741254349,yes,NH27,,,,
POINT (502016.22963199875 2778235.433388995),1,748.24984294786,22.281645936761805,14.628118462207436,2468741432,2926094673,0,"[239060064, 566144644, 1424944040, 1424944041, 1319045367, 1319045368, 1319045369, 1319045370]",['trunk'],False,False,7472.827412543473,yes,NH27,,,,,179.20744477427368,8.054644584655762,2030,2926094673,2468741432,0,"[239060064, 566144644, 1424944040, 1424944041, 1319045367, 1319045368, 1319045369, 1319045370]",['trunk'],False,True,7472.82741254349,yes,NH27,,,,
POINT (491433.91458935535 2778348.7109701484),1,297.4207476556306,15.855797154934221,176.48039362668158,6244305053,2926095087,0,"[1316530145, 1316530146, 1319045370, 656974446, 666910992, 666910993, 666910995, 666910996, 666911000, 666911002]",['trunk'],False,"[ false, true ]",12763.345598644233,yes,NH27,,,,,1395.0035314006268,8.054644584655762,2044,6244305053,2926095087,0,"[1316530145, 1316530146, 1319045370, 656974446, 666910992, 666910993, 666910995, 666910996, 666911000, 666911002]",['trunk'],False,"[ false, true ]",12763.345598644233,yes,NH27,,,,
POINT (491433.91458935535 2778348.7109701484),1,297.4207476556306,15.855797154934221,176.48039362668158,2926095087,6244305053,0,"[1316530145, 1316530146, 666911002, 656974446, 666910992, 666910993, 666910995, 666910996, 666911000, 1319045370]",['trunk'],False,"[ false, true ]",12763.345598644211,yes,NH27,,,,,1395.0035314006268,8.054644584655762,2044,6244305053,2926095087,0,"[1316530145, 1316530146, 1319045370, 656974446, 666910992, 666910993, 666910995, 666910996, 666911000, 666911002]",['trunk'],False,"[ false, true ]",12763.345598644233,yes,NH27,,,,
POINT (502520.2460358707 2778456.9781946046),1,688.0271035439192,23.45546430758707,317.65039676952233,2926094673,2468741432,0,"[239060064, 566144644, 1424944040, 1424944041, 1319045367, 1319045368, 1319045369, 1319045370]",['trunk'],False,True,7472.82741254349,yes,NH27,,,,,62.62782853015545,8.054644584655762,2030,2926094673,2468741432,0,"[239060064, 566144644, 1424944040, 1424944041, 1319045367, 1319045368, 1319045369, 1319045370]",['trunk'],False,True,7472.82741254349,yes,NH27,,,,
POINT (502520.2460358707 2778456.9781946046),1,688.0271035439192,23.45546430758707,317.65039676952233,2468741432,2926094673,0,"[239060064, 566144644, 1424944040, 1424944041, 1319045367, 1319045368, 1319045369, 1319045370]",['trunk'],False,False,7472.827412543473,yes,NH27,,,,,62.62782853015545,8.054644584655762,2030,2926094673,2468741432,0,"[239060064, 566144644, 1424944040, 1424944041, 1319045367, 1319045368, 1319045369, 1319045370]",['trunk'],False,True,7472.82741254349,yes,NH27,,,,
POINT (502621.0558816762 2778456.9972424745),1,725.5175060555011,21.332601383459377,307.207051776103,2926094673,2468741432,0,"[239060064, 566144644, 1424944040, 1424944041, 1319045367, 1319045368, 1319045369, 1319045370]",['trunk'],False,True,7472.82741254349,yes,NH27,,,,,130.84385695263805,8.054644584655762,2030,2926094673,2468741432,0,"[239060064, 566144644, 1424944040, 1424944041, 1319045367, 1319045368, 1319045369, 1319045370]",['trunk'],False,True,7472.82741254349,yes,NH27,,,,
POINT (502621.0558816762 2778456.9972424745),1,725.5175060555011,21.332601383459377,307.207051776103,2468741432,2926094673,0,"[239060064, 566144644, 1424944040, 1424944041, 1319045367, 1319045368, 1319045369, 1319045370]",['trunk'],False,False,7472.827412543473,yes,NH27,,,,,130.84385695263805,8.054644584655762,2030,2926094673,2468741432,0,"[239060064, 566144644, 1424944040, 1424944041, 1319045367, 1319045368, 1319045369, 1319045370]",['trunk'],False,True,7472.82741254349,yes,NH27,,,,
POINT (503427.50677131326 2778567.906932616),1,709.9873766585017,36.84889788463021,220.7548721519655,5451398655,2468741426,0,"[1316252011, 1379309755, 1316252012]",['trunk'],True,False,2304.2881225441365,yes,NH27,['2'],,,,298.8267486738521,8.054644584655762,187,5451398655,2468741426,0,"[1316252011, 1379309755, 1316252012]",['trunk'],True,False,2304.2881225441365,yes,NH27,['2'],,,
POINT (503326.6977413401 2778567.8819082133),1,649.781969478871,42.62784408354394,230.13991122917864,5451398655,2468741426,0,"[1316252011, 1379309755, 1316252012]",['trunk'],True,False,2304.2881225441365,yes,NH27,['2'],,,,254.77040145649852,8.054644584655762,187,5451398655,2468741426,0,"[1316252011, 1379309755, 1316252012]",['trunk'],True,False,2304.2881225441365,yes,NH27,['2'],,,
POINT (490350.4587819009 2778715.511485712),1,272.1951889792535,20.562064089616847,133.34947592143774,6244305053,2926095087,0,"[1316530145, 1316530146, 1319045370, 656974446, 666910992, 666910993, 666910995, 666910996, 666911000, 666911002]",['trunk'],False,"[ false, true ]",12763.345598644233,yes,NH27,,,,,1673.343856709334,8.054644584655762,2044,6244305053,2926095087,0,"[1316530145, 1316530146, 1319045370, 656974446, 666910992, 666910993, 666910995, 666910996, 666911000, 666911002]",['trunk'],False,"[ false, true ]",12763.345598644233,yes,NH27,,,,
POINT (490350.4587819009 2778715.511485712),1,272.1951889792535,20.562064089616847,133.34947592143774,2926095087,6244305053,0,"[1316530145, 1316530146, 666911002, 656974446, 666910992, 666910993, 666910995, 666910996, 666911000, 1319045370]",['trunk'],False,"[ false, true ]",12763.345598644211,yes,NH27,,,,,1673.343856709334,8.054644584655762,2044,6244305053,2926095087,0,"[1316530145, 1316530146, 1319045370, 656974446, 666910992, 666910993, 666910995, 666910996, 666911000, 666911002]",['trunk'],False,"[ false, true ]",12763.345598644233,yes,NH27,,,,
POINT (498902.3047330731 2778742.8057155153),1,528.2106751903771,20.55138703646317,186.0622359254885,12527556985,12527589648,0,"[1353773258, 1353773260]",['unclassified'],False,True,11780.553771651212,,,,,,,298.16401749251986,8.054644584655762,1001,12527556985,12527589648,0,"[1353773258, 1353773260]",['unclassified'],False,True,11780.553771651212,,,,,,
POINT (498902.3047330731 2778742.8057155153),1,528.2106751903771,20.55138703646317,186.0622359254885,12527589648,12527556985,0,"[1353773258, 1353773260]",['unclassified'],False,False,11780.55377165122,,,,,,,298.16401749251986,8.054644584655762,1001,12527556985,12527589648,0,"[1353773258, 1353773260]",['unclassified'],False,True,11780.553771651212,,,,,,
POINT (497397.23947571404 2779238.7507781684),1,706.9564717449807,29.57654101947585,199.3948075730941,12527556985,12527589648,0,"[1353773258, 1353773260]",['unclassified'],False,True,11780.553771651212,,,,,,,373.16697148655874,6.778076648712158,1001,12527556985,12527589648,0,"[1353773258, 1353773260]",['unclassified'],False,True,11780.553771651212,,,,,,
POINT (497397.23947571404 2779238.7507781684),1,706.9564717449807,29.57654101947585,199.3948075730941,12527589648,12527556985,0,"[1353773258, 1353773260]",['unclassified'],False,False,11780.55377165122,,,,,,,373.16697148655874,6.778076648712158,1001,12527556985,12527589648,0,"[1353773258, 1353773260]",['unclassified'],False,True,11780.553771651212,,,,,,
POINT (527216.9489758845 2779369.8221898223),1,544.0233547443531,26.43254378354637,159.38536307179325,12197522498,12200325654,0,"[1317946659, 1317946660, 1317946661, 1318233509, 1318233488, 1318233489, 1318233491, 1318233492, 1318233493]",['tertiary'],False,"[ false, true ]",21587.602050418463,yes,NH137G,['1'],,,,1671.566048933047,4.997046947479248,891,12197522498,12200325654,0,"[1317946659, 1317946660, 1317946661, 1318233509, 1318233488, 1318233489, 1318233491, 1318233492, 1318233493]",['tertiary'],False,"[ false, true ]",21587.602050418463,yes,NH137G,['1'],,,
POINT (527216.9489758845 2779369.8221898223),1,544.0233547443531,26.43254378354637,159.38536307179325,12200325654,12197522498,0,"[1317946659, 1317946660, 1317946661, 1318233509, 1318233488, 1318233489, 1318233491, 1318233492, 1318233493]",['tertiary'],False,"[ false, true ]",21587.602050418496,yes,NH137G,['1'],,,,1671.566048933047,4.997046947479248,891,12197522498,12200325654,0,"[1317946659, 1317946660, 1317946661, 1318233509, 1318233488, 1318233489, 1318233491, 1318233492, 1318233493]",['tertiary'],False,"[ false, true ]",21587.602050418463,yes,NH137G,['1'],,,
POINT (529233.0299724783 2779374.006289941),1,987.5390058593149,32.634247521814395,123.71084171032969,12197522498,12200325654,0,"[1317946659, 1317946660, 1317946661, 1318233509, 1318233488, 1318233489, 1318233491, 1318233492, 1318233493]",['tertiary'],False,"[ false, true ]",21587.602050418463,yes,NH137G,['1'],,,,341.3851037299435,4.997046947479248,891,12197522498,12200325654,0,"[1317946659, 1317946660, 1317946661, 1318233509, 1318233488, 1318233489, 1318233491, 1318233492, 1318233493]",['tertiary'],False,"[ false, true ]",21587.602050418463,yes,NH137G,['1'],,,
POINT (529233.0299724783 2779374.006289941),1,987.5390058593149,32.634247521814395,123.71084171032969,12200325654,12197522498,0,"[1317946659, 1317946660, 1317946661, 1318233509, 1318233488, 1318233489, 1318233491, 1318233492, 1318233493]",['tertiary'],False,"[ false, true ]",21587.602050418496,yes,NH137G,['1'],,,,341.3851037299435,4.997046947479248,891,12197522498,12200325654,0,"[1317946659, 1317946660, 1317946661, 1318233509, 1318233488, 1318233489, 1318233491, 1318233492, 1318233493]",['tertiary'],False,"[ false, true ]",21587.602050418463,yes,NH137G,['1'],,,
POINT (504535.999911402 2779786.2671693224),1,661.2524030158717,11.2272437338588,330.052859877501,5451398655,2468741426,0,"[1316252011, 1379309755, 1316252012]",['trunk'],True,False,2304.2881225441365,yes,NH27,['2'],,,,70.49095052507676,6.778076648712158,187,5451398655,2468741426,0,"[1316252011, 1379309755, 1316252012]",['trunk'],True,False,2304.2881225441365,yes,NH27,['2'],,,
POINT (501912.37010796566 2779837.9099068036),1,750.1926380746995,15.021226661011287,104.88578804489359,12527109320,3878517081,0,384539385,['trunk'],False,False,673.1656902053293,,NH627,,,,,1.4245179698766384,6.778076648712158,967,12527109320,3878517081,0,384539385,['trunk'],False,False,673.1656902053293,,NH627,,,,
POINT (504031.96703055006 2779896.8389818133),1,617.9918183585961,14.603936955229722,282.38183589890195,2468741426,5451398382,0,"[1316252013, 1316252014, 1379309757]",['trunk'],True,False,2276.5941728160406,yes,NH27,,,,,373.42532015293966,6.778076648712158,4,2468741426,5451398382,0,"[1316252013, 1316252014, 1379309757]",['trunk'],True,False,2276.5941728160406,yes,NH27,,,,
POINT (504031.96703055006 2779896.8389818133),1,617.9918183585961,14.603936955229722,282.38183589890195,2468741426,5451398382,0,"[1316252013, 1316252014, 1379309757]",['trunk'],True,False,2276.5941728160406,yes,NH27,,,,,373.42532015293966,6.778076648712158,4,2468741426,5451398382,0,"[1316252013, 1316252014, 1379309757]",['trunk'],True,False,2276.5941728160406,yes,NH27,,,,
POINT (504031.93419463007 2780007.569596913),1,616.8648927972941,8.975052126052375,249.68057938058368,2468741426,5451398382,0,"[1316252013, 1316252014, 1379309757]",['trunk'],True,False,2276.5941728160406,yes,NH27,,,,,450.2240382230729,6.778076648712158,4,2468741426,5451398382,0,"[1316252013, 1316252014, 1379309757]",['trunk'],True,False,2276.5941728160406,yes,NH27,,,,
POINT (504031.90135748417 2780118.3002269557),1,633.9668930253841,12.843342041066283,220.88000209485241,5451398382,12770442918,0,"[566144643, 1379309737, 1379309738, 1379309743, 1379309744, 1379309756, 1379309757]",['trunk'],True,False,4854.2637769636885,yes,NH27,['2'],,,,442.75394941828176,6.778076648712158,183,5451398382,12770442918,0,"[566144643, 1379309737, 1379309738, 1379309743, 1379309744, 1379309756, 1379309757]",['trunk'],True,False,4854.2637769636885,yes,NH27,['2'],,,
POINT (503427.1161041371 2780118.134326101),1,644.3191667173922,22.988262809146693,243.0969646666794,3673625071,12531819223,0,197997806,['unclassified'],False,False,3835.841500376813,,,,,,,535.2192099926398,6.778076648712158,39,3673625071,12531819223,0,197997806,['unclassified'],False,False,3835.841500376813,,,,,,
POINT (503427.1161041371 2780118.134326101),1,644.3191667173922,22.988262809146693,243.0969646666794,12531819223,3673625071,0,197997806,['unclassified'],False,True,3835.8415003768137,,,,,,,535.2192099926398,6.778076648712158,39,3673625071,12531819223,0,197997806,['unclassified'],False,False,3835.841500376813,,,,,,
POINT (504031.90135748417 2780118.3002269557),1,633.9668930253841,12.843342041066283,220.88000209485241,5451398382,12770442918,0,"[566144643, 1379309737, 1379309738, 1379309743, 1379309744, 1379309756, 1379309757]",['trunk'],True,False,4854.2637769636885,yes,NH27,['2'],,,,442.75394941828176,6.778076648712158,183,5451398382,12770442918,0,"[566144643, 1379309737, 1379309738, 1379309743, 1379309744, 1379309756, 1379309757]",['trunk'],True,False,4854.2637769636885,yes,NH27,['2'],,,
POINT (501814.3555352148 2780117.8234488624),1,728.6597245306042,16.658060005657756,300.0433926546062,3878517081,12527109320,0,384539385,['trunk'],False,True,673.1656902053294,,NH627,,,,,49.00632134595741,6.778076648712158,52,3878517081,12527109320,0,384539385,['trunk'],False,True,673.1656902053294,,NH627,,,,
POINT (501814.3555352148 2780117.8234488624),1,728.6597245306042,16.658060005657756,300.0433926546062,12527109320,3878517081,0,384539385,['trunk'],False,False,673.1656902053293,,NH627,,,,,49.00632134595741,6.778076648712158,52,3878517081,12527109320,0,384539385,['trunk'],False,True,673.1656902053294,,NH627,,,,
POINT (502519.8972194168 2780339.3972014138),1,603.825947918223,12.118713253530732,92.66380301742669,3673625071,3878517081,0,1354189370,['residential'],False,True,1065.930995489151,,,,,,,143.85152465272918,6.778076648712158,41,3673625071,3878517081,0,1354189370,['residential'],False,True,1065.930995489151,,,,,,
POINT (502519.8972194168 2780339.3972014138),1,603.825947918223,12.118713253530732,92.66380301742669,3878517081,3673625071,0,1354189370,['residential'],False,False,1065.9309954891512,,,,,,,143.85152465272918,6.778076648712158,41,3673625071,3878517081,0,1354189370,['residential'],False,True,1065.930995489151,,,,,,
POINT (502519.8972194168 2780339.3972014138),1,603.825947918223,12.118713253530732,92.66380301742669,3673625071,3878517081,0,1354189370,['residential'],False,True,1065.930995489151,,,,,,,143.85152465272918,6.778076648712158,41,3673625071,3878517081,0,1354189370,['residential'],False,True,1065.930995489151,,,,,,
POINT (502519.8972194168 2780339.3972014138),1,603.825947918223,12.118713253530732,92.66380301742669,3878517081,3673625071,0,1354189370,['residential'],False,False,1065.9309954891512,,,,,,,143.85152465272918,6.778076648712158,41,3673625071,3878517081,0,1354189370,['residential'],False,True,1065.930995489151,,,,,,
POINT (504031.8356795148 2780339.761531871),1,638.6195801615813,14.755131656724991,99.90543169844648,5451398382,12770442918,0,"[566144643, 1379309737, 1379309738, 1379309743, 1379309744, 1379309756, 1379309757]",['trunk'],True,False,4854.2637769636885,yes,NH27,['2'],,,,430.59932034088826,6.778076648712158,183,5451398382,12770442918,0,"[566144643, 1379309737, 1379309738, 1379309743, 1379309744, 1379309756, 1379309757]",['trunk'],True,False,4854.2637769636885,yes,NH27,['2'],,,
POINT (501971.15457522403 2780406.9629949066),1,731.139879337619,26.65128690339433,111.7513004182748,3878517268,12527303242,0,384539385,['trunk'],False,True,1011.1484135555695,,NH627,,,,,3.5422262522498773,6.778076648712158,56,3878517268,12527303242,0,384539385,['trunk'],False,True,1011.1484135555695,,NH627,,,,
POINT (531246.5684777577 2780485.805600167),1,1055.2388931731507,22.216553465722896,149.8094321222903,12200346258,12200346260,0,1318233511,['residential'],False,False,176.26751877489258,,,,,,,499.01640728031333,4.997046947479248,905,12200346258,12200346260,0,1318233511,['residential'],False,False,176.26751877489258,,,,,,
POINT (531246.5684777577 2780485.805600167),1,1055.2388931731507,22.216553465722896,149.8094321222903,12200346260,12200346258,0,1318233511,['residential'],False,True,176.26751877489258,,,,,,,499.01640728031333,4.997046947479248,905,12200346258,12200346260,0,1318233511,['residential'],False,False,176.26751877489258,,,,,,
POINT (530238.6086291029 2780483.5260910336),1,1183.3602606276486,23.96930659663105,216.2419406552077,12200346232,6247910651,0,1318233510,['residential'],False,False,325.3437413059493,,,,,,,29.23092196134524,4.997046947479248,904,12200346232,6247910651,0,1318233510,['residential'],False,False,325.3437413059493,,,,,,
POINT (530238.6086291029 2780483.5260910336),1,1183.3602606276486,23.96930659663105,216.2419406552077,6247910651,12200346232,0,1318233510,['residential'],False,True,325.3437413059493,,,,,,,29.23092196134524,4.997046947479248,904,12200346232,6247910651,0,1318233510,['residential'],False,False,325.3437413059493,,,,,,
POINT (502055.1036417537 2780496.224348544),1,718.5171886393746,23.919559935152435,144.21526834692108,3878517268,12527303242,0,384539385,['trunk'],False,True,1011.1484135555695,,NH627,,,,,5.4116358996815315,6.778076648712158,56,3878517268,12527303242,0,384539385,['trunk'],False,True,1011.1484135555695,,NH627,,,,
POINT (502055.1036417537 2780496.224348544),1,718.5171886393746,23.919559935152435,144.21526834692108,12527303242,3878517268,0,384539385,['trunk'],False,False,1011.1484135555696,,NH627,,,,,5.4116358996815315,6.778076648712158,56,3878517268,12527303242,0,384539385,['trunk'],False,True,1011.1484135555695,,NH627,,,,
POINT (504031.73715336685 2780671.953601324),1,663.3420587755752,9.976502665344675,45.057308757042435,5451398382,12770442918,0,"[566144643, 1379309737, 1379309738, 1379309743, 1379309744, 1379309756, 1379309757]",['trunk'],True,False,4854.2637769636885,yes,NH27,['2'],,,,401.5952267732651,6.778076648712158,183,5451398382,12770442918,0,"[566144643, 1379309737, 1379309738, 1379309743, 1379309744, 1379309756, 1379309757]",['trunk'],True,False,4854.2637769636885,yes,NH27,['2'],,,
POINT (504031.73715336685 2780671.953601324),1,663.3420587755752,9.976502665344675,45.057308757042435,5451398382,12770442918,0,"[566144643, 1379309737, 1379309738, 1379309743, 1379309744, 1379309756, 1379309757]",['trunk'],True,False,4854.2637769636885,yes,NH27,['2'],,,,401.5952267732651,6.778076648712158,183,5451398382,12770442918,0,"[566144643, 1379309737, 1379309738, 1379309743, 1379309744, 1379309756, 1379309757]",['trunk'],True,False,4854.2637769636885,yes,NH27,['2'],,,
POINT (515924.9846882173 2781012.877826824),1,1293.519615647555,23.029796425616876,36.09982074281167,12205923119,6176986588,0,"[1318880722, 1317723906, 1317723911, 1318880719]",['unclassified' 'primary'],False,"[ false, true ]",20482.149425382428,,SH37;SH-022,['1'],,,,31.71732392065826,4.997046947479248,936,12205923119,6176986588,0,"[1318880722, 1317723906, 1317723911, 1318880719]",['unclassified' 'primary'],False,"[ false, true ]",20482.149425382428,,SH37;SH-022,['1'],,,
POINT (515924.9846882173 2781012.877826824),1,1293.519615647555,23.029796425616876,36.09982074281167,6176986588,12205923119,0,"[1318880722, 1317723906, 1318880719, 1317723911]",['unclassified' 'primary'],False,"[ false, true ]",20482.14942538242,,SH37;SH-022,['1'],,,,31.71732392065826,4.997046947479248,936,12205923119,6176986588,0,"[1318880722, 1317723906, 1317723911, 1318880719]",['unclassified' 'primary'],False,"[ false, true ]",20482.149425382428,,SH37;SH-022,['1'],,,
POINT (502939.76402806817 2781031.5484567513),1,536.8120871489973,28.17445278399221,101.97630169351412,3673625071,12531819223,0,197997806,['unclassified'],False,False,3835.841500376813,,,,,,,8.630935124545823,6.778076648712158,39,3673625071,12531819223,0,197997806,['unclassified'],False,False,3835.841500376813,,,,,,
POINT (502939.76402806817 2781031.5484567513),1,536.8120871489973,28.17445278399221,101.97630169351412,12531819223,3673625071,0,197997806,['unclassified'],False,True,3835.8415003768137,,,,,,,8.630935124545823,6.778076648712158,39,3673625071,12531819223,0,197997806,['unclassified'],False,False,3835.841500376813,,,,,,
POINT (502438.51942968275 2781099.1057704147),1,696.2360309682157,17.6360640252123,97.23727392165276,3878517458,3878517280,0,384539385,['trunk'],False,True,976.2356813202168,,NH627,,,,,5.325676287219817,6.778076648712158,61,3878517458,3878517280,0,384539385,['trunk'],False,True,976.2356813202168,,NH627,,,,
POINT (594963.6595764472 2781479.9629747793),1,,,,12785867486,12785834347,0,1381133556,['unclassified'],False,False,9168.357141098228,,,,,,,53907.078983235464,4.553165912628174,1690,12785867486,12785834347,0,1381133556,['unclassified'],False,False,9168.357141098228,,,,,,
POINT (594963.6595764472 2781479.9629747793),1,,,,12785834347,12785867486,0,1381133556,['unclassified'],False,True,9168.35714109823,,,,,,,53907.078983235464,4.553165912628174,1690,12785867486,12785834347,0,1381133556,['unclassified'],False,False,9168.357141098228,,,,,,
POINT (503121.6524922578 2781200.785635913),1,472.7806683232536,24.332219031097978,85.26730435034354,3673625071,12531819223,0,197997806,['unclassified'],False,False,3835.841500376813,,,,,,,6.815385197318736,6.778076648712158,39,3673625071,12531819223,0,197997806,['unclassified'],False,False,3835.841500376813,,,,,,
POINT (503121.6524922578 2781200.785635913),1,472.7806683232536,24.332219031097978,85.26730435034354,12531819223,3673625071,0,197997806,['unclassified'],False,True,3835.8415003768137,,,,,,,6.815385197318736,6.778076648712158,39,3673625071,12531819223,0,197997806,['unclassified'],False,False,3835.841500376813,,,,,,
POINT (503216.8476217453 2781416.068507705),1,452.8884587635421,25.898721162959287,138.94234105279622,3673625071,12531819223,0,197997806,['unclassified'],False,False,3835.841500376813,,,,,,,58.23888072491949,6.778076648712158,39,3673625071,12531819223,0,197997806,['unclassified'],False,False,3835.841500376813,,,,,,
POINT (503216.8476217453 2781416.068507705),1,452.8884587635421,25.898721162959287,138.94234105279622,12531819223,3673625071,0,197997806,['unclassified'],False,True,3835.8415003768137,,,,,,,58.23888072491949,6.778076648712158,39,3673625071,12531819223,0,197997806,['unclassified'],False,False,3835.841500376813,,,,,,
POINT (537291.3026426537 2781608.3744778824),1,,,,12200364894,6247910647,0,"[1318233506, 1318233507, 1318233508]",['tertiary' 'primary'],False,True,9891.024778612013,,NH137G,['1'],,,,5016.706442206603,4.997046947479248,930,12200364894,6247910647,0,"[1318233506, 1318233507, 1318233508]",['tertiary' 'primary'],False,True,9891.024778612013,,NH137G,['1'],,,
POINT (537291.3026426537 2781608.3744778824),1,,,,6247910647,12200364894,0,"[1318233506, 1318233507, 1318233508]",['tertiary' 'primary'],False,False,9891.02477861201,,NH137G,['1'],,,,5016.706442206603,4.997046947479248,930,12200364894,6247910647,0,"[1318233506, 1318233507, 1318233508]",['tertiary' 'primary'],False,True,9891.024778612013,,NH137G,['1'],,,
POINT (502603.6121259035 2781634.298352288),1,665.0862579361933,15.282504165517533,60.89379314029402,3878517280,3878517458,0,384539385,['trunk'],False,False,976.2356813202173,,NH627,,,,,3.1094957481188517,6.778076648712158,57,3878517280,3878517458,0,384539385,['trunk'],False,False,976.2356813202173,,NH627,,,,
POINT (502603.6121259035 2781634.298352288),1,665.0862579361933,15.282504165517533,60.89379314029402,3878517458,3878517280,0,384539385,['trunk'],False,True,976.2356813202168,,NH627,,,,,3.1094957481188517,6.778076648712158,57,3878517280,3878517458,0,384539385,['trunk'],False,False,976.2356813202173,,NH627,,,,
POINT (506752.4450197163 2782112.534164559),1,515.1641986695589,18.59970270417461,289.80543558060015,12770397883,12770428864,0,"[1379123744, 1379123745, 1379123746, 1379123743]",['residential' 'unclassified'],False,True,1520.5151829167999,yes,,,,,,69.84695681500934,6.778076648712158,1617,12770397883,12770428864,0,"[1379123744, 1379123745, 1379123746, 1379123743]",['residential' 'unclassified'],False,True,1520.5151829167999,yes,,,,,
POINT (506752.4450197163 2782112.534164559),1,515.1641986695589,18.59970270417461,289.80543558060015,12770428864,12770397883,0,"[1379123744, 1379123745, 1379123746, 1379123743]",['residential' 'unclassified'],False,False,1520.5151829168003,yes,,,,,,69.84695681500934,6.778076648712158,1617,12770397883,12770428864,0,"[1379123744, 1379123745, 1379123746, 1379123743]",['residential' 'unclassified'],False,True,1520.5151829167999,yes,,,,,
POINT (506752.4450197163 2782112.534164559),1,515.1641986695589,18.59970270417461,289.80543558060015,12770397883,12770428864,0,"[1379123744, 1379123745, 1379123746, 1379123743]",['residential' 'unclassified'],False,True,1520.5151829167999,yes,,,,,,69.84695681500934,6.778076648712158,1617,12770397883,12770428864,0,"[1379123744, 1379123745, 1379123746, 1379123743]",['residential' 'unclassified'],False,True,1520.5151829167999,yes,,,,,
POINT (506752.4450197163 2782112.534164559),1,515.1641986695589,18.59970270417461,289.80543558060015,12770428864,12770397883,0,"[1379123744, 1379123745, 1379123746, 1379123743]",['residential' 'unclassified'],False,False,1520.5151829168003,yes,,,,,,69.84695681500934,6.778076648712158,1617,12770397883,12770428864,0,"[1379123744, 1379123745, 1379123746, 1379123743]",['residential' 'unclassified'],False,True,1520.5151829167999,yes,,,,,
POINT (507357.1417904405 2782112.848195333),1,595.0421865785195,9.859730379743258,241.13810664723408,12772094280,12770428864,0,"[566144640, 1379309747, 1379309741, 1379309742]",['trunk'],True,False,2511.994686206741,yes,NH27,['2'],,,,536.5286954862388,6.778076648712158,1645,12772094280,12770428864,0,"[566144640, 1379309747, 1379309741, 1379309742]",['trunk'],True,False,2511.994686206741,yes,NH27,['2'],,,
POINT (502239.5830795303 2782178.6971609355),1,611.4646817263643,16.412630808291365,327.4471019254923,3878517458,3878517530,0,384539385,['trunk'],False,False,772.8983395020605,,NH627,,,,,2.1258370024379705,6.778076648712158,60,3878517458,3878517530,0,384539385,['trunk'],False,False,772.8983395020605,,NH627,,,,
POINT (502239.5830795303 2782178.6971609355),1,611.4646817263643,16.412630808291365,327.4471019254923,3878517530,3878517458,0,384539385,['trunk'],False,True,772.8983395020605,,NH627,,,,,2.1258370024379705,6.778076648712158,60,3878517458,3878517530,0,384539385,['trunk'],False,False,772.8983395020605,,NH627,,,,
POINT (502295.6159333198 2782190.997645157),1,613.7290697201124,19.828669330177842,83.63906810971073,3878517530,3878517458,0,384539385,['trunk'],False,True,772.8983395020605,,NH627,,,,,0.662073085477398,6.778076648712158,65,3878517530,3878517458,0,384539385,['trunk'],False,True,772.8983395020605,,NH627,,,,
POINT (501814.0746728823 2782221.70799628),1,592.9595228478611,13.851033869879153,216.11158034113902,3878517538,6240647870,0,1353773252,['unclassified'],False,False,759.2193096238065,,,,,,,30.33749627288668,6.778076648712158,71,3878517538,6240647870,0,1353773252,['unclassified'],False,False,759.2193096238065,,,,,,
POINT (501853.27296637645 2782264.787612617),1,610.6191186448036,18.769554504267052,198.2184279496645,3878517538,6240647870,0,1353773252,['unclassified'],False,False,759.2193096238065,,,,,,,19.423049239142784,6.778076648712158,71,3878517538,6240647870,0,1353773252,['unclassified'],False,False,759.2193096238065,,,,,,
POINT (501853.27296637645 2782264.787612617),1,610.6191186448036,18.769554504267052,198.2184279496645,6240647870,3878517538,0,1353773252,['unclassified'],False,True,759.2193096238061,,,,,,,19.423049239142784,6.778076648712158,71,3878517538,6240647870,0,1353773252,['unclassified'],False,False,759.2193096238065,,,,,,
POINT (501976.4249672311 2782286.2867708458),1,617.8626869871223,22.863591345286018,176.257232774464,3878517538,3878517536,0,384539385,['trunk'],False,True,49.17804411725257,,NH627,,,,,3.4309601513585677,6.778076648712158,70,3878517538,3878517536,0,384539385,['trunk'],False,True,49.17804411725257,,NH627,,,,
POINT (501976.4249672311 2782286.2867708458),1,617.8626869871223,22.863591345286018,176.257232774464,3878517536,3878517538,0,384539385,['trunk'],False,False,49.17804411725257,,NH627,,,,,3.4309601513585677,6.778076648712158,70,3878517538,3878517536,0,384539385,['trunk'],False,True,49.17804411725257,,NH627,,,,
POINT (501780.504217966 2782298.550809378),1,615.0451240041766,29.473762679365944,184.1690879708238,3878517538,6240647870,0,1353773252,['unclassified'],False,False,759.2193096238065,,,,,,,31.145520313648742,6.778076648712158,71,3878517538,6240647870,0,1353773252,['unclassified'],False,False,759.2193096238065,,,,,,
POINT (501780.504217966 2782298.550809378),1,615.0451240041766,29.473762679365944,184.1690879708238,6240647870,3878517538,0,1353773252,['unclassified'],False,True,759.2193096238061,,,,,,,31.145520313648742,6.778076648712158,71,3878517538,6240647870,0,1353773252,['unclassified'],False,False,759.2193096238065,,,,,,
POINT (506248.42921137705 2782333.754925523),1,505.64337812765723,13.182426288216645,42.32448032173069,12770428864,12772098020,0,"[566144640, 1379309736, 1379309735]",['trunk'],True,False,2569.792931069411,yes,NH27,['2'],,,,62.40236804774989,6.778076648712158,1628,12770428864,12772098020,0,"[566144640, 1379309736, 1379309735]",['trunk'],True,False,2569.792931069411,yes,NH27,['2'],,,
POINT (506651.55378782185 2782333.946345833),1,483.4603990704033,18.034466378696518,250.75650849861412,12770428864,12770397883,0,"[1379123744, 1379123745, 1379123746, 1379123743]",['residential' 'unclassified'],False,False,1520.5151829168003,yes,,,,,,48.81156794193222,6.778076648712158,1629,12770428864,12770397883,0,"[1379123744, 1379123745, 1379123746, 1379123743]",['residential' 'unclassified'],False,False,1520.5151829168003,yes,,,,,
POINT (501732.8283496231 2782347.8199045113),1,640.2660145792252,31.067745853688436,191.98989019772694,3878517538,3878517811,0,384539385,['trunk'],False,False,842.1158294893706,,NH627,,,,,0.4249214015234773,6.778076648712158,69,3878517538,3878517811,0,384539385,['trunk'],False,False,842.1158294893706,,NH627,,,,
POINT (501620.8577339528 2782372.388347789),1,643.7984048577107,26.455428543117325,200.53356340111233,3878517811,3878517538,0,384539385,['trunk'],False,True,842.1158294893705,,NH627,,,,,3.546257775871586,6.778076648712158,80,3878517811,3878517538,0,384539385,['trunk'],False,True,842.1158294893705,,NH627,,,,
POINT (501713.246193274 2782590.7611083495),1,683.4693023146651,5.956202737344792,20.70418431575844,3878517784,3878517785,0,384539385,['trunk'],False,True,107.84814598688487,,NH627,,,,,6.285218518344527,6.778076648712158,73,3878517784,3878517785,0,384539385,['trunk'],False,True,107.84814598688487,,NH627,,,,
POINT (501713.246193274 2782590.7611083495),1,683.4693023146651,5.956202737344792,20.70418431575844,3878517785,3878517784,0,384539385,['trunk'],False,False,107.84814598688487,,NH627,,,,,6.285218518344527,6.778076648712158,73,3878517784,3878517785,0,384539385,['trunk'],False,True,107.84814598688487,,NH627,,,,
POINT (502334.67320607865 2783046.0688274577),1,550.779878055868,18.95755611365273,107.5874873035584,12532104154,6240646018,0,666548731,['secondary'],False,True,448.67307278309335,,,,,,,5.739115338274053,6.778076648712158,1186,12532104154,6240646018,0,666548731,['secondary'],False,True,448.67307278309335,,,,,,
POINT (504050.56471256516 2783108.038705685),1,447.7450288798142,16.514282848828856,162.96589316573863,12532123046,12532104192,0,1354222444,['residential'],False,False,214.42624398809878,,,,,,,1398.964470245715,6.778076648712158,1205,12532123046,12532104192,0,1354222444,['residential'],False,False,214.42624398809878,,,,,,
POINT (504050.56471256516 2783108.038705685),1,447.7450288798142,16.514282848828856,162.96589316573863,12532104192,12532123046,0,1354222444,['residential'],False,True,214.4262439880988,,,,,,,1398.964470245715,6.778076648712158,1205,12532123046,12532104192,0,1354222444,['residential'],False,False,214.42624398809878,,,,,,
POINT (502564.0938397625 2783289.1648479565),1,512.2132273497303,13.784057891255841,52.93116292795201,12532123046,12532104192,0,1354222444,['residential'],False,False,214.42624398809878,,,,,,,28.237250124299383,6.778076648712158,1205,12532123046,12532104192,0,1354222444,['residential'],False,False,214.42624398809878,,,,,,
POINT (502564.0938397625 2783289.1648479565),1,512.2132273497303,13.784057891255841,52.93116292795201,12532104192,12532123046,0,1354222444,['residential'],False,True,214.4262439880988,,,,,,,28.237250124299383,6.778076648712158,1205,12532123046,12532104192,0,1354222444,['residential'],False,False,214.42624398809878,,,,,,
POINT (515619.55487675936 2783670.0751985065),1,954.8737691175518,11.200758155467055,12.027838219594509,12205923119,6176986588,0,"[1318880722, 1317723906, 1317723911, 1318880719]",['unclassified' 'primary'],False,"[ false, true ]",20482.149425382428,,SH37;SH-022,['1'],,,,20.41356230204525,4.997046947479248,936,12205923119,6176986588,0,"[1318880722, 1317723906, 1317723911, 1318880719]",['unclassified' 'primary'],False,"[ false, true ]",20482.149425382428,,SH37;SH-022,['1'],,,
POINT (515619.55487675936 2783670.0751985065),1,954.8737691175518,11.200758155467055,12.027838219594509,6176986588,12205923119,0,"[1318880722, 1317723906, 1318880719, 1317723911]",['unclassified' 'primary'],False,"[ false, true ]",20482.14942538242,,SH37;SH-022,['1'],,,,20.41356230204525,4.997046947479248,936,12205923119,6176986588,0,"[1318880722, 1317723906, 1317723911, 1318880719]",['unclassified' 'primary'],False,"[ false, true ]",20482.149425382428,,SH37;SH-022,['1'],,,
POINT (515720.3263580912 2783670.1915123267),1,951.9654898429326,8.925723727290267,28.80251528557052,12205923119,6176986588,0,"[1318880722, 1317723906, 1317723911, 1318880719]",['unclassified' 'primary'],False,"[ false, true ]",20482.149425382428,,SH37;SH-022,['1'],,,,107.53140251595738,4.997046947479248,936,12205923119,6176986588,0,"[1318880722, 1317723906, 1317723911, 1318880719]",['unclassified' 'primary'],False,"[ false, true ]",20482.149425382428,,SH37;SH-022,['1'],,,
POINT (536277.5049243992 2783820.2931157458),1,,,,12200364894,6247910647,0,"[1318233506, 1318233507, 1318233508]",['tertiary' 'primary'],False,True,9891.024778612013,,NH137G,['1'],,,,3752.975735350336,4.997046947479248,930,12200364894,6247910647,0,"[1318233506, 1318233507, 1318233508]",['tertiary' 'primary'],False,True,9891.024778612013,,NH137G,['1'],,,
POINT (536277.5049243992 2783820.2931157458),1,,,,6247910647,12200364894,0,"[1318233506, 1318233507, 1318233508]",['tertiary' 'primary'],False,False,9891.02477861201,,NH137G,['1'],,,,3752.975735350336,4.997046947479248,930,12200364894,6247910647,0,"[1318233506, 1318233507, 1318233508]",['tertiary' 'primary'],False,True,9891.024778612013,,NH137G,['1'],,,
POINT (529223.5022433851 2783803.275366311),1,700.5679371743664,33.48977789577152,275.7808453496801,12200364894,6247910647,0,"[1318233506, 1318233507, 1318233508]",['tertiary' 'primary'],False,True,9891.024778612013,,NH137G,['1'],,,,1425.3705102191414,4.997046947479248,930,12200364894,6247910647,0,"[1318233506, 1318233507, 1318233508]",['tertiary' 'primary'],False,True,9891.024778612013,,NH137G,['1'],,,
POINT (529223.5022433851 2783803.275366311),1,700.5679371743664,33.48977789577152,275.7808453496801,6247910647,12200364894,0,"[1318233506, 1318233507, 1318233508]",['tertiary' 'primary'],False,False,9891.02477861201,,NH137G,['1'],,,,1425.3705102191414,4.997046947479248,930,12200364894,6247910647,0,"[1318233506, 1318233507, 1318233508]",['tertiary' 'primary'],False,True,9891.024778612013,,NH137G,['1'],,,
POINT (500397.4324160316 2783980.9979086253),1,734.2090676433302,12.755620650412657,129.96488815896572,6240646571,6240646594,0,666548712,['tertiary'],False,True,465.8783115580791,,,,,,,184.09145294535227,6.778076648712158,367,6240646571,6240646594,0,666548712,['tertiary'],False,True,465.8783115580791,,,,,,
POINT (500397.4324160316 2783980.9979086253),1,734.2090676433302,12.755620650412657,129.96488815896572,6240646594,6240646571,0,666548712,['tertiary'],False,False,465.87831155807913,,,,,,,184.09145294535227,6.778076648712158,367,6240646571,6240646594,0,666548712,['tertiary'],False,True,465.8783115580791,,,,,,
POINT (502057.34485319915 2784331.833621333),1,580.3591266839885,31.696537488169767,92.5614073576115,12532128854,12532128734,0,666548731,['secondary'],False,True,202.46526839931627,,,,,,,2.4175289260817063,6.778076648712158,1266,12532128854,12532128734,0,666548731,['secondary'],False,True,202.46526839931627,,,,,,
POINT (502057.34485319915 2784331.833621333),1,580.3591266839885,31.696537488169767,92.5614073576115,12532128734,12532128854,0,666548731,['secondary'],False,False,202.46526839931633,,,,,,,2.4175289260817063,6.778076648712158,1266,12532128854,12532128734,0,666548731,['secondary'],False,True,202.46526839931627,,,,,,
POINT (502032.13809895114 2784433.2596056736),1,586.3629477297845,23.702540919657203,71.04485616291333,12531820743,12532128854,0,666548731,['secondary'],False,True,214.7447430890305,,,,,,,5.711807019326931,6.778076648712158,1172,12531820743,12532128854,0,666548731,['secondary'],False,True,214.7447430890305,,,,,,
POINT (511702.7710823366 2784484.3280468276),1,560.134932584598,16.176245193103597,19.457427525111708,7931238641,7931238755,0,850114312,['unclassified'],False,False,359.6499713919556,,,,,,,3.038188493786052,6.778076648712158,642,7931238641,7931238755,0,850114312,['unclassified'],False,False,359.6499713919556,,,,,,
POINT (502675.90835476154 2784538.012272095),1,450.9700505280871,20.547913075631218,156.11574755621487,12532129048,12532128350,0,1354222407,['residential'],False,True,164.4689698653952,,,,,,,75.16062925398452,6.778076648712158,1280,12532129048,12532128350,0,1354222407,['residential'],False,True,164.4689698653952,,,,,,
POINT (502675.90835476154 2784538.012272095),1,450.9700505280871,20.547913075631218,156.11574755621487,12532128350,12532129048,0,1354222407,['residential'],False,False,164.4689698653952,,,,,,,75.16062925398452,6.778076648712158,1280,12532129048,12532128350,0,1354222407,['residential'],False,True,164.4689698653952,,,,,,
POINT (502104.8726655898 2784550.2028576746),1,565.8410888562021,10.990084531067081,119.49215365130463,12532129113,12531820743,0,666548731,['secondary'],False,True,138.82880539871132,,,,,,,46.83134836376569,6.778076648712158,1288,12532129113,12531820743,0,666548731,['secondary'],False,True,138.82880539871132,,,,,,
POINT (502104.8726655898 2784550.2028576746),1,565.8410888562021,10.990084531067081,119.49215365130463,12531820743,12532129113,0,666548731,['secondary'],False,False,138.8288053987113,,,,,,,46.83134836376569,6.778076648712158,1288,12532129113,12531820743,0,666548731,['secondary'],False,True,138.82880539871132,,,,,,
POINT (502642.24036214396 2784602.561984206),1,476.97317344390103,15.992032033203737,166.23796350557313,12532129048,12532128350,0,1354222407,['residential'],False,True,164.4689698653952,,,,,,,22.516807152773023,6.778076648712158,1280,12532129048,12532128350,0,1354222407,['residential'],False,True,164.4689698653952,,,,,,
POINT (502642.24036214396 2784602.561984206),1,476.97317344390103,15.992032033203737,166.23796350557313,12532128350,12532129048,0,1354222407,['residential'],False,False,164.4689698653952,,,,,,,22.516807152773023,6.778076648712158,1280,12532129048,12532128350,0,1354222407,['residential'],False,True,164.4689698653952,,,,,,
POINT (507131.7562293207 2784865.6153693325),1,505.02597899994544,5.880873233550503,99.82540067157282,5451398232,2468742473,0,1379309750,['trunk'],True,False,634.8627334950926,,NH27,['2'],,,,456.34780130505084,6.778076648712158,181,5451398232,2468742473,0,1379309750,['trunk'],True,False,634.8627334950926,,NH27,['2'],,,
POINT (533251.6440350119 2784919.8746413356),1,868.7078356766506,29.04169490905607,109.07052351517103,12200364894,6247910647,0,"[1318233506, 1318233507, 1318233508]",['tertiary' 'primary'],False,True,9891.024778612013,,NH137G,['1'],,,,1122.9007129656914,4.997046947479248,930,12200364894,6247910647,0,"[1318233506, 1318233507, 1318233508]",['tertiary' 'primary'],False,True,9891.024778612013,,NH137G,['1'],,,
POINT (533251.6440350119 2784919.8746413356),1,868.7078356766506,29.04169490905607,109.07052351517103,6247910647,12200364894,0,"[1318233506, 1318233507, 1318233508]",['tertiary' 'primary'],False,False,9891.02477861201,,NH137G,['1'],,,,1122.9007129656914,4.997046947479248,930,12200364894,6247910647,0,"[1318233506, 1318233507, 1318233508]",['tertiary' 'primary'],False,True,9891.024778612013,,NH137G,['1'],,,
POINT (530228.7486688129 2784912.8036921527),1,876.0095912561633,31.613687747401688,260.42851606792055,12837598278,6247257605,0,1386682491,['residential'],False,True,1991.8096865793875,,,,,,,1534.3899644182748,4.997046947479248,1704,12837598278,6247257605,0,1386682491,['residential'],False,True,1991.8096865793875,,,,,,
POINT (530228.7486688129 2784912.8036921527),1,876.0095912561633,31.613687747401688,260.42851606792055,6247257605,12837598278,0,1386682491,['residential'],False,False,1991.8096865793868,,,,,,,1534.3899644182748,4.997046947479248,1704,12837598278,6247257605,0,1386682491,['residential'],False,True,1991.8096865793875,,,,,,
POINT (530228.7486688129 2784912.8036921527),1,876.0095912561633,31.613687747401688,260.42851606792055,12837598278,6247257605,0,1386682491,['residential'],False,True,1991.8096865793875,,,,,,,1534.3899644182748,4.997046947479248,1704,12837598278,6247257605,0,1386682491,['residential'],False,True,1991.8096865793875,,,,,,
POINT (530228.7486688129 2784912.8036921527),1,876.0095912561633,31.613687747401688,260.42851606792055,6247257605,12837598278,0,1386682491,['residential'],False,False,1991.8096865793868,,,,,,,1534.3899644182748,4.997046947479248,1704,12837598278,6247257605,0,1386682491,['residential'],False,True,1991.8096865793875,,,,,,
POINT (530228.7486688129 2784912.8036921527),1,876.0095912561633,31.613687747401688,260.42851606792055,12837598278,6247257605,0,1386682491,['residential'],False,True,1991.8096865793875,,,,,,,1534.3899644182748,4.997046947479248,1704,12837598278,6247257605,0,1386682491,['residential'],False,True,1991.8096865793875,,,,,,
POINT (530228.7486688129 2784912.8036921527),1,876.0095912561633,31.613687747401688,260.42851606792055,6247257605,12837598278,0,1386682491,['residential'],False,False,1991.8096865793868,,,,,,,1534.3899644182748,4.997046947479248,1704,12837598278,6247257605,0,1386682491,['residential'],False,True,1991.8096865793875,,,,,,
POINT (512659.20071373135 2785386.430463606),1,626.8548756566561,15.287397556893207,331.36430233184353,12290766722,7931239002,0,850114330,['residential'],False,True,348.8883781770749,,,,,,,137.48429676953018,4.997046947479248,946,12290766722,7931239002,0,850114330,['residential'],False,True,348.8883781770749,,,,,,
POINT (512659.20071373135 2785386.430463606),1,626.8548756566561,15.287397556893207,331.36430233184353,7931239002,12290766722,0,850114330,['residential'],False,False,348.8883781770751,,,,,,,137.48429676953018,4.997046947479248,946,12290766722,7931239002,0,850114330,['residential'],False,True,348.8883781770749,,,,,,
POINT (510478.7593224054 2785547.567876878),1,514.7140624047443,2.4750678540757276,294.4089622120826,12195786601,7869434931,0,"[1239837512, 843633969, 978242752]",['trunk'],False,False,3252.8269153022397,,NH27,,,,yes,69.37543187281892,6.778076648712158,880,12195786601,7869434931,0,"[1239837512, 843633969, 978242752]",['trunk'],False,False,3252.8269153022397,,NH27,,,,yes
POINT (510478.7593224054 2785547.567876878),1,514.7140624047443,2.4750678540757276,294.4089622120826,7869434931,12195786601,0,"[978242752, 843633969, 1239837512]",['trunk'],False,True,3252.826915302239,,NH27,,,,yes,69.37543187281892,6.778076648712158,880,12195786601,7869434931,0,"[1239837512, 843633969, 978242752]",['trunk'],False,False,3252.8269153022397,,NH27,,,,yes
POINT (512146.77473173046 2785687.3733942304),1,645.4501052079514,9.556488074873547,268.6494411850423,12195786373,12195779998,0,850114326,['primary'],False,False,992.6480587924085,,SH37,,,,,15.474776463865304,6.778076648712158,876,12195786373,12195779998,0,850114326,['primary'],False,False,992.6480587924085,,SH37,,,,
POINT (512146.77473173046 2785687.3733942304),1,645.4501052079514,9.556488074873547,268.6494411850423,12195779998,12195786373,0,850114326,['primary'],False,True,992.6480587924087,,SH37,,,,,15.474776463865304,6.778076648712158,876,12195786373,12195779998,0,850114326,['primary'],False,False,992.6480587924085,,SH37,,,,
POINT (506649.87190988474 2785766.6134886993),1,707.5896265546115,10.293784943667475,224.1461973092355,12776978629,12777302896,0,1380082636,['unclassified'],False,False,12832.137127775612,,,,,,,90.3112319753672,6.778076648712158,1658,12776978629,12777302896,0,1380082636,['unclassified'],False,False,12832.137127775612,,,,,,
POINT (506649.87190988474 2785766.6134886993),1,707.5896265546115,10.293784943667475,224.1461973092355,12777302896,12776978629,0,1380082636,['unclassified'],False,True,12832.137127775604,,,,,,,90.3112319753672,6.778076648712158,1658,12776978629,12777302896,0,1380082636,['unclassified'],False,False,12832.137127775612,,,,,,
POINT (501981.5536347354 2785814.292933385),1,515.4307038649456,25.912656121738127,51.67167303722556,6240646905,6240646932,0,"[1354171744, 1354154935, 1354171743]",['secondary'],False,True,540.2724947847564,yes,,,,,,0.3618348571058781,6.778076648712158,416,6240646905,6240646932,0,"[1354171744, 1354154935, 1354171743]",['secondary'],False,True,540.2724947847564,yes,,,,,
POINT (519344.94450025656 2785889.509935912),1,794.4513566013345,12.78566220818054,50.947967501271314,6247257622,6247257009,0,"[667234624, 667234633]",['secondary'],False,"[ false, true ]",8342.985523172616,,,,,,,359.64135707932513,4.997046947479248,569,6247257622,6247257009,0,"[667234624, 667234633]",['secondary'],False,"[ false, true ]",8342.985523172616,,,,,,
POINT (519344.94450025656 2785889.509935912),1,794.4513566013345,12.78566220818054,50.947967501271314,6247257009,6247257622,0,"[667234624, 667234633]",['secondary'],False,"[ false, true ]",8342.98552317262,,,,,,,359.64135707932513,4.997046947479248,569,6247257622,6247257009,0,"[667234624, 667234633]",['secondary'],False,"[ false, true ]",8342.985523172616,,,,,,
POINT (522770.62230739644 2785894.8283168823),1,1454.078131828607,20.271301774213157,267.52048637574325,6247257622,6247257009,0,"[667234624, 667234633]",['secondary'],False,"[ false, true ]",8342.985523172616,,,,,,,603.5372412547358,4.997046947479248,569,6247257622,6247257009,0,"[667234624, 667234633]",['secondary'],False,"[ false, true ]",8342.985523172616,,,,,,
POINT (522770.62230739644 2785894.8283168823),1,1454.078131828607,20.271301774213157,267.52048637574325,6247257009,6247257622,0,"[667234624, 667234633]",['secondary'],False,"[ false, true ]",8342.98552317262,,,,,,,603.5372412547358,4.997046947479248,569,6247257622,6247257009,0,"[667234624, 667234633]",['secondary'],False,"[ false, true ]",8342.985523172616,,,,,,
POINT (509714.4342243312 2785940.760352027),1,535.665808225832,26.470035896445555,172.27923696267274,10209168291,12195786601,0,1239837512,['trunk'],False,False,705.7747412986637,,NH27,,,,,246.6031139470846,6.778076648712158,707,10209168291,12195786601,0,1239837512,['trunk'],False,False,705.7747412986637,,NH27,,,,
POINT (519244.0322320134 2786000.098411203),1,797.8480906314759,11.339360500789738,44.77098026256552,6247257622,6247257009,0,"[667234624, 667234633]",['secondary'],False,"[ false, true ]",8342.985523172616,,,,,,,404.018615458913,4.997046947479248,569,6247257622,6247257009,0,"[667234624, 667234633]",['secondary'],False,"[ false, true ]",8342.985523172616,,,,,,
POINT (519244.0322320134 2786000.098411203),1,797.8480906314759,11.339360500789738,44.77098026256552,6247257009,6247257622,0,"[667234624, 667234633]",['secondary'],False,"[ false, true ]",8342.98552317262,,,,,,,404.018615458913,4.997046947479248,569,6247257622,6247257009,0,"[667234624, 667234633]",['secondary'],False,"[ false, true ]",8342.985523172616,,,,,,
POINT (530226.281380802 2786020.1268217526),1,725.9782142906411,20.429753990128678,310.8369102480098,12837598278,6247257605,0,1386682491,['residential'],False,True,1991.8096865793875,,,,,,,514.1565652280508,4.997046947479248,1704,12837598278,6247257605,0,1386682491,['residential'],False,True,1991.8096865793875,,,,,,
POINT (530226.281380802 2786020.1268217526),1,725.9782142906411,20.429753990128678,310.8369102480098,6247257605,12837598278,0,1386682491,['residential'],False,False,1991.8096865793868,,,,,,,514.1565652280508,4.997046947479248,1704,12837598278,6247257605,0,1386682491,['residential'],False,True,1991.8096865793875,,,,,,
POINT (530226.281380802 2786020.1268217526),1,725.9782142906411,20.429753990128678,310.8369102480098,12837598278,6247257605,0,1386682491,['residential'],False,True,1991.8096865793875,,,,,,,514.1565652280508,4.997046947479248,1704,12837598278,6247257605,0,1386682491,['residential'],False,True,1991.8096865793875,,,,,,
POINT (530226.281380802 2786020.1268217526),1,725.9782142906411,20.429753990128678,310.8369102480098,6247257605,12837598278,0,1386682491,['residential'],False,False,1991.8096865793868,,,,,,,514.1565652280508,4.997046947479248,1704,12837598278,6247257605,0,1386682491,['residential'],False,True,1991.8096865793875,,,,,,
POINT (530226.281380802 2786020.1268217526),1,725.9782142906411,20.429753990128678,310.8369102480098,12837598278,6247257605,0,1386682491,['residential'],False,True,1991.8096865793875,,,,,,,514.1565652280508,4.997046947479248,1704,12837598278,6247257605,0,1386682491,['residential'],False,True,1991.8096865793875,,,,,,
POINT (530226.281380802 2786020.1268217526),1,725.9782142906411,20.429753990128678,310.8369102480098,6247257605,12837598278,0,1386682491,['residential'],False,False,1991.8096865793868,,,,,,,514.1565652280508,4.997046947479248,1704,12837598278,6247257605,0,1386682491,['residential'],False,True,1991.8096865793875,,,,,,
POINT (519344.62863194075 2786110.9735600273),1,770.7701717582792,15.73676875214431,25.690465629647694,6247257622,6247257009,0,"[667234624, 667234633]",['secondary'],False,"[ false, true ]",8342.985523172616,,,,,,,547.0400380221281,4.997046947479248,569,6247257622,6247257009,0,"[667234624, 667234633]",['secondary'],False,"[ false, true ]",8342.985523172616,,,,,,
POINT (519344.62863194075 2786110.9735600273),1,770.7701717582792,15.73676875214431,25.690465629647694,6247257009,6247257622,0,"[667234624, 667234633]",['secondary'],False,"[ false, true ]",8342.98552317262,,,,,,,547.0400380221281,4.997046947479248,569,6247257622,6247257009,0,"[667234624, 667234633]",['secondary'],False,"[ false, true ]",8342.985523172616,,,,,,
POINT (512132.1918243224 2786333.2581217936),1,648.1962505231731,17.830177642696793,249.93047007558866,7869434966,12195786373,0,843633969,['trunk'],False,True,2203.253712279843,,NH27,,,,,61.03511494110578,6.778076648712158,628,7869434966,12195786373,0,843633969,['trunk'],False,True,2203.253712279843,,NH27,,,,
POINT (512132.1918243224 2786333.2581217936),1,648.1962505231731,17.830177642696793,249.93047007558866,12195786373,7869434966,0,843633969,['trunk'],False,False,2203.253712279843,,NH27,,,,,61.03511494110578,6.778076648712158,628,7869434966,12195786373,0,843633969,['trunk'],False,True,2203.253712279843,,NH27,,,,
POINT (501872.20881416055 2786727.811921094),1,447.75409877827417,22.383797335606566,43.15191403576736,12532287775,3878519404,0,384539365,['trunk'],False,False,1212.4057410122784,,NH627,,,,,10.927029490748188,6.778076648712158,1315,12532287775,3878519404,0,384539365,['trunk'],False,False,1212.4057410122784,,NH627,,,,
POINT (501872.20881416055 2786727.811921094),1,447.75409877827417,22.383797335606566,43.15191403576736,3878519404,12532287775,0,384539365,['trunk'],False,True,1212.4057410122787,,NH627,,,,,10.927029490748188,6.778076648712158,1315,12532287775,3878519404,0,384539365,['trunk'],False,False,1212.4057410122784,,NH627,,,,
POINT (501684.67424546566 2787063.0824278514),1,416.2327705808972,26.737673680172108,290.4911999541668,3878519404,12532287775,0,384539365,['trunk'],False,True,1212.4057410122787,,NH627,,,,,5.462782155255336,6.778076648712158,136,3878519404,12532287775,0,384539365,['trunk'],False,True,1212.4057410122787,,NH627,,,,
POINT (525186.4884046053 2787117.157116602),1,1188.0042428969882,21.169052794720663,77.84842057252396,5766102125,6247257622,0,"[667234624, 198004153, 667234627, 667234668]",['secondary'],False,"[ false, true ]",11390.506823785354,,,,,,,94.55977970398726,4.997046947479248,193,5766102125,6247257622,0,"[667234624, 198004153, 667234627, 667234668]",['secondary'],False,"[ false, true ]",11390.506823785354,,,,,,
POINT (525186.4884046053 2787117.157116602),1,1188.0042428969882,21.169052794720663,77.84842057252396,6247257622,5766102125,0,"[667234624, 198004153, 667234627, 667234668]",['secondary'],False,"[ false, true ]",11390.50682378533,,,,,,,94.55977970398726,4.997046947479248,193,5766102125,6247257622,0,"[667234624, 198004153, 667234627, 667234668]",['secondary'],False,"[ false, true ]",11390.506823785354,,,,,,
POINT (525186.4884046053 2787117.157116602),1,1188.0042428969882,21.169052794720663,77.84842057252396,5766102125,6247257622,0,"[667234624, 198004153, 667234627, 667234668]",['secondary'],False,"[ false, true ]",11390.506823785354,,,,,,,94.55977970398726,4.997046947479248,193,5766102125,6247257622,0,"[667234624, 198004153, 667234627, 667234668]",['secondary'],False,"[ false, true ]",11390.506823785354,,,,,,
POINT (525186.4884046053 2787117.157116602),1,1188.0042428969882,21.169052794720663,77.84842057252396,6247257622,5766102125,0,"[667234624, 198004153, 667234627, 667234668]",['secondary'],False,"[ false, true ]",11390.50682378533,,,,,,,94.55977970398726,4.997046947479248,193,5766102125,6247257622,0,"[667234624, 198004153, 667234627, 667234668]",['secondary'],False,"[ false, true ]",11390.506823785354,,,,,,
POINT (512290.88687477866 2787210.064447834),1,599.8899678967728,14.729137103652882,247.16575165382977,7869434966,12195786373,0,843633969,['trunk'],False,True,2203.253712279843,,NH27,,,,,233.82843678731908,6.778076648712158,628,7869434966,12195786373,0,843633969,['trunk'],False,True,2203.253712279843,,NH27,,,,
POINT (512290.88687477866 2787210.064447834),1,599.8899678967728,14.729137103652882,247.16575165382977,12195786373,7869434966,0,843633969,['trunk'],False,False,2203.253712279843,,NH27,,,,,233.82843678731908,6.778076648712158,628,7869434966,12195786373,0,843633969,['trunk'],False,True,2203.253712279843,,NH27,,,,
POINT (505943.805617376 2787537.9907049546),1,567.7828386757133,14.887526840113246,125.32180628837598,12776978629,12777302896,0,1380082636,['unclassified'],False,False,12832.137127775612,,,,,,,602.5461625733819,6.778076648712158,1658,12776978629,12777302896,0,1380082636,['unclassified'],False,False,12832.137127775612,,,,,,
POINT (505943.805617376 2787537.9907049546),1,567.7828386757133,14.887526840113246,125.32180628837598,12777302896,12776978629,0,1380082636,['unclassified'],False,True,12832.137127775604,,,,,,,602.5461625733819,6.778076648712158,1658,12776978629,12777302896,0,1380082636,['unclassified'],False,False,12832.137127775612,,,,,,
POINT (513991.96430413733 2787605.4761987445),1,600.4726409297743,16.35592508685126,153.16095257139392,3897171521,7869434966,0,"[843633969, 386397330, 386397334]",['trunk'],False,True,7113.676278732177,,NH27,,,,yes,6.836799462643612,4.997046947479248,164,3897171521,7869434966,0,"[843633969, 386397330, 386397334]",['trunk'],False,True,7113.676278732177,,NH27,,,,yes
POINT (513991.96430413733 2787605.4761987445),1,600.4726409297743,16.35592508685126,153.16095257139392,7869434966,3897171521,0,"[843633969, 386397330, 386397334]",['trunk'],False,False,7113.676278732173,,NH27,,,,yes,6.836799462643612,4.997046947479248,164,3897171521,7869434966,0,"[843633969, 386397330, 386397334]",['trunk'],False,True,7113.676278732177,,NH27,,,,yes
POINT (505943.75705964456 2787648.7223724793),1,568.4257521747513,9.30702184271717,63.21112230662685,12776978629,12777302896,0,1380082636,['unclassified'],False,False,12832.137127775612,,,,,,,555.8266792986041,6.778076648712158,1658,12776978629,12777302896,0,1380082636,['unclassified'],False,False,12832.137127775612,,,,,,
POINT (505943.75705964456 2787648.7223724793),1,568.4257521747513,9.30702184271717,63.21112230662685,12777302896,12776978629,0,1380082636,['unclassified'],False,True,12832.137127775604,,,,,,,555.8266792986041,6.778076648712158,1658,12776978629,12777302896,0,1380082636,['unclassified'],False,False,12832.137127775612,,,,,,
POINT (500805.93307089503 2787647.44308968),1,382.58406682950954,15.305067072734037,62.984345910387276,6240693296,3878519558,0,"[1354244933, 1354244934, 666552497, 666552498, 666552499, 666552501]",['unclassified'],False,True,3886.865552466903,yes,,,,,,29.695040109342482,6.778076648712158,481,6240693296,3878519558,0,"[1354244933, 1354244934, 666552497, 666552498, 666552499, 666552501]",['unclassified'],False,True,3886.865552466903,yes,,,,,
POINT (500805.93307089503 2787647.44308968),1,382.58406682950954,15.305067072734037,62.984345910387276,3878519558,6240693296,0,"[1354244933, 1354244934, 666552497, 666552498, 666552499, 666552501]",['unclassified'],False,False,3886.865552466906,yes,,,,,,29.695040109342482,6.778076648712158,481,6240693296,3878519558,0,"[1354244933, 1354244934, 666552497, 666552498, 666552499, 666552501]",['unclassified'],False,True,3886.865552466903,yes,,,,,
POINT (502028.8270352728 2787706.0372816552),1,339.15366618426197,16.06290570938356,203.99595176571987,12514391735,3878572310,0,384550870,['trunk'],False,False,1010.0103861641127,,NH627,,,,,3.681776625964174,6.778076648712158,951,12514391735,3878572310,0,384550870,['trunk'],False,False,1010.0103861641127,,NH627,,,,
POINT (512693.3487028904 2787764.094732146),1,775.8931873945088,20.88497903588803,252.14612998221213,12195786373,7869434966,0,843633969,['trunk'],False,False,2203.253712279843,,NH27,,,,,254.8636623734771,4.997046947479248,874,12195786373,7869434966,0,843633969,['trunk'],False,False,2203.253712279843,,NH27,,,,
POINT (512368.62095295783 2787917.6011335393),1,676.3263084523321,17.104471340493344,241.91349951754313,12195786373,7869434966,0,843633969,['trunk'],False,False,2203.253712279843,,NH27,,,,,6.440650772513887,6.778076648712158,874,12195786373,7869434966,0,843633969,['trunk'],False,False,2203.253712279843,,NH27,,,,
POINT (512189.4447107957 2787985.0960001945),1,671.7255582112774,18.134699029731035,180.00187766760632,7869434966,12777303023,0,1380116489,['unclassified'],False,False,647.6307935763076,,,,,,,77.77848276098085,6.778076648712158,629,7869434966,12777303023,0,1380116489,['unclassified'],False,False,647.6307935763076,,,,,,
POINT (512189.4447107957 2787985.0960001945),1,671.7255582112774,18.134699029731035,180.00187766760632,12777303023,7869434966,0,1380116489,['unclassified'],False,True,647.6307935763075,,,,,,,77.77848276098085,6.778076648712158,629,7869434966,12777303023,0,1380116489,['unclassified'],False,False,647.6307935763076,,,,,,
POINT (525184.4308109578 2788224.480255134),1,1205.0129309709907,21.897015515495696,222.0987188822583,5766102125,6247257622,0,"[667234624, 198004153, 667234627, 667234668]",['secondary'],False,"[ false, true ]",11390.506823785354,,,,,,,1198.9380775774277,4.997046947479248,193,5766102125,6247257622,0,"[667234624, 198004153, 667234627, 667234668]",['secondary'],False,"[ false, true ]",11390.506823785354,,,,,,
POINT (525184.4308109578 2788224.480255134),1,1205.0129309709907,21.897015515495696,222.0987188822583,6247257622,5766102125,0,"[667234624, 198004153, 667234627, 667234668]",['secondary'],False,"[ false, true ]",11390.50682378533,,,,,,,1198.9380775774277,4.997046947479248,193,5766102125,6247257622,0,"[667234624, 198004153, 667234627, 667234668]",['secondary'],False,"[ false, true ]",11390.506823785354,,,,,,
POINT (531228.7283885144 2788237.0616961415),1,867.837053626515,19.814882209548323,13.769002655910263,12200357872,5160769995,0,"[1411969912, 1411969913, 667234662]",['secondary'],False,True,5037.842040220645,yes,,,,,,214.56371831654621,4.997046947479248,910,12200357872,5160769995,0,"[1411969912, 1411969913, 667234662]",['secondary'],False,True,5037.842040220645,yes,,,,,
POINT (531228.7283885144 2788237.0616961415),1,867.837053626515,19.814882209548323,13.769002655910263,5160769995,12200357872,0,"[1411969912, 1411969913, 667234662]",['secondary'],False,False,5037.8420402206475,yes,,,,,,214.56371831654621,4.997046947479248,910,12200357872,5160769995,0,"[1411969912, 1411969913, 667234662]",['secondary'],False,True,5037.842040220645,yes,,,,,
POINT (531228.7283885144 2788237.0616961415),1,867.837053626515,19.814882209548323,13.769002655910263,12200357872,5160769995,0,"[1411969912, 1411969913, 667234662]",['secondary'],False,True,5037.842040220645,yes,,,,,,214.56371831654621,4.997046947479248,910,12200357872,5160769995,0,"[1411969912, 1411969913, 667234662]",['secondary'],False,True,5037.842040220645,yes,,,,,
POINT (531228.7283885144 2788237.0616961415),1,867.837053626515,19.814882209548323,13.769002655910263,5160769995,12200357872,0,"[1411969912, 1411969913, 667234662]",['secondary'],False,False,5037.8420402206475,yes,,,,,,214.56371831654621,4.997046947479248,910,12200357872,5160769995,0,"[1411969912, 1411969913, 667234662]",['secondary'],False,True,5037.842040220645,yes,,,,,
POINT (502176.95057688624 2788748.71017336),1,617.5544517889776,21.895090734345068,312.35579644271854,3878605546,3173586037,0,"[311653434, 384550870]",['trunk'],False,False,1226.4265090250985,,NH627,,,,,2.6188093538654607,6.778076648712158,144,3878605546,3173586037,0,"[311653434, 384550870]",['trunk'],False,False,1226.4265090250985,,NH627,,,,
POINT (498211.5059297604 2788963.140831415),1,660.7053173217869,6.086671872732019,76.94143466231571,12516640651,12516640697,0,1352734263,['tertiary'],False,False,4456.152273047688,,,,,,,27.433869582862208,6.778076648712158,956,12516640651,12516640697,0,1352734263,['tertiary'],False,False,4456.152273047688,,,,,,
POINT (498211.5059297604 2788963.140831415),1,660.7053173217869,6.086671872732019,76.94143466231571,12516640697,12516640651,0,1352734263,['tertiary'],False,True,4456.152273047687,,,,,,,27.433869582862208,6.778076648712158,956,12516640651,12516640697,0,1352734263,['tertiary'],False,False,4456.152273047688,,,,,,
POINT (501144.41399859486 2788970.04721308),1,481.0375149772449,31.647433287562503,310.99123665536246,12531666326,3878605546,0,384550870,['trunk'],False,False,2494.366329179981,,NH627,,,,,0.3555062287927471,6.778076648712158,1056,12531666326,3878605546,0,384550870,['trunk'],False,False,2494.366329179981,,NH627,,,,
POINT (501320.6778550407 2789142.361979178),1,496.18174450865223,30.01933343885122,311.1043086875336,12531666326,3878605546,0,384550870,['trunk'],False,False,2494.366329179981,,NH627,,,,,1.3406161620319175,6.778076648712158,1056,12531666326,3878605546,0,384550870,['trunk'],False,False,2494.366329179981,,NH627,,,,
POINT (529211.5725904856 2789339.895284944),1,881.8141441912569,3.428704087703239,228.762333481251,12837601700,5160769995,0,"[1386682596, 1386682597, 1386682598, 1386682599, 1386682600]",['unclassified'],False,True,6494.6348075478845,yes,,,,,,77.83546030717471,4.997046947479248,1708,12837601700,5160769995,0,"[1386682596, 1386682597, 1386682598, 1386682599, 1386682600]",['unclassified'],False,True,6494.6348075478845,yes,,,,,
POINT (529211.5725904856 2789339.895284944),1,881.8141441912569,3.428704087703239,228.762333481251,5160769995,12837601700,0,"[1386682596, 1386682597, 1386682598, 1386682599, 1386682600]",['unclassified'],False,False,6494.634807547881,yes,,,,,,77.83546030717471,4.997046947479248,1708,12837601700,5160769995,0,"[1386682596, 1386682597, 1386682598, 1386682599, 1386682600]",['unclassified'],False,True,6494.6348075478845,yes,,,,,
POINT (529211.5725904856 2789339.895284944),1,881.8141441912569,3.428704087703239,228.762333481251,12837601700,5160769995,0,"[1386682596, 1386682597, 1386682598, 1386682599, 1386682600]",['unclassified'],False,True,6494.6348075478845,yes,,,,,,77.83546030717471,4.997046947479248,1708,12837601700,5160769995,0,"[1386682596, 1386682597, 1386682598, 1386682599, 1386682600]",['unclassified'],False,True,6494.6348075478845,yes,,,,,
POINT (529211.5725904856 2789339.895284944),1,881.8141441912569,3.428704087703239,228.762333481251,5160769995,12837601700,0,"[1386682596, 1386682597, 1386682598, 1386682599, 1386682600]",['unclassified'],False,False,6494.634807547881,yes,,,,,,77.83546030717471,4.997046947479248,1708,12837601700,5160769995,0,"[1386682596, 1386682597, 1386682598, 1386682599, 1386682600]",['unclassified'],False,True,6494.6348075478845,yes,,,,,
POINT (534248.0857534264 2789351.6938427705),1,1292.0626599941593,20.261132446314516,14.679954807006592,12200357875,6247256674,0,1317946663,['tertiary'],False,True,1857.0975043624078,,NH137G,['1'],,,,176.25878583025684,4.997046947479248,913,12200357875,6247256674,0,1317946663,['tertiary'],False,True,1857.0975043624078,,NH137G,['1'],,,
POINT (534248.0857534264 2789351.6938427705),1,1292.0626599941593,20.261132446314516,14.679954807006592,6247256674,12200357875,0,1317946663,['tertiary'],False,False,1857.0975043624082,,NH137G,['1'],,,,176.25878583025684,4.997046947479248,913,12200357875,6247256674,0,1317946663,['tertiary'],False,True,1857.0975043624078,,NH137G,['1'],,,
POINT (534248.0857534264 2789351.6938427705),1,1292.0626599941593,20.261132446314516,14.679954807006592,12200357875,6247256674,0,1317946663,['tertiary'],False,True,1857.0975043624078,,NH137G,['1'],,,,176.25878583025684,4.997046947479248,913,12200357875,6247256674,0,1317946663,['tertiary'],False,True,1857.0975043624078,,NH137G,['1'],,,
POINT (534248.0857534264 2789351.6938427705),1,1292.0626599941593,20.261132446314516,14.679954807006592,6247256674,12200357875,0,1317946663,['tertiary'],False,False,1857.0975043624082,,NH137G,['1'],,,,176.25878583025684,4.997046947479248,913,12200357875,6247256674,0,1317946663,['tertiary'],False,True,1857.0975043624078,,NH137G,['1'],,,
POINT (535255.3903147298 2789354.278298725),1,1167.5979088721756,28.426423136812193,88.24136313994745,12200357875,6247256674,0,1317946663,['tertiary'],False,True,1857.0975043624078,,NH137G,['1'],,,,72.02214407390211,4.997046947479248,913,12200357875,6247256674,0,1317946663,['tertiary'],False,True,1857.0975043624078,,NH137G,['1'],,,
POINT (535255.3903147298 2789354.278298725),1,1167.5979088721756,28.426423136812193,88.24136313994745,6247256674,12200357875,0,1317946663,['tertiary'],False,False,1857.0975043624082,,NH137G,['1'],,,,72.02214407390211,4.997046947479248,913,12200357875,6247256674,0,1317946663,['tertiary'],False,True,1857.0975043624078,,NH137G,['1'],,,
POINT (532233.4786185754 2789346.7496761293),1,969.8431801365552,12.031245552268551,225.401067450457,12200357872,5160769995,0,"[1411969912, 1411969913, 667234662]",['secondary'],False,True,5037.842040220645,yes,,,,,,76.26646392173612,4.997046947479248,910,12200357872,5160769995,0,"[1411969912, 1411969913, 667234662]",['secondary'],False,True,5037.842040220645,yes,,,,,
POINT (532233.4786185754 2789346.7496761293),1,969.8431801365552,12.031245552268551,225.401067450457,5160769995,12200357872,0,"[1411969912, 1411969913, 667234662]",['secondary'],False,False,5037.8420402206475,yes,,,,,,76.26646392173612,4.997046947479248,910,12200357872,5160769995,0,"[1411969912, 1411969913, 667234662]",['secondary'],False,True,5037.842040220645,yes,,,,,
POINT (529211.5725904856 2789339.895284944),1,881.8141441912569,3.428704087703239,228.762333481251,12837601700,5160769995,0,"[1386682596, 1386682597, 1386682598, 1386682599, 1386682600]",['unclassified'],False,True,6494.6348075478845,yes,,,,,,77.83546030717471,4.997046947479248,1708,12837601700,5160769995,0,"[1386682596, 1386682597, 1386682598, 1386682599, 1386682600]",['unclassified'],False,True,6494.6348075478845,yes,,,,,
POINT (529211.5725904856 2789339.895284944),1,881.8141441912569,3.428704087703239,228.762333481251,5160769995,12837601700,0,"[1386682596, 1386682597, 1386682598, 1386682599, 1386682600]",['unclassified'],False,False,6494.634807547881,yes,,,,,,77.83546030717471,4.997046947479248,1708,12837601700,5160769995,0,"[1386682596, 1386682597, 1386682598, 1386682599, 1386682600]",['unclassified'],False,True,6494.6348075478845,yes,,,,,
POINT (522447.88026483794 2789800.711585953),1,619.3772266609258,15.993990070408024,246.86208857990198,6247256905,6247257622,0,667234629,['unclassified'],False,True,1274.5213583974646,,,,,,,3037.8942844049493,4.997046947479248,556,6247256905,6247257622,0,667234629,['unclassified'],False,True,1274.5213583974646,,,,,,
POINT (522447.88026483794 2789800.711585953),1,619.3772266609258,15.993990070408024,246.86208857990198,6247257622,6247256905,0,667234629,['unclassified'],False,False,1274.5213583974648,,,,,,,3037.8942844049493,4.997046947479248,556,6247256905,6247257622,0,667234629,['unclassified'],False,True,1274.5213583974646,,,,,,
POINT (515672.26439496723 2790375.6206171922),1,461.54198297707256,18.598360494792505,136.74065978430718,3897171521,7869434966,0,"[843633969, 386397330, 386397334]",['trunk'],False,True,7113.676278732177,,NH27,,,,yes,958.9089544533773,4.997046947479248,164,3897171521,7869434966,0,"[843633969, 386397330, 386397334]",['trunk'],False,True,7113.676278732177,,NH27,,,,yes
POINT (515672.26439496723 2790375.6206171922),1,461.54198297707256,18.598360494792505,136.74065978430718,7869434966,3897171521,0,"[843633969, 386397330, 386397334]",['trunk'],False,False,7113.676278732173,,NH27,,,,yes,958.9089544533773,4.997046947479248,164,3897171521,7869434966,0,"[843633969, 386397330, 386397334]",['trunk'],False,True,7113.676278732177,,NH27,,,,yes
POINT (534245.2853135101 2790459.0257140803),1,1300.0881328341275,25.804279853461065,179.8686838807875,13278608759,13278608738,0,1447248064,['unclassified'],False,False,254.9928499404051,,,,,,,117.36650017885796,4.997046947479248,1738,13278608759,13278608738,0,1447248064,['unclassified'],False,False,254.9928499404051,,,,,,
POINT (534245.2853135101 2790459.0257140803),1,1300.0881328341275,25.804279853461065,179.8686838807875,13278608738,13278608759,0,1447248064,['unclassified'],False,True,254.99284994040508,,,,,,,117.36650017885796,4.997046947479248,1738,13278608759,13278608738,0,1447248064,['unclassified'],False,False,254.9928499404051,,,,,,
POINT (529209.1839950613 2790447.2237494425),1,944.8908741292908,23.546187724891627,259.49573800638984,12837601700,5160769995,0,"[1386682596, 1386682597, 1386682598, 1386682599, 1386682600]",['unclassified'],False,True,6494.6348075478845,yes,,,,,,318.0176158291138,4.997046947479248,1708,12837601700,5160769995,0,"[1386682596, 1386682597, 1386682598, 1386682599, 1386682600]",['unclassified'],False,True,6494.6348075478845,yes,,,,,
POINT (529209.1839950613 2790447.2237494425),1,944.8908741292908,23.546187724891627,259.49573800638984,5160769995,12837601700,0,"[1386682596, 1386682597, 1386682598, 1386682599, 1386682600]",['unclassified'],False,False,6494.634807547881,yes,,,,,,318.0176158291138,4.997046947479248,1708,12837601700,5160769995,0,"[1386682596, 1386682597, 1386682598, 1386682599, 1386682600]",['unclassified'],False,True,6494.6348075478845,yes,,,,,
POINT (479985.9040263174 2791321.3530150778),1,1267.2605924553252,6.313908063060396,184.81963104987685,6244446253,12187250966,0,1316817062,['tertiary'],False,True,18111.095265319484,,,,,,,22.6119202248186,7.570275783538818,2059,6244446253,12187250966,0,1316817062,['tertiary'],False,True,18111.095265319484,,,,,,
POINT (479985.9040263174 2791321.3530150778),1,1267.2605924553252,6.313908063060396,184.81963104987685,12187250966,6244446253,0,1316817062,['tertiary'],False,False,18111.095265319484,,,,,,,22.6119202248186,7.570275783538818,2059,6244446253,12187250966,0,1316817062,['tertiary'],False,True,18111.095265319484,,,,,,
POINT (528199.6584364956 2791552.417506698),1,958.2940338717485,13.077678109934462,175.44367165949689,5160769995,12837601700,0,"[1386682596, 1386682597, 1386682598, 1386682599, 1386682600]",['unclassified'],False,False,6494.634807547881,yes,,,,,,115.51924775362198,4.997046947479248,176,5160769995,12837601700,0,"[1386682596, 1386682597, 1386682598, 1386682599, 1386682600]",['unclassified'],False,False,6494.634807547881,yes,,,,,
POINT (527192.5229119805 2791550.3562616184),1,1082.3273695959347,17.704261084360414,324.3334999615522,12837601700,5160769995,0,"[1386682596, 1386682597, 1386682598, 1386682599, 1386682600]",['unclassified'],False,True,6494.6348075478845,yes,,,,,,153.37342067055303,4.997046947479248,1708,12837601700,5160769995,0,"[1386682596, 1386682597, 1386682598, 1386682599, 1386682600]",['unclassified'],False,True,6494.6348075478845,yes,,,,,
POINT (527192.5229119805 2791550.3562616184),1,1082.3273695959347,17.704261084360414,324.3334999615522,5160769995,12837601700,0,"[1386682596, 1386682597, 1386682598, 1386682599, 1386682600]",['unclassified'],False,False,6494.634807547881,yes,,,,,,153.37342067055303,4.997046947479248,1708,12837601700,5160769995,0,"[1386682596, 1386682597, 1386682598, 1386682599, 1386682600]",['unclassified'],False,True,6494.6348075478845,yes,,,,,
POINT (527192.5229119805 2791550.3562616184),1,1082.3273695959347,17.704261084360414,324.3334999615522,12837601700,5160769995,0,"[1386682596, 1386682597, 1386682598, 1386682599, 1386682600]",['unclassified'],False,True,6494.6348075478845,yes,,,,,,153.37342067055303,4.997046947479248,1708,12837601700,5160769995,0,"[1386682596, 1386682597, 1386682598, 1386682599, 1386682600]",['unclassified'],False,True,6494.6348075478845,yes,,,,,
POINT (527192.5229119805 2791550.3562616184),1,1082.3273695959347,17.704261084360414,324.3334999615522,5160769995,12837601700,0,"[1386682596, 1386682597, 1386682598, 1386682599, 1386682600]",['unclassified'],False,False,6494.634807547881,yes,,,,,,153.37342067055303,4.997046947479248,1708,12837601700,5160769995,0,"[1386682596, 1386682597, 1386682598, 1386682599, 1386682600]",['unclassified'],False,True,6494.6348075478845,yes,,,,,
POINT (514099.5714863211 2791751.845817686),1,644.3017892888629,6.396847115072596,115.77153639208485,3897171521,5478266043,0,386397332,['trunk'],True,False,8499.960376621999,,NH27,,,,,309.6441671259674,4.997046947479248,163,3897171521,5478266043,0,386397332,['trunk'],True,False,8499.960376621999,,NH27,,,,
POINT (480827.3382403338 2793496.1469244496),1,1170.2886101756847,8.82303315625393,200.91128858279504,6244446253,12187250966,0,1316817062,['tertiary'],False,True,18111.095265319484,,,,,,,4.896961860379972,7.570275783538818,2059,6244446253,12187250966,0,1316817062,['tertiary'],False,True,18111.095265319484,,,,,,
POINT (480827.3382403338 2793496.1469244496),1,1170.2886101756847,8.82303315625393,200.91128858279504,12187250966,6244446253,0,1316817062,['tertiary'],False,False,18111.095265319484,,,,,,,4.896961860379972,7.570275783538818,2059,6244446253,12187250966,0,1316817062,['tertiary'],False,True,18111.095265319484,,,,,,
POINT (539332.1490500114 2794185.5663920026),1,831.3838640810086,27.615919101998323,231.35202979770108,12785867922,12785834347,0,"[1381133557, 1381133558, 1381133559, 1381133560, 1381133561]",['unclassified'],False,True,6357.524977951869,yes,,,,,,5.346083826673335,3.708545684814453,1694,12785867922,12785834347,0,"[1381133557, 1381133558, 1381133559, 1381133560, 1381133561]",['unclassified'],False,True,6357.524977951869,yes,,,,,
POINT (539332.1490500114 2794185.5663920026),1,831.3838640810086,27.615919101998323,231.35202979770108,12785834347,12785867922,0,"[1381133557, 1381133558, 1381133559, 1381133560, 1381133561]",['unclassified'],False,False,6357.524977951867,yes,,,,,,5.346083826673335,3.708545684814453,1694,12785867922,12785834347,0,"[1381133557, 1381133558, 1381133559, 1381133560, 1381133561]",['unclassified'],False,True,6357.524977951869,yes,,,,,
POINT (541236.8176826274 2794249.7106937123),1,848.5379816301743,30.457959834059118,183.63647380502957,12785834347,12785867486,0,1381133556,['unclassified'],False,True,9168.35714109823,,,,,,,2.825844672473292,3.708545684814453,1688,12785834347,12785867486,0,1381133556,['unclassified'],False,True,9168.35714109823,,,,,,
POINT (525469.547505347 2795807.144269538),1,860.1071062670032,22.36637836435697,140.16738361583262,12745192588,12745226117,0,1376534380,['unclassified'],False,True,7410.787567566354,,,,,,,4.788369948775768,4.997046947479248,1605,12745192588,12745226117,0,1376534380,['unclassified'],False,True,7410.787567566354,,,,,,
POINT (525491.805857944 2795856.462806822),1,872.6715484015099,25.662212301983242,154.1179593817373,12745226117,12745192588,0,1376534380,['unclassified'],False,False,7410.787567566349,,,,,,,8.472840158167454,4.997046947479248,1613,12745226117,12745192588,0,1376534380,['unclassified'],False,False,7410.787567566349,,,,,,
POINT (529811.7879876716 2796302.041577897),1,745.6110345605773,30.154487756624647,354.58090672057614,12745192588,12745202077,0,1376534380,['unclassified'],False,False,5357.542286669343,,,,,,,229.03382133525338,4.997046947479248,1604,12745192588,12745202077,0,1376534380,['unclassified'],False,False,5357.542286669343,,,,,,
POINT (529811.7879876716 2796302.041577897),1,745.6110345605773,30.154487756624647,354.58090672057614,12745202077,12745192588,0,1376534380,['unclassified'],False,True,5357.542286669342,,,,,,,229.03382133525338,4.997046947479248,1604,12745192588,12745202077,0,1376534380,['unclassified'],False,False,5357.542286669343,,,,,,
POINT (479782.6210986131 2797084.6541133933),1,1081.6011381327344,10.54718942893549,237.58938408961382,6244446253,12187250966,0,1316817062,['tertiary'],False,True,18111.095265319484,,,,,,,8.050946224582072,7.570275783538818,2059,6244446253,12187250966,0,1316817062,['tertiary'],False,True,18111.095265319484,,,,,,
POINT (479782.6210986131 2797084.6541133933),1,1081.6011381327344,10.54718942893549,237.58938408961382,12187250966,6244446253,0,1316817062,['tertiary'],False,False,18111.095265319484,,,,,,,8.050946224582072,7.570275783538818,2059,6244446253,12187250966,0,1316817062,['tertiary'],False,True,18111.095265319484,,,,,,
POINT (547412.4541891597 2799139.270940815),1,,,,13341514014,13341506699,0,1454785954,['unclassified'],False,False,146.3714355823725,,,,,,,4628.470955757787,3.708545684814453,1746,13341514014,13341506699,0,1454785954,['unclassified'],False,False,146.3714355823725,,,,,,
POINT (547412.4541891597 2799139.270940815),1,,,,13341506699,13341514014,0,1454785954,['unclassified'],False,True,146.3714355823725,,,,,,,4628.470955757787,3.708545684814453,1746,13341514014,13341506699,0,1454785954,['unclassified'],False,False,146.3714355823725,,,,,,
POINT (547378.4129509932 2799259.0794586716),1,,,,13341514014,13341506699,0,1454785954,['unclassified'],False,False,146.3714355823725,,,,,,,4650.2697316810345,3.708545684814453,1746,13341514014,13341506699,0,1454785954,['unclassified'],False,False,146.3714355823725,,,,,,
POINT (547378.4129509932 2799259.0794586716),1,,,,13341506699,13341514014,0,1454785954,['unclassified'],False,True,146.3714355823725,,,,,,,4650.2697316810345,3.708545684814453,1746,13341514014,13341506699,0,1454785954,['unclassified'],False,False,146.3714355823725,,,,,,
POINT (481691.4595805305 2800419.776715943),1,1012.7784632274415,7.764774953522871,172.67860716051118,12187250947,12187250966,0,1316817063,['unclassified'],False,True,476.3481343895165,,,,,,,401.7676603320084,7.570275783538818,2269,12187250947,12187250966,0,1316817063,['unclassified'],False,True,476.3481343895165,,,,,,
POINT (481691.4595805305 2800419.776715943),1,1012.7784632274415,7.764774953522871,172.67860716051118,12187250966,12187250947,0,1316817063,['unclassified'],False,False,476.3481343895164,,,,,,,401.7676603320084,7.570275783538818,2269,12187250947,12187250966,0,1316817063,['unclassified'],False,True,476.3481343895165,,,,,,
POINT (480627.0711105199 2800808.7223327016),1,1055.2045996422414,2.7686797913313823,314.5999308186583,12187250966,6244446253,0,1316817062,['tertiary'],False,False,18111.095265319484,,,,,,,6.029766407569996,7.570275783538818,2270,12187250966,6244446253,0,1316817062,['tertiary'],False,False,18111.095265319484,,,,,,
POINT (533619.5357436608 2801324.843888103),1,554.2384813195549,16.80288315159376,130.56737182527627,12637352529,12637353340,0,"[1364623497, 1364623498, 1364623499]",['unclassified'],False,False,6685.670328210373,,,,,,,1583.245413541708,4.997046947479248,1544,12637352529,12637353340,0,"[1364623497, 1364623498, 1364623499]",['unclassified'],False,False,6685.670328210373,,,,,,
POINT (533619.5357436608 2801324.843888103),1,554.2384813195549,16.80288315159376,130.56737182527627,12637353340,12637352529,0,"[1364623497, 1364623498, 1364623499]",['unclassified'],False,True,6685.6703282103745,,,,,,,1583.245413541708,4.997046947479248,1544,12637352529,12637353340,0,"[1364623497, 1364623498, 1364623499]",['unclassified'],False,False,6685.670328210373,,,,,,
POINT (533677.1182090355 2801761.7280993927),1,551.2880621289453,27.09280230248388,109.03154777766044,12637352529,12637353340,0,"[1364623497, 1364623498, 1364623499]",['unclassified'],False,False,6685.670328210373,,,,,,,1610.2872117455852,4.997046947479248,1544,12637352529,12637353340,0,"[1364623497, 1364623498, 1364623499]",['unclassified'],False,False,6685.670328210373,,,,,,
POINT (533677.1182090355 2801761.7280993927),1,551.2880621289453,27.09280230248388,109.03154777766044,12637353340,12637352529,0,"[1364623497, 1364623498, 1364623499]",['unclassified'],False,True,6685.6703282103745,,,,,,,1610.2872117455852,4.997046947479248,1544,12637352529,12637353340,0,"[1364623497, 1364623498, 1364623499]",['unclassified'],False,False,6685.670328210373,,,,,,
POINT (481939.2851637372 2802171.476310106),1,1014.0541319660333,6.6869684696050875,80.16092025173295,12187249935,12187250966,0,1316817096,['tertiary'],False,False,5298.594340293424,,,,,,,2.6026127399489507,7.570275783538818,2267,12187249935,12187250966,0,1316817096,['tertiary'],False,False,5298.594340293424,,,,,,
POINT (525929.8678014266 2805122.00907521),1,376.3827538545335,18.283847838290328,79.18533501633718,12527885618,6251457266,0,"[1353799885, 1353799886, 667660366, 667660368, 667660369, 1353799887]",['secondary'],False,False,18768.317961884473,yes,Nc-M-1,,,,,2.5005483281654386,4.997046947479248,1010,12527885618,6251457266,0,"[1353799885, 1353799886, 667660366, 667660368, 667660369, 1353799887]",['secondary'],False,False,18768.317961884473,yes,Nc-M-1,,,,
POINT (525929.8678014266 2805122.00907521),1,376.3827538545335,18.283847838290328,79.18533501633718,6251457266,12527885618,0,"[1353799885, 1353799886, 1353799887, 667660368, 667660369, 667660366]",['secondary'],False,True,18768.317961884473,yes,Nc-M-1,,,,,2.5005483281654386,4.997046947479248,1010,12527885618,6251457266,0,"[1353799885, 1353799886, 667660366, 667660368, 667660369, 1353799887]",['secondary'],False,False,18768.317961884473,yes,Nc-M-1,,,,
POINT (526188.2572335124 2805940.7318431833),1,360.3260056751012,22.597537920367962,130.8835334312949,12527885618,6251457266,0,"[1353799885, 1353799886, 667660366, 667660368, 667660369, 1353799887]",['secondary'],False,False,18768.317961884473,yes,Nc-M-1,,,,,8.108017971340947,4.997046947479248,1010,12527885618,6251457266,0,"[1353799885, 1353799886, 667660366, 667660368, 667660369, 1353799887]",['secondary'],False,False,18768.317961884473,yes,Nc-M-1,,,,
POINT (526188.2572335124 2805940.7318431833),1,360.3260056751012,22.597537920367962,130.8835334312949,6251457266,12527885618,0,"[1353799885, 1353799886, 1353799887, 667660368, 667660369, 667660366]",['secondary'],False,True,18768.317961884473,yes,Nc-M-1,,,,,8.108017971340947,4.997046947479248,1010,12527885618,6251457266,0,"[1353799885, 1353799886, 667660366, 667660368, 667660369, 1353799887]",['secondary'],False,False,18768.317961884473,yes,Nc-M-1,,,,
POINT (512070.96589833824 2807806.2449983363),1,315.3366737797665,18.13794350160954,37.61823456996323,12628374465,7869361469,0,"[1363831851, 843628173, 1363686576, 1363686578, 843631891, 843631892, 843631894, 843631895, 843631897, 843631899]",['trunk'],True,False,14976.661466194246,yes,NH27,,,,,4.812260696491114,3.475105047225952,1532,12628374465,7869361469,0,"[1363831851, 843628173, 1363686576, 1363686578, 843631891, 843631892, 843631894, 843631895, 843631897, 843631899]",['trunk'],True,False,14976.661466194246,yes,NH27,,,,
POINT (541282.2004119636 2808651.6651635175),1,510.1207742672632,19.67371759714283,97.95573217092303,12637355148,12637354659,0,"[1364623569, 1364623570, 1364623571]",['unclassified'],False,False,3353.176279518066,yes,,,,,,93.55889223271448,3.314725637435913,1557,12637355148,12637354659,0,"[1364623569, 1364623570, 1364623571]",['unclassified'],False,False,3353.176279518066,yes,,,,,
POINT (541282.2004119636 2808651.6651635175),1,510.1207742672632,19.67371759714283,97.95573217092303,12637354659,12637355148,0,"[1364623569, 1364623570, 1364623571]",['unclassified'],False,True,3353.176279518067,yes,,,,,,93.55889223271448,3.314725637435913,1557,12637355148,12637354659,0,"[1364623569, 1364623570, 1364623571]",['unclassified'],False,False,3353.176279518066,yes,,,,,
POINT (499021.01253155014 2808734.4632163113),1,400.80303252013357,18.201996580153743,48.97979229863903,12626405539,12626396368,0,384550868,['trunk'],False,True,1538.351829924833,,NH627,,,,,3.5519103445250972,3.475105047225952,1469,12626405539,12626396368,0,384550868,['trunk'],False,True,1538.351829924833,,NH627,,,,
POINT (499021.01253155014 2808734.4632163113),1,400.80303252013357,18.201996580153743,48.97979229863903,12626396368,12626405539,0,384550868,['trunk'],False,False,1538.3518299248324,,NH627,,,,,3.5519103445250972,3.475105047225952,1469,12626405539,12626396368,0,384550868,['trunk'],False,True,1538.351829924833,,NH627,,,,
POINT (529926.09166631 2809061.421926638),1,350.172359382625,14.0356999581463,273.2969010682415,6251456792,6251457266,0,"[667660353, 667660355, 667660357, 667660360, 667660364, 667660342, 667660345]",['secondary'],False,True,16213.67090978031,yes,Nc-M-1,,,,,1362.302251778489,3.0739004611968994,1894,6251456792,6251457266,0,"[667660353, 667660355, 667660357, 667660360, 667660364, 667660342, 667660345]",['secondary'],False,True,16213.67090978031,yes,Nc-M-1,,,,
POINT (529926.09166631 2809061.421926638),1,350.172359382625,14.0356999581463,273.2969010682415,6251457266,6251456792,0,"[667660353, 667660355, 667660357, 667660360, 667660364, 667660342, 667660345]",['secondary'],False,False,16213.67090978031,yes,Nc-M-1,,,,,1362.302251778489,3.0739004611968994,1894,6251456792,6251457266,0,"[667660353, 667660355, 667660357, 667660360, 667660364, 667660342, 667660345]",['secondary'],False,True,16213.67090978031,yes,Nc-M-1,,,,
POINT (540994.3586469135 2809561.266539085),1,487.80689396770674,16.787489823711887,47.96674317427801,12637355148,12637354659,0,"[1364623569, 1364623570, 1364623571]",['unclassified'],False,False,3353.176279518066,yes,,,,,,3.4647273889027934,3.314725637435913,1557,12637355148,12637354659,0,"[1364623569, 1364623570, 1364623571]",['unclassified'],False,False,3353.176279518066,yes,,,,,
POINT (539270.4699507304 2809571.5089758285),1,460.14412359640755,29.065137674402557,140.41658729520492,12637355148,4260245055,0,"[426764398, 1364623575, 1364623577, 667660317, 667660319]",['tertiary' 'unclassified'],False,"[ false, true ]",7591.068344480285,yes,,,,,,8.83981637726774,3.314725637435913,1559,12637355148,4260245055,0,"[426764398, 1364623575, 1364623577, 667660317, 667660319]",['tertiary' 'unclassified'],False,"[ false, true ]",7591.068344480285,yes,,,,,
POINT (539446.4758546632 2809575.12528951),1,451.6020015066493,20.43512005228041,174.3463275868783,4260245055,12637355148,0,"[426764398, 1364623575, 1364623577, 667660317, 667660319]",['unclassified' 'tertiary'],False,"[ false, true ]",7591.06834448029,yes,,,,,,1.1793618619340651,3.314725637435913,1872,4260245055,12637355148,0,"[426764398, 1364623575, 1364623577, 667660317, 667660319]",['unclassified' 'tertiary'],False,"[ false, true ]",7591.06834448029,yes,,,,,
POINT (539446.4758546632 2809575.12528951),1,451.6020015066493,20.43512005228041,174.3463275868783,12637355148,4260245055,0,"[426764398, 1364623575, 1364623577, 667660317, 667660319]",['tertiary' 'unclassified'],False,"[ false, true ]",7591.068344480285,yes,,,,,,1.1793618619340651,3.314725637435913,1872,4260245055,12637355148,0,"[426764398, 1364623575, 1364623577, 667660317, 667660319]",['unclassified' 'tertiary'],False,"[ false, true ]",7591.06834448029,yes,,,,,
POINT (513276.2038228407 2809689.8727252036),1,273.9621517132329,21.12875816625282,273.64231907793,12628374465,7869361469,0,"[1363831851, 843628173, 1363686576, 1363686578, 843631891, 843631892, 843631894, 843631895, 843631897, 843631899]",['trunk'],True,False,14976.661466194246,yes,NH27,,,,,25.307365952443025,3.0739004611968994,1532,12628374465,7869361469,0,"[1363831851, 843628173, 1363686576, 1363686578, 843631891, 843631892, 843631894, 843631895, 843631897, 843631899]",['trunk'],True,False,14976.661466194246,yes,NH27,,,,
POINT (513376.6709639628 2809800.7073297263),1,299.85978237506504,18.71390854513289,266.63000983277027,7869412358,12628374466,0,"[1363831853, 1363686577, 1363686579, 843631893, 843631896, 843631900]",['trunk'],True,False,13977.214526006808,yes,NH27,,,,,14.471789051913435,3.0739004611968994,1915,7869412358,12628374466,0,"[1363831853, 1363686577, 1363686579, 843631893, 843631896, 843631900]",['trunk'],True,False,13977.214526006808,yes,NH27,,,,
POINT (537434.1060945411 2809846.2092996053),1,431.1943355529347,10.309890798475433,247.03005442017542,4260245055,12637355148,0,"[426764398, 1364623575, 1364623577, 667660317, 667660319]",['unclassified' 'tertiary'],False,"[ false, true ]",7591.06834448029,yes,,,,,,732.7923100945588,3.0739004611968994,1872,4260245055,12637355148,0,"[426764398, 1364623575, 1364623577, 667660317, 667660319]",['unclassified' 'tertiary'],False,"[ false, true ]",7591.06834448029,yes,,,,,
POINT (537434.1060945411 2809846.2092996053),1,431.1943355529347,10.309890798475433,247.03005442017542,12637355148,4260245055,0,"[426764398, 1364623575, 1364623577, 667660317, 667660319]",['tertiary' 'unclassified'],False,"[ false, true ]",7591.068344480285,yes,,,,,,732.7923100945588,3.0739004611968994,1872,4260245055,12637355148,0,"[426764398, 1364623575, 1364623577, 667660317, 667660319]",['unclassified' 'tertiary'],False,"[ false, true ]",7591.06834448029,yes,,,,,
POINT (482727.4697814017 2810178.3295724173),1,894.73686351277,20.174692748536827,145.06299256683886,12187251357,3878590404,0,"[384547304, 384547305, 384547306, 384545268]",['trunk'],False,True,24098.021607759867,,NH627;SH-1020,,,,,1.4642239283607257,3.9780373573303223,3299,12187251357,3878590404,0,"[384547304, 384547305, 384547306, 384545268]",['trunk'],False,True,24098.021607759867,,NH627;SH-1020,,,,
POINT (528506.2291199412 2810211.539003455),1,282.02676838102565,12.329665167962613,107.06657391310841,6251456792,6251457266,0,"[667660353, 667660355, 667660357, 667660360, 667660364, 667660342, 667660345]",['secondary'],False,True,16213.67090978031,yes,Nc-M-1,,,,,0.19428405763788179,3.0739004611968994,1894,6251456792,6251457266,0,"[667660353, 667660355, 667660357, 667660360, 667660364, 667660342, 667660345]",['secondary'],False,True,16213.67090978031,yes,Nc-M-1,,,,
POINT (528562.4551331163 2810445.7545291944),1,272.19138613478185,15.517191584528682,87.55695640790063,6251456792,6251457266,0,"[667660353, 667660355, 667660357, 667660360, 667660364, 667660342, 667660345]",['secondary'],False,True,16213.67090978031,yes,Nc-M-1,,,,,5.3189942771962535,3.0739004611968994,1894,6251456792,6251457266,0,"[667660353, 667660355, 667660357, 667660360, 667660364, 667660342, 667660345]",['secondary'],False,True,16213.67090978031,yes,Nc-M-1,,,,
POINT (528583.4986431894 2811048.7575581907),1,273.8840174936936,19.621315851629063,249.02348997873995,6251456792,6251457266,0,"[667660353, 667660355, 667660357, 667660360, 667660364, 667660342, 667660345]",['secondary'],False,True,16213.67090978031,yes,Nc-M-1,,,,,367.91849708553303,3.0739004611968994,1894,6251456792,6251457266,0,"[667660353, 667660355, 667660357, 667660360, 667660364, 667660342, 667660345]",['secondary'],False,True,16213.67090978031,yes,Nc-M-1,,,,
POINT (528583.4986431894 2811048.7575581907),1,273.8840174936936,19.621315851629063,249.02348997873995,6251457266,6251456792,0,"[667660353, 667660355, 667660357, 667660360, 667660364, 667660342, 667660345]",['secondary'],False,False,16213.67090978031,yes,Nc-M-1,,,,,367.91849708553303,3.0739004611968994,1894,6251456792,6251457266,0,"[667660353, 667660355, 667660357, 667660360, 667660364, 667660342, 667660345]",['secondary'],False,True,16213.67090978031,yes,Nc-M-1,,,,
POINT (477739.72545340745 2811048.300678685),1,957.7180436137322,7.678069380577113,224.5334427809182,3878573975,12186828560,0,"[384545269, 1316993878]",['trunk'],False,True,7481.283986399139,,NH627,['1'],,,,7.083410264744112,3.9780373573303223,2538,3878573975,12186828560,0,"[384545269, 1316993878]",['trunk'],False,True,7481.283986399139,,NH627,['1'],,,
POINT (477739.72545340745 2811048.300678685),1,957.7180436137322,7.678069380577113,224.5334427809182,12186828560,3878573975,0,"[384545269, 1316993878]",['trunk'],False,False,7481.283986399141,,NH627,['1'],,,,7.083410264744112,3.9780373573303223,2538,3878573975,12186828560,0,"[384545269, 1316993878]",['trunk'],False,True,7481.283986399139,,NH627,['1'],,,
POINT (512981.3921940991 2811166.0144512155),1,381.9376691124001,6.023220102745409,311.70861454378166,7869412358,12628374466,0,"[1363831853, 1363686577, 1363686579, 843631893, 843631896, 843631900]",['trunk'],True,False,13977.214526006808,yes,NH27,,,,,9.54534678818748,3.0739004611968994,1915,7869412358,12628374466,0,"[1363831853, 1363686577, 1363686579, 843631893, 843631896, 843631900]",['trunk'],True,False,13977.214526006808,yes,NH27,,,,
POINT (537463.8284062006 2811233.606378904),1,402.701970152567,10.568024619246728,256.5037185479284,4260245055,12637355148,0,"[426764398, 1364623575, 1364623577, 667660317, 667660319]",['unclassified' 'tertiary'],False,"[ false, true ]",7591.06834448029,yes,,,,,,14.192888757830886,3.0739004611968994,1872,4260245055,12637355148,0,"[426764398, 1364623575, 1364623577, 667660317, 667660319]",['unclassified' 'tertiary'],False,"[ false, true ]",7591.06834448029,yes,,,,,
POINT (537463.8284062006 2811233.606378904),1,402.701970152567,10.568024619246728,256.5037185479284,12637355148,4260245055,0,"[426764398, 1364623575, 1364623577, 667660317, 667660319]",['tertiary' 'unclassified'],False,"[ false, true ]",7591.068344480285,yes,,,,,,14.192888757830886,3.0739004611968994,1872,4260245055,12637355148,0,"[426764398, 1364623575, 1364623577, 667660317, 667660319]",['unclassified' 'tertiary'],False,"[ false, true ]",7591.06834448029,yes,,,,,
POINT (500201.12795055535 2811455.069454945),1,272.3628017720109,2.113187039080173,79.0803210319109,12626405539,3878620636,0,384550868,['trunk'],False,False,3218.213195372039,,NH627,,,,,8.386674780821334,3.475105047225952,1468,12626405539,3878620636,0,384550868,['trunk'],False,False,3218.213195372039,,NH627,,,,
POINT (537340.0879818305 2811537.788887266),1,397.50351353705986,13.104038568832408,262.05982544155904,4260245055,12637355148,0,"[426764398, 1364623575, 1364623577, 667660317, 667660319]",['unclassified' 'tertiary'],False,"[ false, true ]",7591.06834448029,yes,,,,,,14.500240541231515,3.0739004611968994,1872,4260245055,12637355148,0,"[426764398, 1364623575, 1364623577, 667660317, 667660319]",['unclassified' 'tertiary'],False,"[ false, true ]",7591.06834448029,yes,,,,,
POINT (537340.0879818305 2811537.788887266),1,397.50351353705986,13.104038568832408,262.05982544155904,12637355148,4260245055,0,"[426764398, 1364623575, 1364623577, 667660317, 667660319]",['tertiary' 'unclassified'],False,"[ false, true ]",7591.068344480285,yes,,,,,,14.500240541231515,3.0739004611968994,1872,4260245055,12637355148,0,"[426764398, 1364623575, 1364623577, 667660317, 667660319]",['unclassified' 'tertiary'],False,"[ false, true ]",7591.06834448029,yes,,,,,
POINT (537314.7841678197 2811596.1877657035),1,388.2087723929495,10.873748900644324,281.8172072233425,4260245055,12637355148,0,"[426764398, 1364623575, 1364623577, 667660317, 667660319]",['unclassified' 'tertiary'],False,"[ false, true ]",7591.06834448029,yes,,,,,,14.913924067907015,3.0739004611968994,1872,4260245055,12637355148,0,"[426764398, 1364623575, 1364623577, 667660317, 667660319]",['unclassified' 'tertiary'],False,"[ false, true ]",7591.06834448029,yes,,,,,
POINT (537314.7841678197 2811596.1877657035),1,388.2087723929495,10.873748900644324,281.8172072233425,12637355148,4260245055,0,"[426764398, 1364623575, 1364623577, 667660317, 667660319]",['tertiary' 'unclassified'],False,"[ false, true ]",7591.068344480285,yes,,,,,,14.913924067907015,3.0739004611968994,1872,4260245055,12637355148,0,"[426764398, 1364623575, 1364623577, 667660317, 667660319]",['unclassified' 'tertiary'],False,"[ false, true ]",7591.06834448029,yes,,,,,
POINT (537244.7298056522 2811654.3517044857),1,385.4433686707962,4.506559469094616,252.82912452368424,4260245055,12637355148,0,"[426764398, 1364623575, 1364623577, 667660317, 667660319]",['unclassified' 'tertiary'],False,"[ false, true ]",7591.06834448029,yes,,,,,,3.2168591861694105,3.0739004611968994,1872,4260245055,12637355148,0,"[426764398, 1364623575, 1364623577, 667660317, 667660319]",['unclassified' 'tertiary'],False,"[ false, true ]",7591.06834448029,yes,,,,,
POINT (537244.7298056522 2811654.3517044857),1,385.4433686707962,4.506559469094616,252.82912452368424,12637355148,4260245055,0,"[426764398, 1364623575, 1364623577, 667660317, 667660319]",['tertiary' 'unclassified'],False,"[ false, true ]",7591.068344480285,yes,,,,,,3.2168591861694105,3.0739004611968994,1872,4260245055,12637355148,0,"[426764398, 1364623575, 1364623577, 667660317, 667660319]",['unclassified' 'tertiary'],False,"[ false, true ]",7591.06834448029,yes,,,,,
POINT (498905.78626535303 2811735.825487069),1,205.4625143541118,9.628379202033713,91.40559376716826,3878620601,6175513760,0,"[659589584, 659589581, 659589582, 659589583]",['primary'],False,True,14760.17869241614,yes,SH16;SH-020,,,SH16,,14.218759165617435,3.475105047225952,2550,3878620601,6175513760,0,"[659589584, 659589581, 659589582, 659589583]",['primary'],False,True,14760.17869241614,yes,SH16;SH-020,,,SH16,
POINT (498905.78626535303 2811735.825487069),1,205.4625143541118,9.628379202033713,91.40559376716826,6175513760,3878620601,0,"[659589584, 659589581, 659589582, 659589583]",['primary'],False,False,14760.178692416135,yes,SH16;SH-020,,,SH16,,14.218759165617435,3.475105047225952,2550,3878620601,6175513760,0,"[659589584, 659589581, 659589582, 659589583]",['primary'],False,True,14760.17869241614,yes,SH16;SH-020,,,SH16,
POINT (498493.79549036204 2811835.8590270253),1,257.954193466966,20.719419921571085,208.63929599199224,12626600171,3878620601,0,384547304,['trunk'],False,True,4635.65311100958,,NH627;SH-1020,,,,,0.27144827110313563,3.475105047225952,3336,12626600171,3878620601,0,384547304,['trunk'],False,True,4635.65311100958,,NH627;SH-1020,,,,
POINT (537179.7106587908 2811928.024591041),1,390.74551086345303,8.171376239588723,200.06473730590974,4260245055,12637355148,0,"[426764398, 1364623575, 1364623577, 667660317, 667660319]",['unclassified' 'tertiary'],False,"[ false, true ]",7591.06834448029,yes,,,,,,9.643751929391279,3.0739004611968994,1872,4260245055,12637355148,0,"[426764398, 1364623575, 1364623577, 667660317, 667660319]",['unclassified' 'tertiary'],False,"[ false, true ]",7591.06834448029,yes,,,,,
POINT (537179.7106587908 2811928.024591041),1,390.74551086345303,8.171376239588723,200.06473730590974,12637355148,4260245055,0,"[426764398, 1364623575, 1364623577, 667660317, 667660319]",['tertiary' 'unclassified'],False,"[ false, true ]",7591.068344480285,yes,,,,,,9.643751929391279,3.0739004611968994,1872,4260245055,12637355148,0,"[426764398, 1364623575, 1364623577, 667660317, 667660319]",['unclassified' 'tertiary'],False,"[ false, true ]",7591.06834448029,yes,,,,,
POINT (537149.0223449804 2811934.0301576303),1,393.3251446035598,12.384987932791745,180.12954391674367,4260245055,12637355148,0,"[426764398, 1364623575, 1364623577, 667660317, 667660319]",['unclassified' 'tertiary'],False,"[ false, true ]",7591.06834448029,yes,,,,,,8.093113500710636,3.0739004611968994,1872,4260245055,12637355148,0,"[426764398, 1364623575, 1364623577, 667660317, 667660319]",['unclassified' 'tertiary'],False,"[ false, true ]",7591.06834448029,yes,,,,,
POINT (537149.0223449804 2811934.0301576303),1,393.3251446035598,12.384987932791745,180.12954391674367,12637355148,4260245055,0,"[426764398, 1364623575, 1364623577, 667660317, 667660319]",['tertiary' 'unclassified'],False,"[ false, true ]",7591.068344480285,yes,,,,,,8.093113500710636,3.0739004611968994,1872,4260245055,12637355148,0,"[426764398, 1364623575, 1364623577, 667660317, 667660319]",['unclassified' 'tertiary'],False,"[ false, true ]",7591.06834448029,yes,,,,,
POINT (499999.9999999987 2811898.0075352853),1,254.26492260491554,23.169665687474236,240.88071534695658,3878620636,12626601430,0,384550868,['trunk'],False,False,3097.212961450373,,NH627,,,,,66.720907266378,3.475105047225952,160,3878620636,12626601430,0,384550868,['trunk'],False,False,3097.212961450373,,NH627,,,,
POINT (499999.9999999987 2811898.0075352853),1,254.26492260491554,23.169665687474236,240.88071534695658,12626601430,3878620636,0,384550868,['trunk'],False,True,3097.2129614503738,,NH627,,,,,66.720907266378,3.475105047225952,160,3878620636,12626601430,0,384550868,['trunk'],False,False,3097.212961450373,,NH627,,,,
POINT (536598.1511107064 2812114.0148688),1,379.57239302422744,11.674160559900853,234.98892302039567,4260245055,12637355148,0,"[426764398, 1364623575, 1364623577, 667660317, 667660319]",['unclassified' 'tertiary'],False,"[ false, true ]",7591.06834448029,yes,,,,,,6.07046222007738,3.0739004611968994,1872,4260245055,12637355148,0,"[426764398, 1364623575, 1364623577, 667660317, 667660319]",['unclassified' 'tertiary'],False,"[ false, true ]",7591.06834448029,yes,,,,,
POINT (536598.1511107064 2812114.0148688),1,379.57239302422744,11.674160559900853,234.98892302039567,12637355148,4260245055,0,"[426764398, 1364623575, 1364623577, 667660317, 667660319]",['tertiary' 'unclassified'],False,"[ false, true ]",7591.068344480285,yes,,,,,,6.07046222007738,3.0739004611968994,1872,4260245055,12637355148,0,"[426764398, 1364623575, 1364623577, 667660317, 667660319]",['unclassified' 'tertiary'],False,"[ false, true ]",7591.06834448029,yes,,,,,
POINT (536648.3978944259 2812126.443824944),1,387.28017747131764,12.785782658714941,202.59984120032746,4260245055,12637355148,0,"[426764398, 1364623575, 1364623577, 667660317, 667660319]",['unclassified' 'tertiary'],False,"[ false, true ]",7591.06834448029,yes,,,,,,13.12202641714948,3.0739004611968994,1872,4260245055,12637355148,0,"[426764398, 1364623575, 1364623577, 667660317, 667660319]",['unclassified' 'tertiary'],False,"[ false, true ]",7591.06834448029,yes,,,,,
POINT (536648.3978944259 2812126.443824944),1,387.28017747131764,12.785782658714941,202.59984120032746,12637355148,4260245055,0,"[426764398, 1364623575, 1364623577, 667660317, 667660319]",['tertiary' 'unclassified'],False,"[ false, true ]",7591.068344480285,yes,,,,,,13.12202641714948,3.0739004611968994,1872,4260245055,12637355148,0,"[426764398, 1364623575, 1364623577, 667660317, 667660319]",['unclassified' 'tertiary'],False,"[ false, true ]",7591.06834448029,yes,,,,,
POINT (531433.866279557 2812443.8758897707),1,366.9513703689167,6.499315708495595,170.34374614157815,6251456792,6251457266,0,"[667660353, 667660355, 667660357, 667660360, 667660364, 667660342, 667660345]",['secondary'],False,True,16213.67090978031,yes,Nc-M-1,,,,,15.806704450996527,3.0739004611968994,1894,6251456792,6251457266,0,"[667660353, 667660355, 667660357, 667660360, 667660364, 667660342, 667660345]",['secondary'],False,True,16213.67090978031,yes,Nc-M-1,,,,
POINT (531433.866279557 2812443.8758897707),1,366.9513703689167,6.499315708495595,170.34374614157815,6251457266,6251456792,0,"[667660353, 667660355, 667660357, 667660360, 667660364, 667660342, 667660345]",['secondary'],False,False,16213.67090978031,yes,Nc-M-1,,,,,15.806704450996527,3.0739004611968994,1894,6251456792,6251457266,0,"[667660353, 667660355, 667660357, 667660360, 667660364, 667660342, 667660345]",['secondary'],False,True,16213.67090978031,yes,Nc-M-1,,,,
POINT (533076.2367477926 2813035.39379492),1,421.0585429506827,16.324245039893068,217.98258784961777,6251456792,6251457266,0,"[667660353, 667660355, 667660357, 667660360, 667660364, 667660342, 667660345]",['secondary'],False,True,16213.67090978031,yes,Nc-M-1,,,,,359.44533390610343,3.0739004611968994,1894,6251456792,6251457266,0,"[667660353, 667660355, 667660357, 667660360, 667660364, 667660342, 667660345]",['secondary'],False,True,16213.67090978031,yes,Nc-M-1,,,,
POINT (533076.2367477926 2813035.39379492),1,421.0585429506827,16.324245039893068,217.98258784961777,6251457266,6251456792,0,"[667660353, 667660355, 667660357, 667660360, 667660364, 667660342, 667660345]",['secondary'],False,False,16213.67090978031,yes,Nc-M-1,,,,,359.44533390610343,3.0739004611968994,1894,6251456792,6251457266,0,"[667660353, 667660355, 667660357, 667660360, 667660364, 667660342, 667660345]",['secondary'],False,True,16213.67090978031,yes,Nc-M-1,,,,
POINT (488442.10781870974 2813013.769403051),1,628.4419276848982,10.346168250202613,83.66959186969851,12187251357,3878590404,0,"[384547304, 384547305, 384547306, 384545268]",['trunk'],False,True,24098.021607759867,,NH627;SH-1020,,,,,11.350314271750452,3.475105047225952,3299,12187251357,3878590404,0,"[384547304, 384547305, 384547306, 384545268]",['trunk'],False,True,24098.021607759867,,NH627;SH-1020,,,,
POINT (540818.2910865607 2813248.9583233744),1,400.992342602236,10.31679103809633,46.42739803280158,12527887242,12637355670,0,"[1353799881, 1353799882]",['secondary' 'unclassified'],False,"[ false, true ]",7261.969318875436,,Nc-M-1,,,,,281.4373369400483,3.314725637435913,1926,12527887242,12637355670,0,"[1353799881, 1353799882]",['secondary' 'unclassified'],False,"[ false, true ]",7261.969318875436,,Nc-M-1,,,,
POINT (545845.8262127703 2813295.9849773934),1,,,,12637355670,12637355208,0,"[1364623578, 1364623579]",['residential' 'unclassified'],False,False,4991.465614228053,,,,,,,1943.899745541424,3.314725637435913,1969,12637355670,12637355208,0,"[1364623578, 1364623579]",['residential' 'unclassified'],False,False,4991.465614228053,,,,,,
POINT (545845.8262127703 2813295.9849773934),1,,,,12637355208,12637355670,0,"[1364623578, 1364623579]",['residential' 'unclassified'],False,True,4991.46561422805,,,,,,,1943.899745541424,3.314725637435913,1969,12637355670,12637355208,0,"[1364623578, 1364623579]",['residential' 'unclassified'],False,False,4991.465614228053,,,,,,
POINT (540454.9081321295 2813343.202738339),1,371.2598891049129,7.604347262023989,33.32209940623599,12637355670,12527887242,0,"[1353799881, 1353799882]",['secondary' 'unclassified'],False,"[ false, true ]",7261.969318875431,,Nc-M-1,,,,,79.82543297886414,3.314725637435913,1967,12637355670,12527887242,0,"[1353799881, 1353799882]",['secondary' 'unclassified'],False,"[ false, true ]",7261.969318875431,,Nc-M-1,,,,
POINT (540454.9081321295 2813343.202738339),1,371.2598891049129,7.604347262023989,33.32209940623599,12527887242,12637355670,0,"[1353799881, 1353799882]",['secondary' 'unclassified'],False,"[ false, true ]",7261.969318875436,,Nc-M-1,,,,,79.82543297886414,3.314725637435913,1967,12637355670,12527887242,0,"[1353799881, 1353799882]",['secondary' 'unclassified'],False,"[ false, true ]",7261.969318875431,,Nc-M-1,,,,
POINT (540873.8983442676 2813347.573655707),1,386.51158715010206,11.780813472386788,34.52509564309249,12637355670,12527887242,0,"[1353799881, 1353799882]",['secondary' 'unclassified'],False,"[ false, true ]",7261.969318875431,,Nc-M-1,,,,,217.22307137678766,3.314725637435913,1967,12637355670,12527887242,0,"[1353799881, 1353799882]",['secondary' 'unclassified'],False,"[ false, true ]",7261.969318875431,,Nc-M-1,,,,
POINT (540815.239203277 2813359.6869379873),1,386.7618077675694,12.907968675370151,220.76153998587077,12637355670,12527887242,0,"[1353799881, 1353799882]",['secondary' 'unclassified'],False,"[ false, true ]",7261.969318875431,,Nc-M-1,,,,,176.94641429950025,3.314725637435913,1967,12637355670,12527887242,0,"[1353799881, 1353799882]",['secondary' 'unclassified'],False,"[ false, true ]",7261.969318875431,,Nc-M-1,,,,
POINT (540815.239203277 2813359.6869379873),1,386.7618077675694,12.907968675370151,220.76153998587077,12527887242,12637355670,0,"[1353799881, 1353799882]",['secondary' 'unclassified'],False,"[ false, true ]",7261.969318875436,,Nc-M-1,,,,,176.94641429950025,3.314725637435913,1967,12637355670,12527887242,0,"[1353799881, 1353799882]",['secondary' 'unclassified'],False,"[ false, true ]",7261.969318875431,,Nc-M-1,,,,
POINT (540516.2804257604 2813364.8711293056),1,370.31902318125583,5.124436143025532,322.51763149916707,12637355670,12527887242,0,"[1353799881, 1353799882]",['secondary' 'unclassified'],False,"[ false, true ]",7261.969318875431,,Nc-M-1,,,,,70.32422719431399,3.314725637435913,1967,12637355670,12527887242,0,"[1353799881, 1353799882]",['secondary' 'unclassified'],False,"[ false, true ]",7261.969318875431,,Nc-M-1,,,,
POINT (540516.2804257604 2813364.8711293056),1,370.31902318125583,5.124436143025532,322.51763149916707,12527887242,12637355670,0,"[1353799881, 1353799882]",['secondary' 'unclassified'],False,"[ false, true ]",7261.969318875436,,Nc-M-1,,,,,70.32422719431399,3.314725637435913,1967,12637355670,12527887242,0,"[1353799881, 1353799882]",['secondary' 'unclassified'],False,"[ false, true ]",7261.969318875431,,Nc-M-1,,,,
POINT (540681.0285863518 2813383.8630223656),1,384.94066241775266,13.748015442786613,341.25525243910903,12637355670,12527887242,0,"[1353799881, 1353799882]",['secondary' 'unclassified'],False,"[ false, true ]",7261.969318875431,,Nc-M-1,,,,,110.43985814208435,3.314725637435913,1967,12637355670,12527887242,0,"[1353799881, 1353799882]",['secondary' 'unclassified'],False,"[ false, true ]",7261.969318875431,,Nc-M-1,,,,
POINT (545661.1152523712 2813412.1841524285),1,,,,12637355670,12637355208,0,"[1364623578, 1364623579]",['residential' 'unclassified'],False,False,4991.465614228053,,,,,,,1760.3368208250613,3.314725637435913,1969,12637355670,12637355208,0,"[1364623578, 1364623579]",['residential' 'unclassified'],False,False,4991.465614228053,,,,,,
POINT (545661.1152523712 2813412.1841524285),1,,,,12637355208,12637355670,0,"[1364623578, 1364623579]",['residential' 'unclassified'],False,True,4991.46561422805,,,,,,,1760.3368208250613,3.314725637435913,1969,12637355670,12637355208,0,"[1364623578, 1364623579]",['residential' 'unclassified'],False,False,4991.465614228053,,,,,,
POINT (540586.0241314938 2813411.259681408),1,370.6441875241861,2.4179024580864774,279.7496914735924,12527887242,12637355670,0,"[1353799881, 1353799882]",['secondary' 'unclassified'],False,"[ false, true ]",7261.969318875436,,Nc-M-1,,,,,44.108001385588494,3.314725637435913,1926,12527887242,12637355670,0,"[1353799881, 1353799882]",['secondary' 'unclassified'],False,"[ false, true ]",7261.969318875436,,Nc-M-1,,,,
POINT (540666.8373711441 2813454.5815040413),1,373.3782773911523,2.816665208609867,249.57378347531085,12637355670,12527887242,0,"[1353799881, 1353799882]",['secondary' 'unclassified'],False,"[ false, true ]",7261.969318875431,,Nc-M-1,,,,,42.71287391388952,3.314725637435913,1967,12637355670,12527887242,0,"[1353799881, 1353799882]",['secondary' 'unclassified'],False,"[ false, true ]",7261.969318875431,,Nc-M-1,,,,
POINT (540666.8373711441 2813454.5815040413),1,373.3782773911523,2.816665208609867,249.57378347531085,12527887242,12637355670,0,"[1353799881, 1353799882]",['secondary' 'unclassified'],False,"[ false, true ]",7261.969318875436,,Nc-M-1,,,,,42.71287391388952,3.314725637435913,1967,12637355670,12527887242,0,"[1353799881, 1353799882]",['secondary' 'unclassified'],False,"[ false, true ]",7261.969318875431,,Nc-M-1,,,,
POINT (535181.2218470824 2813463.654455828),1,389.57663839242196,8.820014944159361,110.90783975791393,6251456748,6251456792,0,667660329,['secondary'],False,True,827.5040521519327,,Nc-M-1,,,,,32.54355658342903,3.0739004611968994,1889,6251456748,6251456792,0,667660329,['secondary'],False,True,827.5040521519327,,Nc-M-1,,,,
POINT (535181.2218470824 2813463.654455828),1,389.57663839242196,8.820014944159361,110.90783975791393,6251456792,6251456748,0,667660329,['secondary'],False,False,827.5040521519328,,Nc-M-1,,,,,32.54355658342903,3.0739004611968994,1889,6251456748,6251456792,0,667660329,['secondary'],False,True,827.5040521519327,,Nc-M-1,,,,
POINT (536457.3173538408 2813574.699145969),1,365.53679746323905,13.959037999899497,88.36998406093912,4260245055,12637355148,0,"[426764398, 1364623575, 1364623577, 667660317, 667660319]",['unclassified' 'tertiary'],False,"[ false, true ]",7591.06834448029,yes,,,,,,6.1757025205061495,3.0739004611968994,1872,4260245055,12637355148,0,"[426764398, 1364623575, 1364623577, 667660317, 667660319]",['unclassified' 'tertiary'],False,"[ false, true ]",7591.06834448029,yes,,,,,
POINT (491154.24903111183 2813531.2765943618),1,554.8948252143946,20.89427895124423,346.87475557194733,3878590404,12187251357,0,"[384547304, 384547305, 384547306, 384545268]",['trunk'],False,False,24098.021607759852,,NH627;SH-1020,,,,,11.204255057973176,3.475105047225952,2546,3878590404,12187251357,0,"[384547304, 384547305, 384547306, 384545268]",['trunk'],False,False,24098.021607759852,,NH627;SH-1020,,,,
POINT (491154.24903111183 2813531.2765943618),1,554.8948252143946,20.89427895124423,346.87475557194733,12187251357,3878590404,0,"[384547304, 384547305, 384547306, 384545268]",['trunk'],False,True,24098.021607759867,,NH627;SH-1020,,,,,11.204255057973176,3.475105047225952,2546,3878590404,12187251357,0,"[384547304, 384547305, 384547306, 384545268]",['trunk'],False,False,24098.021607759852,,NH627;SH-1020,,,,
POINT (535613.908103754 2813647.5128906015),1,393.97664857050125,12.427238042265826,330.10895049271653,6251456748,4260245055,0,667660329,['secondary'],False,False,1163.142423960454,,Nc-M-1,,,,,7.44249828672755,3.0739004611968994,1888,6251456748,4260245055,0,667660329,['secondary'],False,False,1163.142423960454,,Nc-M-1,,,,
POINT (535613.908103754 2813647.5128906015),1,393.97664857050125,12.427238042265826,330.10895049271653,4260245055,6251456748,0,667660329,['secondary'],False,True,1163.142423960454,,Nc-M-1,,,,,7.44249828672755,3.0739004611968994,1888,6251456748,4260245055,0,667660329,['secondary'],False,False,1163.142423960454,,Nc-M-1,,,,
POINT (489144.35269884905 2813866.1770144696),1,613.3777598072242,9.60950487895317,238.5343350366482,12187251357,3878590404,0,"[384547304, 384547305, 384547306, 384545268]",['trunk'],False,True,24098.021607759867,,NH627;SH-1020,,,,,9.472178870571465,3.475105047225952,3299,12187251357,3878590404,0,"[384547304, 384547305, 384547306, 384545268]",['trunk'],False,True,24098.021607759867,,NH627;SH-1020,,,,
POINT (490687.7361112515 2813867.563347222),1,572.3963864828238,10.831389173805414,72.71316991211289,3878590404,12187251357,0,"[384547304, 384547305, 384547306, 384545268]",['trunk'],False,False,24098.021607759852,,NH627;SH-1020,,,,,5.095406018181209,3.475105047225952,2546,3878590404,12187251357,0,"[384547304, 384547305, 384547306, 384545268]",['trunk'],False,False,24098.021607759852,,NH627;SH-1020,,,,
POINT (490687.7361112515 2813867.563347222),1,572.3963864828238,10.831389173805414,72.71316991211289,12187251357,3878590404,0,"[384547304, 384547305, 384547306, 384545268]",['trunk'],False,True,24098.021607759867,,NH627;SH-1020,,,,,5.095406018181209,3.475105047225952,2546,3878590404,12187251357,0,"[384547304, 384547305, 384547306, 384545268]",['trunk'],False,False,24098.021607759852,,NH627;SH-1020,,,,
POINT (498981.7826234516 2814011.0928134485),1,297.3625642915874,17.165266497010112,27.23151066072524,3878620601,6175513760,0,"[659589584, 659589581, 659589582, 659589583]",['primary'],False,True,14760.17869241614,yes,SH16;SH-020,,,SH16,,3.8120773398899095,3.475105047225952,2550,3878620601,6175513760,0,"[659589584, 659589581, 659589582, 659589583]",['primary'],False,True,14760.17869241614,yes,SH16;SH-020,,,SH16,
POINT (542374.1358684261 2814115.1045762575),1,406.8482514578932,14.564229286389793,304.0426834616499,12637355208,12637355670,0,"[1364623578, 1364623579]",['residential' 'unclassified'],False,True,4991.46561422805,,,,,,,1.1745504961530613,3.314725637435913,1966,12637355208,12637355670,0,"[1364623578, 1364623579]",['residential' 'unclassified'],False,True,4991.46561422805,,,,,,
POINT (543379.5194302839 2814142.903361655),1,447.46221737206184,4.488221557127574,252.62031276794409,12637355670,12637355208,0,"[1364623578, 1364623579]",['residential' 'unclassified'],False,False,4991.465614228053,,,,,,,3.5333400803554165,3.314725637435913,1969,12637355670,12637355208,0,"[1364623578, 1364623579]",['residential' 'unclassified'],False,False,4991.465614228053,,,,,,
POINT (542854.3888917444 2814165.798659208),1,426.4562358544835,21.422883442203517,40.5420130509688,12637355670,12637355208,0,"[1364623578, 1364623579]",['residential' 'unclassified'],False,False,4991.465614228053,,,,,,,10.165724732436088,3.314725637435913,1969,12637355670,12637355208,0,"[1364623578, 1364623579]",['residential' 'unclassified'],False,False,4991.465614228053,,,,,,
POINT (542854.3888917444 2814165.798659208),1,426.4562358544835,21.422883442203517,40.5420130509688,12637355208,12637355670,0,"[1364623578, 1364623579]",['residential' 'unclassified'],False,True,4991.46561422805,,,,,,,10.165724732436088,3.314725637435913,1969,12637355670,12637355208,0,"[1364623578, 1364623579]",['residential' 'unclassified'],False,False,4991.465614228053,,,,,,
POINT (542508.0697598741 2814176.9882276673),1,404.1233399203653,24.091902864638065,302.4562931579489,12637355670,12637355208,0,"[1364623578, 1364623579]",['residential' 'unclassified'],False,False,4991.465614228053,,,,,,,3.268350248635134,3.314725637435913,1969,12637355670,12637355208,0,"[1364623578, 1364623579]",['residential' 'unclassified'],False,False,4991.465614228053,,,,,,
POINT (542882.2815195633 2814184.381131877),1,421.7052374445756,17.831704171987226,334.5935193052431,12637355670,12637355208,0,"[1364623578, 1364623579]",['residential' 'unclassified'],False,False,4991.465614228053,,,,,,,2.3135660204140476,3.314725637435913,1969,12637355670,12637355208,0,"[1364623578, 1364623579]",['residential' 'unclassified'],False,False,4991.465614228053,,,,,,
POINT (542882.2815195633 2814184.381131877),1,421.7052374445756,17.831704171987226,334.5935193052431,12637355208,12637355670,0,"[1364623578, 1364623579]",['residential' 'unclassified'],False,True,4991.46561422805,,,,,,,2.3135660204140476,3.314725637435913,1969,12637355670,12637355208,0,"[1364623578, 1364623579]",['residential' 'unclassified'],False,False,4991.465614228053,,,,,,
POINT (542784.5018882696 2814199.4613982392),1,413.8886367312904,25.601503226865315,9.73137512908672,12637355670,12637355208,0,"[1364623578, 1364623579]",['residential' 'unclassified'],False,False,4991.465614228053,,,,,,,3.225429791198069,3.314725637435913,1969,12637355670,12637355208,0,"[1364623578, 1364623579]",['residential' 'unclassified'],False,False,4991.465614228053,,,,,,
POINT (542784.5018882696 2814199.4613982392),1,413.8886367312904,25.601503226865315,9.73137512908672,12637355208,12637355670,0,"[1364623578, 1364623579]",['residential' 'unclassified'],False,True,4991.46561422805,,,,,,,3.225429791198069,3.314725637435913,1969,12637355670,12637355208,0,"[1364623578, 1364623579]",['residential' 'unclassified'],False,False,4991.465614228053,,,,,,
POINT (542700.6372732326 2814202.183992896),1,410.5406048219188,26.93846256885387,315.2949068820999,12637355670,12637355208,0,"[1364623578, 1364623579]",['residential' 'unclassified'],False,False,4991.465614228053,,,,,,,15.139459488695024,3.314725637435913,1969,12637355670,12637355208,0,"[1364623578, 1364623579]",['residential' 'unclassified'],False,False,4991.465614228053,,,,,,
POINT (542700.6372732326 2814202.183992896),1,410.5406048219188,26.93846256885387,315.2949068820999,12637355208,12637355670,0,"[1364623578, 1364623579]",['residential' 'unclassified'],False,True,4991.46561422805,,,,,,,15.139459488695024,3.314725637435913,1969,12637355670,12637355208,0,"[1364623578, 1364623579]",['residential' 'unclassified'],False,False,4991.465614228053,,,,,,
POINT (542625.1886105662 2814214.3466167063),1,404.67923616367034,21.7388188989281,166.53546111322672,12637355670,12637355208,0,"[1364623578, 1364623579]",['residential' 'unclassified'],False,False,4991.465614228053,,,,,,,7.81808410142565,3.314725637435913,1969,12637355670,12637355208,0,"[1364623578, 1364623579]",['residential' 'unclassified'],False,False,4991.465614228053,,,,,,
POINT (541080.1156164005 2814403.3154658736),1,400.0406429342157,19.147289466409287,15.837580430215331,12527887242,12637355670,1,1353799882,['secondary'],False,False,12802.5074444507,,Nc-M-1,,,,,2.065735123378745,3.314725637435913,1927,12527887242,12637355670,1,1353799882,['secondary'],False,False,12802.5074444507,,Nc-M-1,,,,
POINT (541080.1156164005 2814403.3154658736),1,400.0406429342157,19.147289466409287,15.837580430215331,12637355670,12527887242,1,1353799882,['secondary'],False,True,12802.507444450715,,Nc-M-1,,,,,2.065735123378745,3.314725637435913,1927,12527887242,12637355670,1,1353799882,['secondary'],False,False,12802.5074444507,,Nc-M-1,,,,
POINT (536639.05252335 2814553.449153328),1,382.2716276716939,30.15302205699933,327.4870178576093,12527887242,4260245055,0,"[667660323, 1353799884, 1353799883]",['secondary'],False,True,1571.7282470462867,yes,Nc-M-1,,,,,3.7189711640860934,3.0739004611968994,1925,12527887242,4260245055,0,"[667660323, 1353799884, 1353799883]",['secondary'],False,True,1571.7282470462867,yes,Nc-M-1,,,,
POINT (537286.4773920624 2814724.4412534377),1,425.0341745319365,20.11017119215637,264.6870869262834,12637355670,12527887242,1,1353799882,['secondary'],False,True,12802.507444450715,,Nc-M-1,,,,,2.565367508871341,3.0739004611968994,1968,12637355670,12527887242,1,1353799882,['secondary'],False,True,12802.507444450715,,Nc-M-1,,,,
POINT (539645.3270781671 2815088.0074898223),1,412.7898253067403,9.208433401191401,268.9858043642703,12527887242,12637355670,1,1353799882,['secondary'],False,False,12802.5074444507,,Nc-M-1,,,,,48.834983785348406,3.314725637435913,1927,12527887242,12637355670,1,1353799882,['secondary'],False,False,12802.5074444507,,Nc-M-1,,,,
POINT (539645.3270781671 2815088.0074898223),1,412.7898253067403,9.208433401191401,268.9858043642703,12637355670,12527887242,1,1353799882,['secondary'],False,True,12802.507444450715,,Nc-M-1,,,,,48.834983785348406,3.314725637435913,1927,12527887242,12637355670,1,1353799882,['secondary'],False,False,12802.5074444507,,Nc-M-1,,,,
POINT (539678.615567023 2815186.552073632),1,409.9658292963686,11.641213644854659,263.7756892199331,12527887242,12637355670,1,1353799882,['secondary'],False,False,12802.5074444507,,Nc-M-1,,,,,8.23921899808785,3.314725637435913,1927,12527887242,12637355670,1,1353799882,['secondary'],False,False,12802.5074444507,,Nc-M-1,,,,
POINT (537318.5788533553 2815219.7494516727),1,440.6581335592218,20.604692421021483,355.24434274448646,12637355670,12527887242,1,1353799882,['secondary'],False,True,12802.507444450715,,Nc-M-1,,,,,13.193734343123365,3.0739004611968994,1968,12637355670,12527887242,1,1353799882,['secondary'],False,True,12802.507444450715,,Nc-M-1,,,,
POINT (537338.1580574315 2815228.9952119333),1,438.305691173437,18.617086830106587,354.10088425402984,12527887242,12637355670,1,1353799882,['secondary'],False,False,12802.5074444507,,Nc-M-1,,,,,16.847817839117532,3.0739004611968994,1927,12527887242,12637355670,1,1353799882,['secondary'],False,False,12802.5074444507,,Nc-M-1,,,,
POINT (537338.1580574315 2815228.9952119333),1,438.305691173437,18.617086830106587,354.10088425402984,12637355670,12527887242,1,1353799882,['secondary'],False,True,12802.507444450715,,Nc-M-1,,,,,16.847817839117532,3.0739004611968994,1927,12527887242,12637355670,1,1353799882,['secondary'],False,False,12802.5074444507,,Nc-M-1,,,,
POINT (537798.7736992582 2815282.554565079),1,420.1979536722306,21.471193299485957,318.9246025562042,12527887242,12637355670,1,1353799882,['secondary'],False,False,12802.5074444507,,Nc-M-1,,,,,140.13071672387917,3.314725637435913,1927,12527887242,12637355670,1,1353799882,['secondary'],False,False,12802.5074444507,,Nc-M-1,,,,
POINT (537798.7736992582 2815282.554565079),1,420.1979536722306,21.471193299485957,318.9246025562042,12637355670,12527887242,1,1353799882,['secondary'],False,True,12802.507444450715,,Nc-M-1,,,,,140.13071672387917,3.314725637435913,1927,12527887242,12637355670,1,1353799882,['secondary'],False,False,12802.5074444507,,Nc-M-1,,,,
POINT (537647.5792841993 2815420.551213434),1,418.58189927774765,13.628996813972483,327.6912037347354,12527887242,12637355670,1,1353799882,['secondary'],False,False,12802.5074444507,,Nc-M-1,,,,,14.216325044924176,3.0739004611968994,1927,12527887242,12637355670,1,1353799882,['secondary'],False,False,12802.5074444507,,Nc-M-1,,,,
POINT (537647.5792841993 2815420.551213434),1,418.58189927774765,13.628996813972483,327.6912037347354,12637355670,12527887242,1,1353799882,['secondary'],False,True,12802.507444450715,,Nc-M-1,,,,,14.216325044924176,3.0739004611968994,1927,12527887242,12637355670,1,1353799882,['secondary'],False,False,12802.5074444507,,Nc-M-1,,,,
POINT (538634.0067719436 2816201.6248943936),1,425.5682816070421,19.973941442937218,76.57892764217274,12527887242,12637355670,1,1353799882,['secondary'],False,False,12802.5074444507,,Nc-M-1,,,,,2.7247653132252863,3.314725637435913,1927,12527887242,12637355670,1,1353799882,['secondary'],False,False,12802.5074444507,,Nc-M-1,,,,
POINT (510587.83476295223 2821058.9221993275),1,205.71444389106588,2.077911460202353,192.08741341668042,7869378007,7869367545,0,"[1368873649, 1368873650, 843621717, 843626037]",['trunk'],True,False,14288.252098996374,yes,NH27,,,,,17.616793352974174,3.475105047225952,1909,7869378007,7869367545,0,"[1368873649, 1368873650, 843621717, 843626037]",['trunk'],True,False,14288.252098996374,yes,NH27,,,,
POINT (478377.8459359363 2821833.7511973614),1,316.7505779269262,10.24975383569746,145.93963961250384,9265704195,9265703847,0,668025097,['unclassified'],False,False,3066.9461101137813,,,,,,,0.2101631534487664,3.9780373573303223,3119,9265704195,9265703847,0,668025097,['unclassified'],False,False,3066.9461101137813,,,,,,
POINT (476429.49712364905 2821887.208801085),1,483.89304600934156,12.042733114427083,61.49130239111109,3878466733,6255411501,0,668025096,['unclassified'],False,True,496.8979790853289,,,,,,,6.899951643581654,3.9780373573303223,2530,3878466733,6255411501,0,668025096,['unclassified'],False,True,496.8979790853289,,,,,,
POINT (476429.49712364905 2821887.208801085),1,483.89304600934156,12.042733114427083,61.49130239111109,6255411501,3878466733,0,668025096,['unclassified'],False,False,496.89797908532887,,,,,,,6.899951643581654,3.9780373573303223,2530,3878466733,6255411501,0,668025096,['unclassified'],False,True,496.8979790853289,,,,,,
POINT (471528.1928594187 2827985.1289864075),1,602.427814815645,31.275271091041986,113.15514555639953,6253845465,13459251605,0,1467466692,['unclassified'],False,True,11310.021598087043,,,,,,,5.5265176366597775,3.9780373573303223,2579,6253845465,13459251605,0,1467466692,['unclassified'],False,True,11310.021598087043,,,,,,
POINT (471528.1928594187 2827985.1289864075),1,602.427814815645,31.275271091041986,113.15514555639953,13459251605,6253845465,0,1467466692,['unclassified'],False,False,11310.021598087043,,,,,,,5.5265176366597775,3.9780373573303223,2579,6253845465,13459251605,0,1467466692,['unclassified'],False,True,11310.021598087043,,,,,,
POINT (472704.82617799845 2829194.1470375787),1,446.00369495906045,19.934821824873325,13.374053104060255,6253845465,13459251605,0,1467466692,['unclassified'],False,True,11310.021598087043,,,,,,,1.8050406370286292,3.9780373573303223,2579,6253845465,13459251605,0,1467466692,['unclassified'],False,True,11310.021598087043,,,,,,
POINT (509215.1761060109 2832600.0341596636),1,233.820310456092,2.7220075235278185,120.93798026915472,7869367545,12677705845,0,843621717,['trunk'],True,False,2704.481671039727,,NH27,,,,,4.43854443927321,3.475105047225952,1906,7869367545,12677705845,0,843621717,['trunk'],True,False,2704.481671039727,,NH27,,,,
POINT (512128.1017142351 2836815.961709949),1,346.7632229428613,22.44241969758404,201.84401579243476,12677705845,7869322543,0,"[843621725, 843621717]",['trunk'],True,False,16915.63850868844,,NH27,,,,,13.772107886720091,3.118769645690918,1971,12677705845,7869322543,0,"[843621725, 843621717]",['trunk'],True,False,16915.63850868844,,NH27,,,,
POINT (512127.8287659699 2837114.9556688103),1,353.17745983480506,14.91417558744064,317.36502270199867,12677705845,7869322543,0,"[843621725, 843621717]",['trunk'],True,False,16915.63850868844,,NH27,,,,,12.076897594558572,3.118769645690918,1971,12677705845,7869322543,0,"[843621725, 843621717]",['trunk'],True,False,16915.63850868844,,NH27,,,,
POINT (511854.2016784063 2837806.8252610494),1,353.0288952854531,7.7852135305026735,47.33326437136458,12677705845,7869322543,0,"[843621725, 843621717]",['trunk'],True,False,16915.63850868844,,NH27,,,,,10.391451756109594,3.118769645690918,1971,12677705845,7869322543,0,"[843621725, 843621717]",['trunk'],True,False,16915.63850868844,,NH27,,,,
POINT (511851.1442573581 2837858.86972293),1,348.84119232689227,11.273297535291634,57.897019084731426,12677705845,7869322543,0,"[843621725, 843621717]",['trunk'],True,False,16915.63850868844,,NH27,,,,,4.179638259561546,3.118769645690918,1971,12677705845,7869322543,0,"[843621725, 843621717]",['trunk'],True,False,16915.63850868844,,NH27,,,,
POINT (511562.83166875783 2839313.723338577),1,324.7418989733311,12.484626020826159,171.2214330487796,12677705845,7869322543,0,"[843621725, 843621717]",['trunk'],True,False,16915.63850868844,,NH27,,,,,14.601009808891993,3.118769645690918,1971,12677705845,7869322543,0,"[843621725, 843621717]",['trunk'],True,False,16915.63850868844,,NH27,,,,
POINT (513148.8959192068 2845220.930222571),1,156.61460487526165,20.054464098447344,258.44859676422453,12677705845,7869322543,0,"[843621725, 843621717]",['trunk'],True,False,16915.63850868844,,NH27,,,,,477.5109556912603,2.765881299972534,1971,12677705845,7869322543,0,"[843621725, 843621717]",['trunk'],True,False,16915.63850868844,,NH27,,,,
POINT (513115.41048608534 2845303.951844109),1,154.66714838164458,19.174354749286774,256.3525995310306,12677705845,7869322543,0,"[843621725, 843621717]",['trunk'],True,False,16915.63850868844,,NH27,,,,,566.201726006262,2.765881299972534,1971,12677705845,7869322543,0,"[843621725, 843621717]",['trunk'],True,False,16915.63850868844,,NH27,,,,
POINT (388129.73950027005 2887035.777862219),1,,,,3173561013,6251832213,0,1316999791,['primary'],False,True,1757.8386541079997,,SH-021,,,,,99204.93257272616,3.1589765548706055,2496,3173561013,6251832213,0,1316999791,['primary'],False,True,1757.8386541079997,,SH-021,,,,
POINT (388129.73950027005 2887035.777862219),1,,,,6251832213,3173561013,0,1316999791,['primary'],False,False,1757.8386541080004,,SH-021,,,,,99204.93257272616,3.1589765548706055,2496,3173561013,6251832213,0,1316999791,['primary'],False,True,1757.8386541079997,,SH-021,,,,
POINT (675989.4092163021 2889055.564009547),1,,,,12637355670,12637355208,0,"[1364623578, 1364623579]",['residential' 'unclassified'],False,False,4991.465614228053,,,,,,,152078.72873549882,5.6474409103393555,1969,12637355670,12637355208,0,"[1364623578, 1364623579]",['residential' 'unclassified'],False,False,4991.465614228053,,,,,,
POINT (675989.4092163021 2889055.564009547),1,,,,12637355208,12637355670,0,"[1364623578, 1364623579]",['residential' 'unclassified'],False,True,4991.46561422805,,,,,,,152078.72873549882,5.6474409103393555,1969,12637355670,12637355208,0,"[1364623578, 1364623579]",['residential' 'unclassified'],False,False,4991.465614228053,,,,,,
POINT (314683.62471883255 2899446.626553952),1,,,,3173561013,6251832213,0,1316999791,['primary'],False,True,1757.8386541079997,,SH-021,,,,,167562.67509462335,3.965791702270508,2496,3173561013,6251832213,0,1316999791,['primary'],False,True,1757.8386541079997,,SH-021,,,,
POINT (314683.62471883255 2899446.626553952),1,,,,6251832213,3173561013,0,1316999791,['primary'],False,False,1757.8386541080004,,SH-021,,,,,167562.67509462335,3.965791702270508,2496,3173561013,6251832213,0,1316999791,['primary'],False,True,1757.8386541079997,,SH-021,,,,
POINT (502379.5226124292 2781998.325928953),1,609.6483209935068,16.105705194875163,203.09349158286864,3878517458,3878517530,0,384539385,['trunk'],False,False,772.8983395020605,,NH627,,,,,56.564342592176175,6.778076648712158,60,3878517458,3878517530,0,384539385,['trunk'],False,False,772.8983395020605,,NH627,,,,
POINT (502379.5226124292 2781998.325928953),1,609.6483209935068,16.105705194875163,203.09349158286864,3878517530,3878517458,0,384539385,['trunk'],False,True,772.8983395020605,,NH627,,,,,56.564342592176175,6.778076648712158,60,3878517458,3878517530,0,384539385,['trunk'],False,False,772.8983395020605,,NH627,,,,
POINT (500960.36279215093 2783479.524868009),1,632.7856831973112,19.88073015989883,202.94300147385292,6240646461,12527107641,0,666548749,['residential'],False,False,1384.4051289956906,,,,,,,75.40184442967315,6.778076648712158,355,6240646461,12527107641,0,666548749,['residential'],False,False,1384.4051289956906,,,,,,
POINT (500960.36279215093 2783479.524868009),1,632.7856831973112,19.88073015989883,202.94300147385292,12527107641,6240646461,0,666548749,['residential'],False,True,1384.4051289956903,,,,,,,75.40184442967315,6.778076648712158,355,6240646461,12527107641,0,666548749,['residential'],False,False,1384.4051289956906,,,,,,
POINT (501092.4384008473 2782690.0226607197),1,583.9149191287443,18.133437474103676,247.5101038829156,6240647814,6240647870,0,666548755,['residential'],False,True,1057.710907742052,,,,,,,19.548572519672398,6.778076648712158,473,6240647814,6240647870,0,666548755,['residential'],False,True,1057.710907742052,,,,,,
POINT (501092.4384008473 2782690.0226607197),1,583.9149191287443,18.133437474103676,247.5101038829156,6240647870,6240647814,0,666548755,['residential'],False,False,1057.7109077420523,,,,,,,19.548572519672398,6.778076648712158,473,6240647814,6240647870,0,666548755,['residential'],False,True,1057.710907742052,,,,,,
POINT (501030.13918405515 2782929.0859898175),1,588.3424824660144,16.538806992085807,289.67113772089135,6240647814,6240647870,0,666548755,['residential'],False,True,1057.710907742052,,,,,,,107.91298612731505,6.778076648712158,473,6240647814,6240647870,0,666548755,['residential'],False,True,1057.710907742052,,,,,,
POINT (501030.13918405515 2782929.0859898175),1,588.3424824660144,16.538806992085807,289.67113772089135,6240647870,6240647814,0,666548755,['residential'],False,False,1057.7109077420523,,,,,,,107.91298612731505,6.778076648712158,473,6240647814,6240647870,0,666548755,['residential'],False,True,1057.710907742052,,,,,,
POINT (501041.354449626 2782944.456308349),1,590.0308465658032,16.485409684464223,290.29180910347304,6240647870,6240647814,0,666548755,['residential'],False,False,1057.7109077420523,,,,,,,109.94064756199167,6.778076648712158,474,6240647870,6240647814,0,666548755,['residential'],False,False,1057.7109077420523,,,,,,
POINT (501052.10778758046 2782938.278347222),1,593.3220267628749,14.481549530474487,290.68864484505167,6240647814,6240647870,0,666548755,['residential'],False,True,1057.710907742052,,,,,,,97.86282609004125,6.778076648712158,473,6240647814,6240647870,0,666548755,['residential'],False,True,1057.710907742052,,,,,,
POINT (501052.10778758046 2782938.278347222),1,593.3220267628749,14.481549530474487,290.68864484505167,6240647870,6240647814,0,666548755,['residential'],False,False,1057.7109077420523,,,,,,,97.86282609004125,6.778076648712158,473,6240647814,6240647870,0,666548755,['residential'],False,True,1057.710907742052,,,,,,
POINT (500731.5828132702 2783965.6201760788),1,726.5452221340086,18.096555894983442,232.07345069978356,6240646599,12527107641,0,1353755385,['unclassified'],False,False,1009.7023535622975,,,,,,,16.544503584289153,6.778076648712158,373,6240646599,12527107641,0,1353755385,['unclassified'],False,False,1009.7023535622975,,,,,,
POINT (501100.44450265606 2783383.1994686937),1,651.0842910206309,29.470398812301145,245.05865101481416,12527107641,6240646461,0,666548749,['residential'],False,True,1384.4051289956903,,,,,,,140.76489094086625,6.778076648712158,965,12527107641,6240646461,0,666548749,['residential'],False,True,1384.4051289956903,,,,,,
POINT (500744.5914626561 2783793.323246693),1,691.4856458246495,17.06445838305776,223.70983423426878,6240646461,12527107641,0,666548749,['residential'],False,False,1384.4051289956906,,,,,,,73.91528347308984,6.778076648712158,355,6240646461,12527107641,0,666548749,['residential'],False,False,1384.4051289956906,,,,,,
POINT (500744.5914626561 2783793.323246693),1,691.4856458246495,17.06445838305776,223.70983423426878,12527107641,6240646461,0,666548749,['residential'],False,True,1384.4051289956903,,,,,,,73.91528347308984,6.778076648712158,355,6240646461,12527107641,0,666548749,['residential'],False,False,1384.4051289956906,,,,,,
POINT (500573.7800371783 2783931.285935873),1,694.0465665496771,8.396821031156925,174.5711319728171,6240646461,12527107641,0,666548749,['residential'],False,False,1384.4051289956906,,,,,,,82.70028363544576,6.778076648712158,355,6240646461,12527107641,0,666548749,['residential'],False,False,1384.4051289956906,,,,,,
POINT (500573.7800371783 2783931.285935873),1,694.0465665496771,8.396821031156925,174.5711319728171,12527107641,6240646461,0,666548749,['residential'],False,True,1384.4051289956903,,,,,,,82.70028363544576,6.778076648712158,355,6240646461,12527107641,0,666548749,['residential'],False,False,1384.4051289956906,,,,,,
POINT (500955.3363946576 2783305.6767432033),1,577.7620109974789,16.82677834044979,232.12688917939832,6240646461,12527107641,0,666548749,['residential'],False,False,1384.4051289956906,,,,,,,221.67105784566428,6.778076648712158,355,6240646461,12527107641,0,666548749,['residential'],False,False,1384.4051289956906,,,,,,
POINT (500955.3363946576 2783305.6767432033),1,577.7620109974789,16.82677834044979,232.12688917939832,12527107641,6240646461,0,666548749,['residential'],False,True,1384.4051289956903,,,,,,,221.67105784566428,6.778076648712158,355,6240646461,12527107641,0,666548749,['residential'],False,False,1384.4051289956906,,,,,,
POINT (501302.0749888576 2782508.442369874),1,577.3317526712457,18.871764760990413,245.0456678392653,6240647814,6240647870,0,666548755,['residential'],False,True,1057.710907742052,,,,,,,14.229119307011322,6.778076648712158,473,6240647814,6240647870,0,666548755,['residential'],False,True,1057.710907742052,,,,,,
POINT (502175.18412635906 2782173.0394202303),1,602.5543188445342,11.21095006424277,246.64284266114788,12527561484,8681068675,0,666548756,['unclassified'],False,False,696.8209688065656,,,,,,,22.55509126731671,6.778076648712158,1003,12527561484,8681068675,0,666548756,['unclassified'],False,False,696.8209688065656,,,,,,
POINT (502175.18412635906 2782173.0394202303),1,602.5543188445342,11.21095006424277,246.64284266114788,8681068675,12527561484,0,666548756,['unclassified'],False,True,696.8209688065658,,,,,,,22.55509126731671,6.778076648712158,1003,12527561484,8681068675,0,666548756,['unclassified'],False,False,696.8209688065656,,,,,,
POINT (501851.0543525921 2782275.1960162483),1,613.4478272753439,20.305703443322837,198.0372830447301,3878517538,6240647870,0,1353773252,['unclassified'],False,False,759.2193096238065,,,,,,,29.39223593291982,6.778076648712158,71,3878517538,6240647870,0,1353773252,['unclassified'],False,False,759.2193096238065,,,,,,
POINT (501851.0543525921 2782275.1960162483),1,613.4478272753439,20.305703443322837,198.0372830447301,6240647870,3878517538,0,1353773252,['unclassified'],False,True,759.2193096238061,,,,,,,29.39223593291982,6.778076648712158,71,3878517538,6240647870,0,1353773252,['unclassified'],False,False,759.2193096238065,,,,,,
POINT (502497.131070413 2782458.559117252),1,541.024724831018,8.338060698537095,83.76141756281906,12531474902,12532113934,0,666548731,['secondary'],False,False,633.1900286298543,,,,,,,167.516038919069,6.778076648712158,1039,12531474902,12532113934,0,666548731,['secondary'],False,False,633.1900286298543,,,,,,
POINT (502497.131070413 2782458.559117252),1,541.024724831018,8.338060698537095,83.76141756281906,12532113934,12531474902,0,666548731,['secondary'],False,True,633.1900286298544,,,,,,,167.516038919069,6.778076648712158,1039,12531474902,12532113934,0,666548731,['secondary'],False,False,633.1900286298543,,,,,,
POINT (514421.294432977 2791746.0325770606),1,616.4417113786482,22.509747045967945,49.80090281668523,5478266044,3897171521,0,386397333,['trunk'],True,False,8496.46870240989,,NH27,,,,,3.8764486750785165,4.997046947479248,191,5478266044,3897171521,0,386397333,['trunk'],True,False,8496.46870240989,,NH27,,,,
POINT (512981.4253456591 2811166.051025858),1,381.9375634292318,6.028105633464085,311.68404358306066,7869412358,12628374466,0,"[1363831853, 1363686577, 1363686579, 843631893, 843631896, 843631900]",['trunk'],True,False,13977.214526006808,yes,NH27,,,,,9.53053421773658,3.0739004611968994,1915,7869412358,12628374466,0,"[1363831853, 1363686577, 1363686579, 843631893, 843631896, 843631900]",['trunk'],True,False,13977.214526006808,yes,NH27,,,,
POINT (502552.00180203543 2783820.7825573077),1,461.9983929431596,20.299585265359184,77.80494944628661,12532128924,12532128919,0,1354222402,['residential'],False,False,83.3132520635454,,,,,,,77.2923315426481,6.778076648712158,1277,12532128924,12532128919,0,1354222402,['residential'],False,False,83.3132520635454,,,,,,
POINT (502552.00180203543 2783820.7825573077),1,461.9983929431596,20.299585265359184,77.80494944628661,12532128919,12532128924,0,1354222402,['residential'],False,True,83.3132520635454,,,,,,,77.2923315426481,6.778076648712158,1277,12532128924,12532128919,0,1354222402,['residential'],False,False,83.3132520635454,,,,,,
POINT (502016.7984349745 2783911.934948252),1,632.054093058793,10.573079126243444,50.20810768411265,8681068632,6240645830,0,936901482,['residential'],False,True,95.48903150172708,,,,,,,50.89641168638381,6.778076648712158,677,8681068632,6240645830,0,936901482,['residential'],False,True,95.48903150172708,,,,,,
POINT (502016.7984349745 2783911.934948252),1,632.054093058793,10.573079126243444,50.20810768411265,6240645830,8681068632,0,936901482,['residential'],False,False,95.48903150172708,,,,,,,50.89641168638381,6.778076648712158,677,8681068632,6240645830,0,936901482,['residential'],False,True,95.48903150172708,,,,,,
POINT (502522.32400781766 2783555.02233996),1,480.23405217523975,21.845284509634766,93.03636342556888,12532128903,12532113037,0,"[1354222440, 1354222395]",['residential'],False,"[ false, true ]",472.75161430786534,,,,,,,29.56157487452692,6.778076648712158,1271,12532128903,12532113037,0,"[1354222440, 1354222395]",['residential'],False,"[ false, true ]",472.75161430786534,,,,,,
POINT (502522.32400781766 2783555.02233996),1,480.23405217523975,21.845284509634766,93.03636342556888,12532113037,12532128903,0,"[1354222440, 1354222395]",['residential'],False,"[ false, true ]",472.75161430786534,,,,,,,29.56157487452692,6.778076648712158,1271,12532128903,12532113037,0,"[1354222440, 1354222395]",['residential'],False,"[ false, true ]",472.75161430786534,,,,,,
POINT (502299.9346707877 2784658.529661103),1,522.5335169514203,14.840287884680066,89.3475995688287,12532129108,12532128351,0,1354222408,['residential'],False,False,79.02896187737412,,,,,,,41.92980001099225,6.778076648712158,1284,12532129108,12532128351,0,1354222408,['residential'],False,False,79.02896187737412,,,,,,
POINT (502299.9346707877 2784658.529661103),1,522.5335169514203,14.840287884680066,89.3475995688287,12532128351,12532129108,0,1354222408,['residential'],False,True,79.02896187737412,,,,,,,41.92980001099225,6.778076648712158,1284,12532129108,12532128351,0,1354222408,['residential'],False,False,79.02896187737412,,,,,,
POINT (502511.4397469354 2783559.7817592924),1,484.9568918995462,20.966836903079123,89.08971040012189,12532128903,12532113037,0,"[1354222440, 1354222395]",['residential'],False,"[ false, true ]",472.75161430786534,,,,,,,17.72772438562118,6.778076648712158,1271,12532128903,12532113037,0,"[1354222440, 1354222395]",['residential'],False,"[ false, true ]",472.75161430786534,,,,,,
POINT (502511.4397469354 2783559.7817592924),1,484.9568918995462,20.966836903079123,89.08971040012189,12532113037,12532128903,0,"[1354222440, 1354222395]",['residential'],False,"[ false, true ]",472.75161430786534,,,,,,,17.72772438562118,6.778076648712158,1271,12532128903,12532113037,0,"[1354222440, 1354222395]",['residential'],False,"[ false, true ]",472.75161430786534,,,,,,
POINT (514655.14168904757 2795385.087523083),1,496.9521460680644,10.067538980384512,185.48740313651953,3897171521,5478266043,0,386397332,['trunk'],True,False,8499.960376621999,,NH27,,,,,4.570111437364009,4.997046947479248,163,3897171521,5478266043,0,386397332,['trunk'],True,False,8499.960376621999,,NH27,,,,
POINT (509714.40101026377 2785940.7116063507),1,535.6433160144594,26.461684981029393,172.2591317636359,10209168291,12195786601,0,1239837512,['trunk'],False,False,705.7747412986637,,NH27,,,,,246.55755746083892,6.778076648712158,707,10209168291,12195786601,0,1239837512,['trunk'],False,False,705.7747412986637,,NH27,,,,
POINT (509714.40101026377 2785940.7116063507),1,535.6433160144594,26.461684981029393,172.2591317636359,12195786601,10209168291,0,1239837512,['trunk'],False,True,705.7747412986639,,NH27,,,,,246.55755746083892,6.778076648712158,707,10209168291,12195786601,0,1239837512,['trunk'],False,False,705.7747412986637,,NH27,,,,
POINT (501094.5228375333 2783085.952578346),1,596.3838614726835,25.056294070354937,285.0640559858788,6240647870,6240647814,0,666548755,['residential'],False,False,1057.7109077420523,,,,,,,93.23296708668606,6.778076648712158,474,6240647870,6240647814,0,666548755,['residential'],False,False,1057.7109077420523,,,,,,
POINT (501982.07335612114 2784325.621473208),1,639.0143354928557,27.24403567655966,77.99740666888542,12532129318,6240645807,0,666548678,['residential'],False,True,377.79758817981605,,,,,,,37.508730984933244,6.778076648712158,1309,12532129318,6240645807,0,666548678,['residential'],False,True,377.79758817981605,,,,,,
POINT (501982.07335612114 2784325.621473208),1,639.0143354928557,27.24403567655966,77.99740666888542,6240645807,12532129318,0,666548678,['residential'],False,False,377.79758817981593,,,,,,,37.508730984933244,6.778076648712158,1309,12532129318,6240645807,0,666548678,['residential'],False,True,377.79758817981605,,,,,,
POINT (502001.32249793026 2784306.799995013),1,626.7704570277106,36.94440043382785,92.12243168672416,12532129318,6240645807,0,666548678,['residential'],False,True,377.79758817981605,,,,,,,52.95442108852961,6.778076648712158,1309,12532129318,6240645807,0,666548678,['residential'],False,True,377.79758817981605,,,,,,
POINT (501987.60810149915 2782310.9371056324),1,628.7257668610923,24.69879287604419,170.76857758657994,3878517538,3878517536,0,384539385,['trunk'],False,True,49.17804411725257,,NH627,,,,,30.199869436354017,6.778076648712158,70,3878517538,3878517536,0,384539385,['trunk'],False,True,49.17804411725257,,NH627,,,,
POINT (501987.60810149915 2782310.9371056324),1,628.7257668610923,24.69879287604419,170.76857758657994,3878517536,3878517538,0,384539385,['trunk'],False,False,49.17804411725257,,NH627,,,,,30.199869436354017,6.778076648712158,70,3878517538,3878517536,0,384539385,['trunk'],False,True,49.17804411725257,,NH627,,,,
POINT (501783.2232940636 2782313.94276406),1,624.9157792467674,32.4718759830067,187.65647284004893,3878517538,3878517811,0,384539385,['trunk'],False,False,842.1158294893706,,NH627,,,,,20.907599929691422,6.778076648712158,69,3878517538,3878517811,0,384539385,['trunk'],False,False,842.1158294893706,,NH627,,,,
POINT (501783.2232940636 2782313.94276406),1,624.9157792467674,32.4718759830067,187.65647284004893,3878517811,3878517538,0,384539385,['trunk'],False,True,842.1158294893705,,NH627,,,,,20.907599929691422,6.778076648712158,69,3878517538,3878517811,0,384539385,['trunk'],False,False,842.1158294893706,,NH627,,,,
POINT (501521.8008793465 2782277.037564964),1,591.1995243969254,16.925121246896335,201.08071834761603,6240647870,3878517538,0,1353773252,['unclassified'],False,True,759.2193096238061,,,,,,,4.3607267087562835,6.778076648712158,475,6240647870,3878517538,0,1353773252,['unclassified'],False,True,759.2193096238061,,,,,,
POINT (501284.96253521054 2782295.8373521185),1,560.6971642993335,14.621514822063414,224.12292786326748,6240647870,12527570612,0,1353773253,['unclassified'],False,True,807.4022044902025,,,,,,,0.9858224483311815,6.778076648712158,476,6240647870,12527570612,0,1353773253,['unclassified'],False,True,807.4022044902025,,,,,,
POINT (502497.2199929411 2783071.1229586042),1,516.8166834844949,11.397160737253868,97.78234773892802,6240646018,12532104154,0,666548731,['secondary'],False,False,448.6730727830933,,,,,,,51.14754622373131,6.778076648712158,308,6240646018,12532104154,0,666548731,['secondary'],False,False,448.6730727830933,,,,,,
POINT (502497.2199929411 2783071.1229586042),1,516.8166834844949,11.397160737253868,97.78234773892802,12532104154,6240646018,0,666548731,['secondary'],False,True,448.67307278309335,,,,,,,51.14754622373131,6.778076648712158,308,6240646018,12532104154,0,666548731,['secondary'],False,False,448.6730727830933,,,,,,
POINT (502306.7010071911 2783383.3508166536),1,552.0740625095846,16.088691442862093,85.24096148043918,12532123046,6240647051,0,666548731,['secondary'],False,False,499.832260426543,,,,,,,24.363611843197432,6.778076648712158,1203,12532123046,6240647051,0,666548731,['secondary'],False,False,499.832260426543,,,,,,
POINT (502306.7010071911 2783383.3508166536),1,552.0740625095846,16.088691442862093,85.24096148043918,6240647051,12532123046,0,666548731,['secondary'],False,True,499.8322604265431,,,,,,,24.363611843197432,6.778076648712158,1203,12532123046,6240647051,0,666548731,['secondary'],False,False,499.832260426543,,,,,,
POINT (502292.62116235145 2783215.0372231193),1,587.7623528354122,31.963206791691583,78.93952836396772,12532058559,6240646395,0,1354222382,['residential'],False,True,72.24942427106357,,,,,,,117.3008746283766,6.778076648712158,1178,12532058559,6240646395,0,1354222382,['residential'],False,True,72.24942427106357,,,,,,
POINT (502292.62116235145 2783215.0372231193),1,587.7623528354122,31.963206791691583,78.93952836396772,6240646395,12532058559,0,1354222382,['residential'],False,False,72.24942427106357,,,,,,,117.3008746283766,6.778076648712158,1178,12532058559,6240646395,0,1354222382,['residential'],False,True,72.24942427106357,,,,,,
POINT (502575.7865448915 2783273.7754439306),1,511.66280291175605,13.500633299408527,70.09555538949341,12532123046,12532104192,0,1354222444,['residential'],False,False,214.42624398809878,,,,,,,33.249395043347384,6.778076648712158,1205,12532123046,12532104192,0,1354222444,['residential'],False,False,214.42624398809878,,,,,,
POINT (502575.7865448915 2783273.7754439306),1,511.66280291175605,13.500633299408527,70.09555538949341,12532104192,12532123046,0,1354222444,['residential'],False,True,214.4262439880988,,,,,,,33.249395043347384,6.778076648712158,1205,12532123046,12532104192,0,1354222444,['residential'],False,False,214.42624398809878,,,,,,
POINT (499786.3567240744 2783137.3336361097),1,500.9622243061002,25.398200109712114,236.1710700308787,6240646461,6240646439,0,666548749,['residential'],False,True,531.606722704676,,,,,,,637.9145112383907,6.778076648712158,356,6240646461,6240646439,0,666548749,['residential'],False,True,531.606722704676,,,,,,
POINT (499786.3567240744 2783137.3336361097),1,500.9622243061002,25.398200109712114,236.1710700308787,6240646439,6240646461,0,666548749,['residential'],False,False,531.606722704676,,,,,,,637.9145112383907,6.778076648712158,356,6240646461,6240646439,0,666548749,['residential'],False,True,531.606722704676,,,,,,
POINT (500245.87130254623 2784242.4305849727),1,758.6189113222806,18.19385179590706,284.30764720580487,6240646571,6240646594,0,666548712,['tertiary'],False,True,465.8783115580791,,,,,,,73.69231433034811,6.778076648712158,367,6240646571,6240646594,0,666548712,['tertiary'],False,True,465.8783115580791,,,,,,
POINT (500245.87130254623 2784242.4305849727),1,758.6189113222806,18.19385179590706,284.30764720580487,6240646594,6240646571,0,666548712,['tertiary'],False,False,465.87831155807913,,,,,,,73.69231433034811,6.778076648712158,367,6240646571,6240646594,0,666548712,['tertiary'],False,True,465.8783115580791,,,,,,
POINT (500988.2138464083 2782959.866093181),1,571.2235275286165,19.55928200066285,291.1287777817179,6240647814,6240647870,0,666548755,['residential'],False,True,1057.710907742052,,,,,,,159.8823168773784,6.778076648712158,473,6240647814,6240647870,0,666548755,['residential'],False,True,1057.710907742052,,,,,,
POINT (500988.2138464083 2782959.866093181),1,571.2235275286165,19.55928200066285,291.1287777817179,6240647870,6240647814,0,666548755,['residential'],False,False,1057.7109077420523,,,,,,,159.8823168773784,6.778076648712158,473,6240647814,6240647870,0,666548755,['residential'],False,True,1057.710907742052,,,,,,
POINT (502188.81336996285 2783277.0294811497),1,626.602962085052,30.168148979949017,71.51506784157871,12532058559,6240646395,0,1354222382,['residential'],False,True,72.24942427106357,,,,,,,91.39375022316045,6.778076648712158,1178,12532058559,6240646395,0,1354222382,['residential'],False,True,72.24942427106357,,,,,,
POINT (502188.81336996285 2783277.0294811497),1,626.602962085052,30.168148979949017,71.51506784157871,6240646395,12532058559,0,1354222382,['residential'],False,False,72.24942427106357,,,,,,,91.39375022316045,6.778076648712158,1178,12532058559,6240646395,0,1354222382,['residential'],False,True,72.24942427106357,,,,,,
POINT (507131.734055198 2784865.6275381264),1,505.0286706775423,5.876665503152133,99.79970864328166,5451398232,2468742473,0,1379309750,['trunk'],True,False,634.8627334950926,,NH27,['2'],,,,456.36492312663074,6.778076648712158,181,5451398232,2468742473,0,1379309750,['trunk'],True,False,634.8627334950926,,NH27,['2'],,,
POINT (503121.67467154557 2781200.7612802354),1,472.77076994980314,24.34521235976811,85.2842206295865,3673625071,12531819223,0,197997806,['unclassified'],False,False,3835.841500376813,,,,,,,6.835905986358467,6.778076648712158,39,3673625071,12531819223,0,197997806,['unclassified'],False,False,3835.841500376813,,,,,,
POINT (502239.6052496181 2782178.7093449906),1,611.464848214028,16.41867196468205,327.4650144795887,3878517458,3878517530,0,384539385,['trunk'],False,False,772.8983395020605,,NH627,,,,,2.1176876015631656,6.778076648712158,60,3878517458,3878517530,0,384539385,['trunk'],False,False,772.8983395020605,,NH627,,,,
POINT (502239.6052496181 2782178.7093449906),1,611.464848214028,16.41867196468205,327.4650144795887,3878517530,3878517458,0,384539385,['trunk'],False,True,772.8983395020605,,NH627,,,,,2.1176876015631656,6.778076648712158,60,3878517458,3878517530,0,384539385,['trunk'],False,False,772.8983395020605,,NH627,,,,
POINT (501976.4360478731 2782286.3233136614),1,617.878562148109,22.86985477889661,176.24881319004322,3878517538,3878517536,0,384539385,['trunk'],False,True,49.17804411725257,,NH627,,,,,3.4691401942356115,6.778076648712158,70,3878517538,3878517536,0,384539385,['trunk'],False,True,49.17804411725257,,NH627,,,,
POINT (501976.4360478731 2782286.3233136614),1,617.878562148109,22.86985477889661,176.24881319004322,3878517536,3878517538,0,384539385,['trunk'],False,False,49.17804411725257,,NH627,,,,,3.4691401942356115,6.778076648712158,70,3878517538,3878517536,0,384539385,['trunk'],False,True,49.17804411725257,,NH627,,,,
POINT (501732.8726948131 2782347.8077297667),1,640.2641695505663,31.069248854954942,191.994456090302,3878517811,3878517538,0,384539385,['trunk'],False,True,842.1158294893705,,NH627,,,,,0.42184313189208034,6.778076648712158,80,3878517811,3878517538,0,384539385,['trunk'],False,True,842.1158294893705,,NH627,,,,
POINT (504050.60905372666 2783108.0387189128),1,447.7412958525646,16.518183317327292,162.95955711425677,12532123046,12532104192,0,1354222444,['residential'],False,False,214.42624398809878,,,,,,,1399.008677198206,6.778076648712158,1205,12532123046,12532104192,0,1354222444,['residential'],False,False,214.42624398809878,,,,,,
POINT (504050.60905372666 2783108.0387189128),1,447.7412958525646,16.518183317327292,162.95955711425677,12532104192,12532123046,0,1354222444,['residential'],False,True,214.4262439880988,,,,,,,1399.008677198206,6.778076648712158,1205,12532123046,12532104192,0,1354222444,['residential'],False,False,214.42624398809878,,,,,,
POINT (486369.3309122617 2776734.9455371946),1,215.06264054555504,20.821216313376006,54.625712111427596,6244305173,2926094152,0,1053899052,['trunk'],False,False,1159.626531628279,,NH27,,,,,5.009085103349752,8.142277717590332,2056,6244305173,2926094152,0,1053899052,['trunk'],False,False,1159.626531628279,,NH27,,,,
POINT (486369.3309122617 2776734.9455371946),1,215.06264054555504,20.821216313376006,54.625712111427596,2926094152,6244305173,0,1053899052,['trunk'],False,True,1159.626531628279,,NH27,,,,,5.009085103349752,8.142277717590332,2056,6244305173,2926094152,0,1053899052,['trunk'],False,False,1159.626531628279,,NH27,,,,
POINT (487977.1901634141 2777068.6980999517),1,280.2230103770639,12.07773558957378,349.9361338133527,2926095072,6244305053,1,666911002,['trunk'],False,False,1340.4003764691195,,NH27,,,,,5.561721641559995,8.054644584655762,2032,2926095072,6244305053,1,666911002,['trunk'],False,False,1340.4003764691195,,NH27,,,,
POINT (487977.1901634141 2777068.6980999517),1,280.2230103770639,12.07773558957378,349.9361338133527,6244305053,2926095072,1,666911002,['trunk'],False,True,1340.40037646912,,NH27,,,,,5.561721641559995,8.054644584655762,2032,2926095072,6244305053,1,666911002,['trunk'],False,False,1340.4003764691195,,NH27,,,,
POINT (489229.08378152386 2777119.939104999),1,280.57872607541685,11.637437539253856,350.2122830961171,6244305053,2926095087,0,"[1316530145, 1316530146, 1319045370, 656974446, 666910992, 666910993, 666910995, 666910996, 666911000, 666911002]",['trunk'],False,"[ false, true ]",12763.345598644233,yes,NH27,,,,,2.1655325629635196,8.054644584655762,2044,6244305053,2926095087,0,"[1316530145, 1316530146, 1319045370, 656974446, 666910992, 666910993, 666910995, 666910996, 666911000, 666911002]",['trunk'],False,"[ false, true ]",12763.345598644233,yes,NH27,,,,
POINT (491967.95006604074 2776995.0139459665),1,267.1371756055487,10.95621739235726,277.0676112225843,2926095087,6244305053,0,"[1316530145, 1316530146, 666911002, 656974446, 666910992, 666910993, 666910995, 666910996, 666911000, 1319045370]",['trunk'],False,"[ false, true ]",12763.345598644211,yes,NH27,,,,,6.127968536534311,8.054644584655762,2035,2926095087,6244305053,0,"[1316530145, 1316530146, 666911002, 656974446, 666910992, 666910993, 666910995, 666910996, 666911000, 1319045370]",['trunk'],False,"[ false, true ]",12763.345598644211,yes,NH27,,,,
POINT (492827.7385137324 2777016.064202226),1,253.23754221303895,10.74479242759175,333.18672987316336,6244305053,2926095087,0,"[1316530145, 1316530146, 1319045370, 656974446, 666910992, 666910993, 666910995, 666910996, 666911000, 666911002]",['trunk'],False,"[ false, true ]",12763.345598644233,yes,NH27,,,,,5.579737339858726,8.054644584655762,2044,6244305053,2926095087,0,"[1316530145, 1316530146, 1319045370, 656974446, 666910992, 666910993, 666910995, 666910996, 666911000, 666911002]",['trunk'],False,"[ false, true ]",12763.345598644233,yes,NH27,,,,
POINT (492827.7385137324 2777016.064202226),1,253.23754221303895,10.74479242759175,333.18672987316336,2926095087,6244305053,0,"[1316530145, 1316530146, 666911002, 656974446, 666910992, 666910993, 666910995, 666910996, 666911000, 1319045370]",['trunk'],False,"[ false, true ]",12763.345598644211,yes,NH27,,,,,5.579737339858726,8.054644584655762,2044,6244305053,2926095087,0,"[1316530145, 1316530146, 1319045370, 656974446, 666910992, 666910993, 666910995, 666910996, 666911000, 666911002]",['trunk'],False,"[ false, true ]",12763.345598644233,yes,NH27,,,,
POINT (499876.7762784383 2777140.2848799485),1,560.4596019260242,25.62321227726426,308.3937648416417,2926094673,2468741432,0,"[239060064, 566144644, 1424944040, 1424944041, 1319045367, 1319045368, 1319045369, 1319045370]",['trunk'],False,True,7472.82741254349,yes,NH27,,,,,4.674946901858353,8.054644584655762,2030,2926094673,2468741432,0,"[239060064, 566144644, 1424944040, 1424944041, 1319045367, 1319045368, 1319045369, 1319045370]",['trunk'],False,True,7472.82741254349,yes,NH27,,,,
POINT (500462.0869542771 2777214.112683553),1,541.6789499448615,28.362152227361523,306.21245772059814,2926094673,2468741432,0,"[239060064, 566144644, 1424944040, 1424944041, 1319045367, 1319045368, 1319045369, 1319045370]",['trunk'],False,True,7472.82741254349,yes,NH27,,,,,10.967592167845853,8.054644584655762,2030,2926094673,2468741432,0,"[239060064, 566144644, 1424944040, 1424944041, 1319045367, 1319045368, 1319045369, 1319045370]",['trunk'],False,True,7472.82741254349,yes,NH27,,,,
POINT (500462.0869542771 2777214.112683553),1,541.6789499448615,28.362152227361523,306.21245772059814,2468741432,2926094673,0,"[239060064, 566144644, 1424944040, 1424944041, 1319045367, 1319045368, 1319045369, 1319045370]",['trunk'],False,False,7472.827412543473,yes,NH27,,,,,10.967592167845853,8.054644584655762,2030,2926094673,2468741432,0,"[239060064, 566144644, 1424944040, 1424944041, 1319045367, 1319045368, 1319045369, 1319045370]",['trunk'],False,True,7472.82741254349,yes,NH27,,,,
POINT (500579.70191202033 2777392.515782991),1,564.6567582698117,30.772958151744874,282.89816946720873,2926094673,2468741432,0,"[239060064, 566144644, 1424944040, 1424944041, 1319045367, 1319045368, 1319045369, 1319045370]",['trunk'],False,True,7472.82741254349,yes,NH27,,,,,1.6766224537476289,8.054644584655762,2030,2926094673,2468741432,0,"[239060064, 566144644, 1424944040, 1424944041, 1319045367, 1319045368, 1319045369, 1319045370]",['trunk'],False,True,7472.82741254349,yes,NH27,,,,
POINT (503216.8143559666 2781416.0928606084),1,452.9074841692298,25.895125273046546,138.94958929806532,3673625071,12531819223,0,197997806,['unclassified'],False,False,3835.841500376813,,,,,,,58.19774257461453,6.778076648712158,39,3673625071,12531819223,0,197997806,['unclassified'],False,False,3835.841500376813,,,,,,
POINT (503216.8143559666 2781416.0928606084),1,452.9074841692298,25.895125273046546,138.94958929806532,12531819223,3673625071,0,197997806,['unclassified'],False,True,3835.8415003768137,,,,,,,58.19774257461453,6.778076648712158,39,3673625071,12531819223,0,197997806,['unclassified'],False,False,3835.841500376813,,,,,,
POINT (502939.730767116 2781031.5484495563),1,536.8297712189833,28.17023803862335,101.99308122600436,3673625071,12531819223,0,197997806,['unclassified'],False,False,3835.841500376813,,,,,,,8.59842359361161,6.778076648712158,39,3673625071,12531819223,0,197997806,['unclassified'],False,False,3835.841500376813,,,,,,
POINT (502939.730767116 2781031.5484495563),1,536.8297712189833,28.17023803862335,101.99308122600436,12531819223,3673625071,0,197997806,['unclassified'],False,True,3835.8415003768137,,,,,,,8.59842359361161,6.778076648712158,39,3673625071,12531819223,0,197997806,['unclassified'],False,False,3835.841500376813,,,,,,
POINT (502295.5937571271 2782191.0220022094),1,613.7180073110355,19.834083679020996,83.88512318953168,3878517530,3878517458,0,384539385,['trunk'],False,True,772.8983395020605,,NH627,,,,,0.6349723833430566,6.778076648712158,65,3878517530,3878517458,0,384539385,['trunk'],False,True,772.8983395020605,,NH627,,,,
POINT (503357.30475291196 2790671.4303937987),1,547.4495031901108,20.696759286012234,261.9196009558588,12776962073,3173586037,0,311653434,['trunk'],False,True,5968.374161989481,,NH627,,,,,14.994704730505262,6.778076648712158,1654,12776962073,3173586037,0,311653434,['trunk'],False,True,5968.374161989481,,NH627,,,,
POINT (503357.30475291196 2790671.4303937987),1,547.4495031901108,20.696759286012234,261.9196009558588,3173586037,12776962073,0,311653434,['trunk'],False,False,5968.3741619894845,,NH627,,,,,14.994704730505262,6.778076648712158,1654,12776962073,3173586037,0,311653434,['trunk'],False,True,5968.374161989481,,NH627,,,,
POINT (503207.23012226494 2780742.601709176),1,492.317771975589,22.07317497476607,306.73128860450015,3673625071,12531819223,0,197997806,['unclassified'],False,False,3835.841500376813,,,,,,,200.04772796666578,6.778076648712158,39,3673625071,12531819223,0,197997806,['unclassified'],False,False,3835.841500376813,,,,,,
POINT (503207.23012226494 2780742.601709176),1,492.317771975589,22.07317497476607,306.73128860450015,12531819223,3673625071,0,197997806,['unclassified'],False,True,3835.8415003768137,,,,,,,200.04772796666578,6.778076648712158,39,3673625071,12531819223,0,197997806,['unclassified'],False,False,3835.841500376813,,,,,,
POINT (503152.68430679967 2781249.7358070305),1,461.20168137720515,24.028977967367368,91.67904957070868,3673625071,12531819223,0,197997806,['unclassified'],False,False,3835.841500376813,,,,,,,32.406339898758006,6.778076648712158,39,3673625071,12531819223,0,197997806,['unclassified'],False,False,3835.841500376813,,,,,,
POINT (503018.7284980029 2780827.599734658),1,461.068534778739,20.860799078103145,131.5847354490859,3673625071,12531819223,0,197997806,['unclassified'],False,False,3835.841500376813,,,,,,,3.0264556297330096,6.778076648712158,39,3673625071,12531819223,0,197997806,['unclassified'],False,False,3835.841500376813,,,,,,
POINT (503188.52445124177 2781423.591527492),1,464.3080931897499,23.665141981917227,133.7194576562871,3673625071,12531819223,0,197997806,['unclassified'],False,False,3835.841500376813,,,,,,,31.7002332103179,6.778076648712158,39,3673625071,12531819223,0,197997806,['unclassified'],False,False,3835.841500376813,,,,,,
POINT (503188.52445124177 2781423.591527492),1,464.3080931897499,23.665141981917227,133.7194576562871,12531819223,3673625071,0,197997806,['unclassified'],False,True,3835.8415003768137,,,,,,,31.7002332103179,6.778076648712158,39,3673625071,12531819223,0,197997806,['unclassified'],False,False,3835.841500376813,,,,,,
POINT (503336.005830947 2781717.0636461424),1,448.44181177743343,33.70286285037295,119.014796668821,3673625071,12531819223,0,197997806,['unclassified'],False,False,3835.841500376813,,,,,,,287.85359301540916,6.778076648712158,39,3673625071,12531819223,0,197997806,['unclassified'],False,False,3835.841500376813,,,,,,
POINT (503336.005830947 2781717.0636461424),1,448.44181177743343,33.70286285037295,119.014796668821,12531819223,3673625071,0,197997806,['unclassified'],False,True,3835.8415003768137,,,,,,,287.85359301540916,6.778076648712158,39,3673625071,12531819223,0,197997806,['unclassified'],False,False,3835.841500376813,,,,,,
POINT (501780.47095373133 2782298.5995266223),1,615.0678443896431,29.484108827413596,184.16204553471715,3878517538,6240647870,0,1353773252,['unclassified'],False,False,759.2193096238065,,,,,,,31.187669391604423,6.778076648712158,71,3878517538,6240647870,0,1353773252,['unclassified'],False,False,759.2193096238065,,,,,,
POINT (501780.47095373133 2782298.5995266223),1,615.0678443896431,29.484108827413596,184.16204553471715,6240647870,3878517538,0,1353773252,['unclassified'],False,True,759.2193096238061,,,,,,,31.187669391604423,6.778076648712158,71,3878517538,6240647870,0,1353773252,['unclassified'],False,False,759.2193096238065,,,,,,
POINT (502028.81595738645 2787706.0129190334),1,339.1454837789279,16.061683908047996,203.99887095515282,3878572310,12514391735,0,384550870,['trunk'],False,True,1010.0103861641129,,NH627,,,,,3.7058406700214745,6.778076648712158,142,3878572310,12514391735,0,384550870,['trunk'],False,True,1010.0103861641129,,NH627,,,,
POINT (502028.81595738645 2787706.0129190334),1,339.1454837789279,16.061683908047996,203.99887095515282,12514391735,3878572310,0,384550870,['trunk'],False,False,1010.0103861641127,,NH627,,,,,3.7058406700214745,6.778076648712158,142,3878572310,12514391735,0,384550870,['trunk'],False,True,1010.0103861641129,,NH627,,,,
POINT (502847.7955383179 2792184.6524346014),1,601.103637481102,18.046203543356548,245.6212497137892,12776962073,3173586037,0,311653434,['trunk'],False,True,5968.374161989481,,NH627,,,,,0.24952957311110585,6.778076648712158,1654,12776962073,3173586037,0,311653434,['trunk'],False,True,5968.374161989481,,NH627,,,,
POINT (502847.7955383179 2792184.6524346014),1,601.103637481102,18.046203543356548,245.6212497137892,3173586037,12776962073,0,311653434,['trunk'],False,False,5968.3741619894845,,NH627,,,,,0.24952957311110585,6.778076648712158,1654,12776962073,3173586037,0,311653434,['trunk'],False,True,5968.374161989481,,NH627,,,,
POINT (502176.96164973633 2788748.758897128),1,617.5419024880275,21.884089736846363,312.3272623089561,3173586037,3878605546,0,"[311653434, 384550870]",['trunk'],False,True,1226.4265090250985,,NH627,,,,,2.6487731069151663,6.778076648712158,27,3173586037,3878605546,0,"[311653434, 384550870]",['trunk'],False,True,1226.4265090250985,,NH627,,,,
POINT (501320.6889353973 2789142.361980258),1,496.1873231309431,30.016692242963668,311.10434129879974,3878605546,12531666326,0,384550870,['trunk'],False,True,2494.366329179981,,NH627,,,,,1.3499076473091423,6.778076648712158,145,3878605546,12531666326,0,384550870,['trunk'],False,True,2494.366329179981,,NH627,,,,
POINT (501144.4250749776 2788970.0959360152),1,481.0264729967247,31.637174482536896,310.971905723187,12531666326,3878605546,0,384550870,['trunk'],False,False,2494.366329179981,,NH627,,,,,0.38515984235624107,6.778076648712158,1056,12531666326,3878605546,0,384550870,['trunk'],False,False,2494.366329179981,,NH627,,,,
POINT (501684.6964065538 2787063.106791549),1,416.2226951370275,26.742737893347027,290.6973327356185,3878519404,12532287775,0,384539365,['trunk'],False,True,1212.4057410122787,,NH627,,,,,5.476884887001107,6.778076648712158,136,3878519404,12532287775,0,384539365,['trunk'],False,True,1212.4057410122787,,NH627,,,,
POINT (501713.24618866463 2782590.7976495656),1,683.4666357584944,5.957595291717272,20.666605594747523,3878517784,3878517785,0,384539385,['trunk'],False,True,107.84814598688487,,NH627,,,,,6.321105258879735,6.778076648712158,73,3878517784,3878517785,0,384539385,['trunk'],False,True,107.84814598688487,,NH627,,,,
POINT (501713.24618866463 2782590.7976495656),1,683.4666357584944,5.957595291717272,20.666605594747523,3878517785,3878517784,0,384539385,['trunk'],False,False,107.84814598688487,,NH627,,,,,6.321105258879735,6.778076648712158,73,3878517784,3878517785,0,384539385,['trunk'],False,True,107.84814598688487,,NH627,,,,
POINT (503175.2708724605 2791440.359002614),1,546.3597385802326,20.503198774084773,250.20729902517095,12776962073,3173586037,0,311653434,['trunk'],False,True,5968.374161989481,,NH627,,,,,46.65701867489216,6.778076648712158,1654,12776962073,3173586037,0,311653434,['trunk'],False,True,5968.374161989481,,NH627,,,,
POINT (503175.2708724605 2791440.359002614),1,546.3597385802326,20.503198774084773,250.20729902517095,3173586037,12776962073,0,311653434,['trunk'],False,False,5968.3741619894845,,NH627,,,,,46.65701867489216,6.778076648712158,1654,12776962073,3173586037,0,311653434,['trunk'],False,True,5968.374161989481,,NH627,,,,
POINT (503348.89356296224 2790745.24895223),1,553.0620972569039,19.6207679955996,260.242096260622,12776962073,3173586037,0,311653434,['trunk'],False,True,5968.374161989481,,NH627,,,,,6.418723580385677,6.778076648712158,1654,12776962073,3173586037,0,311653434,['trunk'],False,True,5968.374161989481,,NH627,,,,
POINT (501853.26188206073 2782264.7754307035),1,610.6137327270017,18.76940175255595,198.22618562836738,3878517538,6240647870,0,1353773252,['unclassified'],False,False,759.2193096238065,,,,,,,19.409370247557067,6.778076648712158,71,3878517538,6240647870,0,1353773252,['unclassified'],False,False,759.2193096238065,,,,,,
POINT (501853.26188206073 2782264.7754307035),1,610.6137327270017,18.76940175255595,198.22618562836738,6240647870,3878517538,0,1353773252,['unclassified'],False,True,759.2193096238061,,,,,,,19.409370247557067,6.778076648712158,71,3878517538,6240647870,0,1353773252,['unclassified'],False,False,759.2193096238065,,,,,,
POINT (501620.8909901668 2782372.40053216),1,643.8112514665761,26.456292690546036,200.53083183477088,3878517538,3878517811,0,384539385,['trunk'],False,False,842.1158294893706,,NH627,,,,,3.561277946827888,6.778076648712158,69,3878517538,3878517811,0,384539385,['trunk'],False,False,842.1158294893706,,NH627,,,,
POINT (501620.8909901668 2782372.40053216),1,643.8112514665761,26.456292690546036,200.53083183477088,3878517811,3878517538,0,384539385,['trunk'],False,True,842.1158294893705,,NH627,,,,,3.561277946827888,6.778076648712158,69,3878517538,3878517811,0,384539385,['trunk'],False,False,842.1158294893706,,NH627,,,,
POINT (503242.4242835578 2791391.1611223007),1,561.8269631492338,20.961783047911435,250.49677974032898,12776962073,3173586037,0,311653434,['trunk'],False,True,5968.374161989481,,NH627,,,,,3.8627957318328177,6.778076648712158,1654,12776962073,3173586037,0,311653434,['trunk'],False,True,5968.374161989481,,NH627,,,,
POINT (503242.4242835578 2791391.1611223007),1,561.8269631492338,20.961783047911435,250.49677974032898,3173586037,12776962073,0,311653434,['trunk'],False,False,5968.3741619894845,,NH627,,,,,3.8627957318328177,6.778076648712158,1654,12776962073,3173586037,0,311653434,['trunk'],False,True,5968.374161989481,,NH627,,,,
POINT (501872.2420544278 2786727.860647552),1,447.7287903724703,22.376012196044464,43.15239126895887,12532287775,3878519404,0,384539365,['trunk'],False,False,1212.4057410122784,,NH627,,,,,10.984791383527433,6.778076648712158,1315,12532287775,3878519404,0,384539365,['trunk'],False,False,1212.4057410122784,,NH627,,,,
POINT (501872.2420544278 2786727.860647552),1,447.7287903724703,22.376012196044464,43.15239126895887,3878519404,12532287775,0,384539365,['trunk'],False,True,1212.4057410122787,,NH627,,,,,10.984791383527433,6.778076648712158,1315,12532287775,3878519404,0,384539365,['trunk'],False,False,1212.4057410122784,,NH627,,,,
POINT (501981.5203783833 2785814.3416503416),1,515.4275454353741,25.907709512297625,51.656396579162454,6240646932,6240646905,0,"[1354171744, 1354171743, 1354154935]",['secondary'],False,False,540.2724947847563,yes,,,,,,0.33454551859633835,6.778076648712158,417,6240646932,6240646905,0,"[1354171744, 1354171743, 1354154935]",['secondary'],False,False,540.2724947847563,yes,,,,,
POINT (512368.598801315 2787917.5889328104),1,676.3173443521036,17.105506919175742,241.914512868575,7869434966,12195786373,0,843633969,['trunk'],False,True,2203.253712279843,,NH27,,,,,6.465464126362661,6.778076648712158,628,7869434966,12195786373,0,843633969,['trunk'],False,True,2203.253712279843,,NH27,,,,
POINT (502032.1048426831 2784433.2839615596),1,586.3731181724644,23.700209601656987,71.02620147951627,12531820743,12532128854,0,666548731,['secondary'],False,True,214.7447430890305,,,,,,,5.706539555389323,6.778076648712158,1172,12531820743,12532128854,0,666548731,['secondary'],False,True,214.7447430890305,,,,,,
POINT (502057.3116077167 2784331.784894568),1,580.385281854511,31.71357115465535,92.56956531238745,12532128854,12532128734,0,666548731,['secondary'],False,True,202.46526839931627,,,,,,,2.38319898664766,6.778076648712158,1266,12532128854,12532128734,0,666548731,['secondary'],False,True,202.46526839931627,,,,,,
POINT (502057.3116077167 2784331.784894568),1,580.385281854511,31.71357115465535,92.56956531238745,12532128734,12532128854,0,666548731,['secondary'],False,False,202.46526839931633,,,,,,,2.38319898664766,6.778076648712158,1266,12532128854,12532128734,0,666548731,['secondary'],False,True,202.46526839931627,,,,,,
POINT (502076.9582558729 2783981.1388042998),1,593.9341833881934,39.259752981188,73.44709022115967,12532128743,6240647051,0,666548731,['secondary'],False,True,778.8214508982944,,,,,,,3.2540184899171423,6.778076648712158,1252,12532128743,6240647051,0,666548731,['secondary'],False,True,778.8214508982944,,,,,,
POINT (502076.9582558729 2783981.1388042998),1,593.9341833881934,39.259752981188,73.44709022115967,6240647051,12532128743,0,666548731,['secondary'],False,False,778.8214508982944,,,,,,,3.2540184899171423,6.778076648712158,1252,12532128743,6240647051,0,666548731,['secondary'],False,True,778.8214508982944,,,,,,
POINT (502564.1381826286 2783289.1526759136),1,512.2077037059958,13.786460454011344,52.94564016683707,12532123046,12532104192,0,1354222444,['residential'],False,False,214.42624398809878,,,,,,,28.271035693993205,6.778076648712158,1205,12532123046,12532104192,0,1354222444,['residential'],False,False,214.42624398809878,,,,,,
POINT (502564.1381826286 2783289.1526759136),1,512.2077037059958,13.786460454011344,52.94564016683707,12532104192,12532123046,0,1354222444,['residential'],False,True,214.4262439880988,,,,,,,28.271035693993205,6.778076648712158,1205,12532123046,12532104192,0,1354222444,['residential'],False,False,214.42624398809878,,,,,,
POINT (502334.63994168193 2783046.11754339),1,550.7931797300505,18.96290943026979,107.6089365160773,12532104154,6240646018,0,666548731,['secondary'],False,True,448.67307278309335,,,,,,,5.7941621262934335,6.778076648712158,1186,12532104154,6240646018,0,666548731,['secondary'],False,True,448.67307278309335,,,,,,
POINT (502603.6453760422 2781634.347080227),1,665.0728410184571,15.289772300986758,60.92816327850569,3878517280,3878517458,0,384539385,['trunk'],False,False,976.2356813202173,,NH627,,,,,3.1597839291402368,6.778076648712158,57,3878517280,3878517458,0,384539385,['trunk'],False,False,976.2356813202173,,NH627,,,,
POINT (502603.6453760422 2781634.347080227),1,665.0728410184571,15.289772300986758,60.92816327850569,3878517458,3878517280,0,384539385,['trunk'],False,True,976.2356813202168,,NH627,,,,,3.1597839291402368,6.778076648712158,57,3878517280,3878517458,0,384539385,['trunk'],False,False,976.2356813202173,,NH627,,,,
POINT (502438.5637752119 2781099.1179587557),1,696.2239214279824,17.650545823245267,97.26478559481741,3878517280,3878517458,0,384539385,['trunk'],False,False,976.2356813202173,,NH627,,,,,5.292760567663271,6.778076648712158,57,3878517280,3878517458,0,384539385,['trunk'],False,False,976.2356813202173,,NH627,,,,
POINT (502438.5637752119 2781099.1179587557),1,696.2239214279824,17.650545823245267,97.26478559481741,3878517458,3878517280,0,384539385,['trunk'],False,True,976.2356813202168,,NH627,,,,,5.292760567663271,6.778076648712158,57,3878517280,3878517458,0,384539385,['trunk'],False,False,976.2356813202173,,NH627,,,,
POINT (502055.09255985875 2780496.1878057458),1,718.5046655595307,23.914895178783226,144.2181738633473,3878517268,12527303242,0,384539385,['trunk'],False,True,1011.1484135555695,,NH627,,,,,5.436576790812927,6.778076648712158,56,3878517268,12527303242,0,384539385,['trunk'],False,True,1011.1484135555695,,NH627,,,,
POINT (502055.09255985875 2780496.1878057458),1,718.5046655595307,23.914895178783226,144.2181738633473,12527303242,3878517268,0,384539385,['trunk'],False,False,1011.1484135555696,,NH627,,,,,5.436576790812927,6.778076648712158,56,3878517268,12527303242,0,384539385,['trunk'],False,True,1011.1484135555695,,NH627,,,,
POINT (501971.11022348853 2780406.9751688493),1,731.1629176148429,26.640351234769692,111.75219017264223,3878517268,12527303242,0,384539385,['trunk'],False,True,1011.1484135555695,,NH627,,,,,3.586958864015278,6.778076648712158,56,3878517268,12527303242,0,384539385,['trunk'],False,True,1011.1484135555695,,NH627,,,,
POINT (512659.18965301424 2785386.4060923336),1,626.8576074290431,15.287241064466764,331.3885391739396,12290766722,7931239002,0,850114330,['residential'],False,True,348.8883781770749,,,,,,,137.46271210804662,4.997046947479248,946,12290766722,7931239002,0,850114330,['residential'],False,True,348.8883781770749,,,,,,
POINT (512659.18965301424 2785386.4060923336),1,626.8576074290431,15.287241064466764,331.3885391739396,7931239002,12290766722,0,850114330,['residential'],False,False,348.8883781770751,,,,,,,137.46271210804662,4.997046947479248,946,12290766722,7931239002,0,850114330,['residential'],False,True,348.8883781770749,,,,,,
POINT (512146.73039892333 2785687.373354532),1,645.440648524934,9.566055746025848,268.6275955885535,12195786373,12195779998,0,850114326,['primary'],False,False,992.6480587924085,,SH37,,,,,15.518252931064128,6.778076648712158,876,12195786373,12195779998,0,850114326,['primary'],False,False,992.6480587924085,,SH37,,,,
POINT (512146.73039892333 2785687.373354532),1,645.440648524934,9.566055746025848,268.6275955885535,12195779998,12195786373,0,850114326,['primary'],False,True,992.6480587924087,,SH37,,,,,15.518252931064128,6.778076648712158,876,12195786373,12195779998,0,850114326,['primary'],False,False,992.6480587924085,,SH37,,,,
POINT (511702.7600086561 2784484.315856821),1,560.1393543264869,16.179899320575498,19.453684053886256,7931238641,7931238755,0,850114312,['unclassified'],False,False,359.6499713919556,,,,,,,3.022432203889214,6.778076648712158,642,7931238641,7931238755,0,850114312,['unclassified'],False,False,359.6499713919556,,,,,,
POINT (502642.2625302814 2784602.5619885223),1,476.97165807651254,15.992368412802636,166.22762543597185,12532129048,12532128350,0,1354222407,['residential'],False,True,164.4689698653952,,,,,,,22.496680603735594,6.778076648712158,1280,12532129048,12532128350,0,1354222407,['residential'],False,True,164.4689698653952,,,,,,
POINT (502642.2625302814 2784602.5619885223),1,476.97165807651254,15.992368412802636,166.22762543597185,12532128350,12532129048,0,1354222407,['residential'],False,False,164.4689698653952,,,,,,,22.496680603735594,6.778076648712158,1280,12532129048,12532128350,0,1354222407,['residential'],False,True,164.4689698653952,,,,,,
POINT (502675.8640254806 2784537.9757220484),1,450.9638796993804,20.541447586279872,156.11130939984548,12532129048,12532128350,0,1354222407,['residential'],False,True,164.4689698653952,,,,,,,75.1888258431289,6.778076648712158,1280,12532129048,12532128350,0,1354222407,['residential'],False,True,164.4689698653952,,,,,,
POINT (502675.8640254806 2784537.9757220484),1,450.9638796993804,20.541447586279872,156.11130939984548,12532128350,12532129048,0,1354222407,['residential'],False,False,164.4689698653952,,,,,,,75.1888258431289,6.778076648712158,1280,12532129048,12532128350,0,1354222407,['residential'],False,True,164.4689698653952,,,,,,
POINT (502104.86158525763 2784550.178495086),1,565.840056273574,10.989722147331364,119.48668065206482,12531820743,12532129113,0,666548731,['secondary'],False,False,138.8288053987113,,,,,,,46.84072479921613,6.778076648712158,1171,12531820743,12532129113,0,666548731,['secondary'],False,False,138.8288053987113,,,,,,
POINT (512132.15854360926 2786333.2946334817),1,648.193277433491,17.841772081611317,249.95397493438895,7869434966,12195786373,0,843633969,['trunk'],False,True,2203.253712279843,,NH27,,,,,61.00897622298853,6.778076648712158,628,7869434966,12195786373,0,843633969,['trunk'],False,True,2203.253712279843,,NH27,,,,
POINT (512132.15854360926 2786333.2946334817),1,648.193277433491,17.841772081611317,249.95397493438895,12195786373,7869434966,0,843633969,['trunk'],False,False,2203.253712279843,,NH27,,,,,61.00897622298853,6.778076648712158,628,7869434966,12195786373,0,843633969,['trunk'],False,True,2203.253712279843,,NH27,,,,
POINT (501912.3922804516 2779837.9342706506),1,750.1903401942351,15.02582482959412,104.85833427249125,12527109320,3878517081,0,384539385,['trunk'],False,False,673.1656902053293,,NH627,,,,,1.396136439781148,6.778076648712158,967,12527109320,3878517081,0,384539385,['trunk'],False,False,673.1656902053293,,NH627,,,,
POINT (512815.62368804973 2800464.644725405),1,290.11274145026596,30.767756503640417,146.27186520406013,12628374318,7869435256,0,843631884,['trunk'],True,False,1222.264243756381,,NH27,,,,,7.8209173690977805,4.997046947479248,1502,12628374318,7869435256,0,843631884,['trunk'],True,False,1222.264243756381,,NH27,,,,
POINT (511161.1133622002 2809894.03854303),1,254.1687010385646,20.47416599759739,214.3699260059372,12628374465,7869361469,0,"[1363831851, 843628173, 1363686576, 1363686578, 843631891, 843631892, 843631894, 843631895, 843631897, 843631899]",['trunk'],True,False,14976.661466194246,yes,NH27,,,,,1852.6516916422238,3.475105047225952,1532,12628374465,7869361469,0,"[1363831851, 843628173, 1363686576, 1363686578, 843631891, 843631892, 843631894, 843631895, 843631897, 843631899]",['trunk'],True,False,14976.661466194246,yes,NH27,,,,
POINT (511383.1639898389 2808310.103204346),1,212.8304503511037,19.459208698878097,308.9449665440229,12628374465,7869361469,0,"[1363831851, 843628173, 1363686576, 1363686578, 843631891, 843631892, 843631894, 843631895, 843631897, 843631899]",['trunk'],True,False,14976.661466194246,yes,NH27,,,,,776.8807653978035,3.475105047225952,1532,12628374465,7869361469,0,"[1363831851, 843628173, 1363686576, 1363686578, 843631891, 843631892, 843631894, 843631895, 843631897, 843631899]",['trunk'],True,False,14976.661466194246,yes,NH27,,,,
POINT (501110.47772292915 2783922.4607401704),1,697.0478623858152,5.004793052910134,102.0663107836128,12532124074,12532124062,0,1354222421,['residential'],False,False,37.046554611981016,,,,,,,35.41625797305045,6.778076648712158,1221,12532124074,12532124062,0,1354222421,['residential'],False,False,37.046554611981016,,,,,,
POINT (501110.47772292915 2783922.4607401704),1,697.0478623858152,5.004793052910134,102.0663107836128,12532124062,12532124074,0,1354222421,['residential'],False,True,37.046554611981016,,,,,,,35.41625797305045,6.778076648712158,1221,12532124074,12532124062,0,1354222421,['residential'],False,False,37.046554611981016,,,,,,
POINT (500254.7479127599 2783756.4317559744),1,707.0971635483739,25.03679262841154,147.46180629876912,6240646461,12527107641,0,666548749,['residential'],False,False,1384.4051289956906,,,,,,,180.53158444956105,6.778076648712158,355,6240646461,12527107641,0,666548749,['residential'],False,False,1384.4051289956906,,,,,,
POINT (500254.7479127599 2783756.4317559744),1,707.0971635483739,25.03679262841154,147.46180629876912,12527107641,6240646461,0,666548749,['residential'],False,True,1384.4051289956903,,,,,,,180.53158444956105,6.778076648712158,355,6240646461,12527107641,0,666548749,['residential'],False,False,1384.4051289956906,,,,,,
POINT (502026.1671079839 2785955.592798153),1,493.3160425956587,7.274147418063057,66.42469688864932,12531665897,12531665884,0,1354171737,['residential'],False,False,78.75789135745762,,,,,,,12.53978813596578,6.778076648712158,1051,12531665897,12531665884,0,1354171737,['residential'],False,False,78.75789135745762,,,,,,
POINT (502026.1671079839 2785955.592798153),1,493.3160425956587,7.274147418063057,66.42469688864932,12531665884,12531665897,0,1354171737,['residential'],False,True,78.75789135745762,,,,,,,12.53978813596578,6.778076648712158,1051,12531665897,12531665884,0,1354171737,['residential'],False,False,78.75789135745762,,,,,,
POINT (501641.3325220309 2785571.302855641),1,565.0242150869351,21.99535777769694,101.0949350447604,12531473199,3878518908,0,"[1354171741, 384539365, 1354171742]",['trunk'],False,True,592.6539721874856,yes,NH627,,,,,5.052692697086765,6.778076648712158,1036,12531473199,3878518908,0,"[1354171741, 384539365, 1354171742]",['trunk'],False,True,592.6539721874856,yes,NH627,,,,
POINT (501641.3325220309 2785571.302855641),1,565.0242150869351,21.99535777769694,101.0949350447604,3878518908,12531473199,0,"[384539365, 1354171741, 1354171742]",['trunk'],False,False,592.6539721874855,yes,NH627,,,,,5.052692697086765,6.778076648712158,1036,12531473199,3878518908,0,"[1354171741, 384539365, 1354171742]",['trunk'],False,True,592.6539721874856,yes,NH627,,,,
POINT (500982.4521657371 2784593.0389015106),1,691.1501638318605,20.21973744560785,62.22614976497288,6240646215,6240646196,0,666548694,['residential'],False,True,408.4551843330417,,,,,,,118.85653533026816,6.778076648712158,320,6240646215,6240646196,0,666548694,['residential'],False,True,408.4551843330417,,,,,,
POINT (500982.4521657371 2784593.0389015106),1,691.1501638318605,20.21973744560785,62.22614976497288,6240646196,6240646215,0,666548694,['residential'],False,False,408.45518433304164,,,,,,,118.85653533026816,6.778076648712158,320,6240646215,6240646196,0,666548694,['residential'],False,True,408.4551843330417,,,,,,
POINT (516257.8477227803 2790613.1014344105),1,429.4383838688223,23.83355923563301,140.3066290445429,3897171521,7869434966,0,"[843633969, 386397330, 386397334]",['trunk'],False,True,7113.676278732177,,NH27,,,,yes,1579.2801268435492,4.997046947479248,164,3897171521,7869434966,0,"[843633969, 386397330, 386397334]",['trunk'],False,True,7113.676278732177,,NH27,,,,yes
POINT (516257.8477227803 2790613.1014344105),1,429.4383838688223,23.83355923563301,140.3066290445429,7869434966,3897171521,0,"[843633969, 386397330, 386397334]",['trunk'],False,False,7113.676278732173,,NH27,,,,yes,1579.2801268435492,4.997046947479248,164,3897171521,7869434966,0,"[843633969, 386397330, 386397334]",['trunk'],False,True,7113.676278732177,,NH27,,,,yes
POINT (502133.98334628914 2785896.921684375),1,475.98549979950945,8.969133309837959,82.37437122742323,3878519231,6240646905,0,384539365,['trunk'],False,True,311.91993640690737,,NH627,,,,,48.44442622015855,6.778076648712158,133,3878519231,6240646905,0,384539365,['trunk'],False,True,311.91993640690737,,NH627,,,,
POINT (502133.98334628914 2785896.921684375),1,475.98549979950945,8.969133309837959,82.37437122742323,6240646905,3878519231,0,384539365,['trunk'],False,False,311.9199364069073,,NH627,,,,,48.44442622015855,6.778076648712158,133,3878519231,6240646905,0,384539365,['trunk'],False,True,311.91993640690737,,NH627,,,,
POINT (501336.14787857176 2784461.741890874),1,687.9114659771509,26.334793271623212,1.2343932509872368,3878518056,12531805470,0,1354189417,['residential'],False,False,390.704584098993,,,,,,,2.8294665919332886,6.778076648712158,118,3878518056,12531805470,0,1354189417,['residential'],False,False,390.704584098993,,,,,,
POINT (501336.14787857176 2784461.741890874),1,687.9114659771509,26.334793271623212,1.2343932509872368,12531805470,3878518056,0,1354189417,['residential'],False,True,390.70458409899294,,,,,,,2.8294665919332886,6.778076648712158,118,3878518056,12531805470,0,1354189417,['residential'],False,False,390.704584098993,,,,,,
POINT (488217.83378972387 2776831.6474951026),1,317.4791344529177,16.158751824271526,59.86193820799058,2926095072,6244305053,0,666911001,['unclassified'],False,True,1681.3628981119114,,,,,,,3.761690269197414,8.054644584655762,2031,2926095072,6244305053,0,666911001,['unclassified'],False,True,1681.3628981119114,,,,,,
POINT (488217.83378972387 2776831.6474951026),1,317.4791344529177,16.158751824271526,59.86193820799058,6244305053,2926095072,0,666911001,['unclassified'],False,False,1681.3628981119111,,,,,,,3.761690269197414,8.054644584655762,2031,2926095072,6244305053,0,666911001,['unclassified'],False,True,1681.3628981119114,,,,,,
POINT (488354.963714437 2776714.6469333163),1,312.19620117526574,14.713272637949656,26.25534668560444,2926095072,6244305053,0,666911001,['unclassified'],False,True,1681.3628981119114,,,,,,,2.061334879100965,8.054644584655762,2031,2926095072,6244305053,0,666911001,['unclassified'],False,True,1681.3628981119114,,,,,,
POINT (488354.963714437 2776714.6469333163),1,312.19620117526574,14.713272637949656,26.25534668560444,6244305053,2926095072,0,666911001,['unclassified'],False,False,1681.3628981119111,,,,,,,2.061334879100965,8.054644584655762,2031,2926095072,6244305053,0,666911001,['unclassified'],False,True,1681.3628981119114,,,,,,
POINT (484647.015482245 2777985.389695554),1,156.17683174948024,15.427021263809298,138.69320923940404,12187249401,5749944634,0,1316816997,['residential'],False,True,635.2288823071495,,,,,,,551.3862114895361,8.142277717590332,2261,12187249401,5749944634,0,1316816997,['residential'],False,True,635.2288823071495,,,,,,
POINT (484647.015482245 2777985.389695554),1,156.17683174948024,15.427021263809298,138.69320923940404,5749944634,12187249401,0,1316816997,['residential'],False,False,635.2288823071494,,,,,,,551.3862114895361,8.142277717590332,2261,12187249401,5749944634,0,1316816997,['residential'],False,True,635.2288823071495,,,,,,
POINT (524273.34806453844 2795861.194673185),1,784.348350593685,21.091229563132977,176.84795507109075,12745226117,12745192588,0,1376534380,['unclassified'],False,False,7410.787567566349,,,,,,,7.138478693639312,4.997046947479248,1613,12745226117,12745192588,0,1376534380,['unclassified'],False,False,7410.787567566349,,,,,,
POINT (524273.34806453844 2795861.194673185),1,784.348350593685,21.091229563132977,176.84795507109075,12745192588,12745226117,0,1376534380,['unclassified'],False,True,7410.787567566354,,,,,,,7.138478693639312,4.997046947479248,1613,12745226117,12745192588,0,1376534380,['unclassified'],False,False,7410.787567566349,,,,,,
POINT (530305.0109934902 2796392.944807246),1,651.6082269818795,21.30442358312668,280.53057603631373,12745192588,12745202077,0,1376534380,['unclassified'],False,False,5357.542286669343,,,,,,,19.374926614886768,4.997046947479248,1604,12745192588,12745202077,0,1376534380,['unclassified'],False,False,5357.542286669343,,,,,,
POINT (530305.0109934902 2796392.944807246),1,651.6082269818795,21.30442358312668,280.53057603631373,12745202077,12745192588,0,1376534380,['unclassified'],False,True,5357.542286669342,,,,,,,19.374926614886768,4.997046947479248,1604,12745192588,12745202077,0,1376534380,['unclassified'],False,False,5357.542286669343,,,,,,
POINT (482195.9967268083 2805515.423086503),1,960.694892401357,14.476576407252175,31.88383172292741,12626600689,12187249935,0,1316817074,['unclassified'],False,True,13789.61315162602,,,,,,,55.09206162693986,7.570275783538818,2461,12626600689,12187249935,0,1316817074,['unclassified'],False,True,13789.61315162602,,,,,,
POINT (499460.1481996412 2783151.737720535),1,490.0708832801726,18.025704045122193,90.28473067142777,6240646461,6240646439,0,666548749,['residential'],False,True,531.606722704676,,,,,,,927.7440959182566,6.778076648712158,356,6240646461,6240646439,0,666548749,['residential'],False,True,531.606722704676,,,,,,
POINT (499460.1481996412 2783151.737720535),1,490.0708832801726,18.025704045122193,90.28473067142777,6240646439,6240646461,0,666548749,['residential'],False,False,531.606722704676,,,,,,,927.7440959182566,6.778076648712158,356,6240646461,6240646439,0,666548749,['residential'],False,True,531.606722704676,,,,,,
POINT (498900.0946652416 2783818.9262738912),1,639.0445468329972,24.36528626794665,65.41660102231104,6240646571,6240646594,0,666548712,['tertiary'],False,True,465.8783115580791,,,,,,,1298.602662566345,6.778076648712158,367,6240646571,6240646594,0,666548712,['tertiary'],False,True,465.8783115580791,,,,,,
POINT (498900.0946652416 2783818.9262738912),1,639.0445468329972,24.36528626794665,65.41660102231104,6240646594,6240646571,0,666548712,['tertiary'],False,False,465.87831155807913,,,,,,,1298.602662566345,6.778076648712158,367,6240646571,6240646594,0,666548712,['tertiary'],False,True,465.8783115580791,,,,,,
POINT (524421.0127938385 2810697.481233293),1,595.3545965406188,11.61369120999112,81.87583839923802,6251456792,6251457266,0,"[667660353, 667660355, 667660357, 667660360, 667660364, 667660342, 667660345]",['secondary'],False,True,16213.67090978031,yes,Nc-M-1,,,,,3716.981949466626,3.0739004611968994,1894,6251456792,6251457266,0,"[667660353, 667660355, 667660357, 667660360, 667660364, 667660342, 667660345]",['secondary'],False,True,16213.67090978031,yes,Nc-M-1,,,,
POINT (524421.0127938385 2810697.481233293),1,595.3545965406188,11.61369120999112,81.87583839923802,6251457266,6251456792,0,"[667660353, 667660355, 667660357, 667660360, 667660364, 667660342, 667660345]",['secondary'],False,False,16213.67090978031,yes,Nc-M-1,,,,,3716.981949466626,3.0739004611968994,1894,6251456792,6251457266,0,"[667660353, 667660355, 667660357, 667660360, 667660364, 667660342, 667660345]",['secondary'],False,True,16213.67090978031,yes,Nc-M-1,,,,
POINT (521821.4676976356 2805117.9316300983),1,497.7988587451241,26.432966272363984,73.1704233444027,6251457266,12527885618,0,"[1353799885, 1353799886, 1353799887, 667660368, 667660369, 667660366]",['secondary'],False,True,18768.317961884473,yes,Nc-M-1,,,,,4.210744090156774,4.997046947479248,593,6251457266,12527885618,0,"[1353799885, 1353799886, 1353799887, 667660368, 667660369, 667660366]",['secondary'],False,True,18768.317961884473,yes,Nc-M-1,,,,
POINT (500619.80224622856 2799960.5519189895),1,665.9390477825,11.708445197396836,182.5382957904642,3878619642,12542601811,0,384550868,['trunk'],False,True,1416.6825486924554,,NH627,,,,,288.0024833340185,6.778076648712158,148,3878619642,12542601811,0,384550868,['trunk'],False,True,1416.6825486924554,,NH627,,,,
POINT (500619.80224622856 2799960.5519189895),1,665.9390477825,11.708445197396836,182.5382957904642,12542601811,3878619642,0,384550868,['trunk'],False,False,1416.6825486924558,,NH627,,,,,288.0024833340185,6.778076648712158,148,3878619642,12542601811,0,384550868,['trunk'],False,True,1416.6825486924554,,NH627,,,,
POINT (500619.80224622856 2799960.5519189895),1,665.9390477825,11.708445197396836,182.5382957904642,12626590027,3878619642,0,384550868,['trunk'],False,True,4005.3386194653303,,NH627,,,,,288.0024833340185,6.778076648712158,148,3878619642,12542601811,0,384550868,['trunk'],False,True,1416.6825486924554,,NH627,,,,
POINT (500619.80224622856 2799960.5519189895),1,665.9390477825,11.708445197396836,182.5382957904642,3878619642,12626590027,0,384550868,['trunk'],False,False,4005.3386194653294,,NH627,,,,,288.0024833340185,6.778076648712158,148,3878619642,12542601811,0,384550868,['trunk'],False,True,1416.6825486924554,,NH627,,,,
POINT (500619.80224622856 2799960.5519189895),1,665.9390477825,11.708445197396836,182.5382957904642,3878619642,12610487297,0,"[613381484, 1362031487]",['unclassified' 'tertiary'],False,False,4822.982515973946,,,,,,,288.0024833340185,6.778076648712158,148,3878619642,12542601811,0,384550868,['trunk'],False,True,1416.6825486924554,,NH627,,,,
POINT (500619.80224622856 2799960.5519189895),1,665.9390477825,11.708445197396836,182.5382957904642,12610487297,3878619642,0,"[613381484, 1362031487]",['tertiary' 'unclassified'],False,True,4822.982515973948,,,,,,,288.0024833340185,6.778076648712158,148,3878619642,12542601811,0,384550868,['trunk'],False,True,1416.6825486924554,,NH627,,,,
POINT (499595.1140864079 2784094.940481995),1,428.2201302969177,7.503820156263487,101.23113661808196,6240646571,6240646594,0,666548712,['tertiary'],False,True,465.8783115580791,,,,,,,600.6664050428986,6.778076648712158,367,6240646571,6240646594,0,666548712,['tertiary'],False,True,465.8783115580791,,,,,,
POINT (499595.1140864079 2784094.940481995),1,428.2201302969177,7.503820156263487,101.23113661808196,6240646594,6240646571,0,666548712,['tertiary'],False,False,465.87831155807913,,,,,,,600.6664050428986,6.778076648712158,367,6240646571,6240646594,0,666548712,['tertiary'],False,True,465.8783115580791,,,,,,
POINT (512382.40727977606 2800356.0044497526),1,308.86439874111784,9.84145594018728,212.07484028564534,12610475518,12610475423,0,1362028878,['unclassified'],False,False,2079.5509090247774,,,,,,,18.1469433714647,6.778076648712158,1436,12610475518,12610475423,0,1362028878,['unclassified'],False,False,2079.5509090247774,,,,,,
POINT (511651.73113407515 2800213.171348469),1,425.15208931165796,22.448742565846075,351.93507330771524,12610475423,12610475518,0,1362028878,['unclassified'],False,True,2079.5509090247774,,,,,,,6.976912533853901,6.778076648712158,1435,12610475423,12610475518,0,1362028878,['unclassified'],False,True,2079.5509090247774,,,,,,
POINT (511651.73113407515 2800213.171348469),1,425.15208931165796,22.448742565846075,351.93507330771524,12610475518,12610475423,0,1362028878,['unclassified'],False,False,2079.5509090247774,,,,,,,6.976912533853901,6.778076648712158,1435,12610475423,12610475518,0,1362028878,['unclassified'],False,True,2079.5509090247774,,,,,,
POINT (510620.79385306005 2799698.2950817756),1,437.049593739749,19.08074214854504,341.13541550828614,12610475518,12610458654,0,"[1362028873, 1362028875, 1362028878]",['unclassified'],False,True,6422.7717289426555,yes,,,,,,5.4739883659962425,6.778076648712158,1437,12610475518,12610458654,0,"[1362028873, 1362028875, 1362028878]",['unclassified'],False,True,6422.7717289426555,yes,,,,,
POINT (510553.34504086926 2799713.5233545112),1,429.325591996003,16.125227671989855,46.40880235372342,12610475518,12610458654,0,"[1362028873, 1362028875, 1362028878]",['unclassified'],False,True,6422.7717289426555,yes,,,,,,1.649468040736601,6.778076648712158,1437,12610475518,12610458654,0,"[1362028873, 1362028875, 1362028878]",['unclassified'],False,True,6422.7717289426555,yes,,,,,
POINT (510553.34504086926 2799713.5233545112),1,429.325591996003,16.125227671989855,46.40880235372342,12610458654,12610475518,0,"[1362028873, 1362028875, 1362028878]",['unclassified'],False,False,6422.771728942661,yes,,,,,,1.649468040736601,6.778076648712158,1437,12610475518,12610458654,0,"[1362028873, 1362028875, 1362028878]",['unclassified'],False,True,6422.7717289426555,yes,,,,,
POINT (509480.8501109232 2799782.3781382293),1,436.43876969641497,22.175145473180205,23.95282350809628,12610475518,12610458654,0,"[1362028873, 1362028875, 1362028878]",['unclassified'],False,True,6422.7717289426555,yes,,,,,,1.3122613835751689,6.778076648712158,1437,12610475518,12610458654,0,"[1362028873, 1362028875, 1362028878]",['unclassified'],False,True,6422.7717289426555,yes,,,,,
POINT (509480.8501109232 2799782.3781382293),1,436.43876969641497,22.175145473180205,23.95282350809628,12610458654,12610475518,0,"[1362028873, 1362028875, 1362028878]",['unclassified'],False,False,6422.771728942661,yes,,,,,,1.3122613835751689,6.778076648712158,1437,12610475518,12610458654,0,"[1362028873, 1362028875, 1362028878]",['unclassified'],False,True,6422.7717289426555,yes,,,,,
POINT (502395.5372878573 2789915.4180927826),1,598.5235862869471,21.28752570642389,281.04091987210785,3173586037,12776962073,0,311653434,['trunk'],False,False,5968.3741619894845,,NH627,,,,,0.5748813159739369,6.778076648712158,26,3173586037,12776962073,0,311653434,['trunk'],False,False,5968.3741619894845,,NH627,,,,
POINT (502849.2241582514 2792201.016749646),1,604.0915389213136,17.475044758260154,240.2516601887478,12776962073,3173586037,0,311653434,['trunk'],False,True,5968.374161989481,,NH627,,,,,4.817901976374292,6.778076648712158,1654,12776962073,3173586037,0,311653434,['trunk'],False,True,5968.374161989481,,NH627,,,,
POINT (503355.5654577008 2791052.8400059575),1,596.5869842533206,33.31013708786054,253.87710212460968,12776962073,3173586037,0,311653434,['trunk'],False,True,5968.374161989481,,NH627,,,,,71.77613146439282,6.778076648712158,1654,12776962073,3173586037,0,311653434,['trunk'],False,True,5968.374161989481,,NH627,,,,
POINT (503355.5654577008 2791052.8400059575),1,596.5869842533206,33.31013708786054,253.87710212460968,3173586037,12776962073,0,311653434,['trunk'],False,False,5968.3741619894845,,NH627,,,,,71.77613146439282,6.778076648712158,1654,12776962073,3173586037,0,311653434,['trunk'],False,True,5968.374161989481,,NH627,,,,
POINT (500379.6457532761 2785815.9252081965),1,732.5304995702023,25.90067137554357,270.19433100791935,6246436122,6240646800,0,667131703,['unclassified'],False,False,1806.072423681018,,,,,,,7.426822695411419,6.778076648712158,486,6246436122,6240646800,0,667131703,['unclassified'],False,False,1806.072423681018,,,,,,
POINT (499717.912042637 2787100.4079579352),1,455.8614475150516,20.563442836815952,249.60055126075795,6246436159,12532316908,0,1354244975,['residential'],False,True,199.27548805050716,,,,,,,307.55907685699214,6.778076648712158,500,6246436159,12532316908,0,1354244975,['residential'],False,True,199.27548805050716,,,,,,
POINT (499717.912042637 2787100.4079579352),1,455.8614475150516,20.563442836815952,249.60055126075795,12532316908,6246436159,0,1354244975,['residential'],False,False,199.27548805050716,,,,,,,307.55907685699214,6.778076648712158,500,6246436159,12532316908,0,1354244975,['residential'],False,True,199.27548805050716,,,,,,
POINT (499949.6251058244 2786550.069431684),1,470.19695498115084,34.66080524778252,262.2011929040477,6246436122,6246436141,0,667131703,['unclassified'],False,True,571.3891832913728,,,,,,,357.9946398945318,6.778076648712158,487,6246436122,6246436141,0,667131703,['unclassified'],False,True,571.3891832913728,,,,,,
POINT (499949.6251058244 2786550.069431684),1,470.19695498115084,34.66080524778252,262.2011929040477,6246436141,6246436122,0,667131703,['unclassified'],False,False,571.389183291373,,,,,,,357.9946398945318,6.778076648712158,487,6246436122,6246436141,0,667131703,['unclassified'],False,True,571.3891832913728,,,,,,
POINT (499745.9184276395 2787051.353322969),1,454.08705686585387,22.855238740762456,239.77304915980983,6246436159,12532316908,0,1354244975,['residential'],False,True,199.27548805050716,,,,,,,304.8044270144448,6.778076648712158,500,6246436159,12532316908,0,1354244975,['residential'],False,True,199.27548805050716,,,,,,
POINT (499745.9184276395 2787051.353322969),1,454.08705686585387,22.855238740762456,239.77304915980983,12532316908,6246436159,0,1354244975,['residential'],False,False,199.27548805050716,,,,,,,304.8044270144448,6.778076648712158,500,6246436159,12532316908,0,1354244975,['residential'],False,True,199.27548805050716,,,,,,
POINT (503738.5601544285 2800981.021197402),1,459.0666621694818,18.08292505384672,187.36939935754413,3878619642,12610487297,0,"[613381484, 1362031487]",['unclassified' 'tertiary'],False,False,4822.982515973946,,,,,,,42.09382692961227,6.778076648712158,149,3878619642,12610487297,0,"[613381484, 1362031487]",['unclassified' 'tertiary'],False,False,4822.982515973946,,,,,,
POINT (503738.5601544285 2800981.021197402),1,459.0666621694818,18.08292505384672,187.36939935754413,12610487297,3878619642,0,"[613381484, 1362031487]",['tertiary' 'unclassified'],False,True,4822.982515973948,,,,,,,42.09382692961227,6.778076648712158,149,3878619642,12610487297,0,"[613381484, 1362031487]",['unclassified' 'tertiary'],False,False,4822.982515973946,,,,,,
POINT (505923.6187705469 2580402.9976137388),1,,,,9784911442,9784732488,0,"[1380993857, 1380993858, 1065432835, 1380993859, 1065447498]",['unclassified'],False,True,4439.474131425192,yes,,,,,,183870.34513568194,4.650519847869873,703,9784911442,9784732488,0,"[1380993857, 1380993858, 1065432835, 1380993859, 1065447498]",['unclassified'],False,True,4439.474131425192,yes,,,,,
POINT (505923.6187705469 2580402.9976137388),1,,,,9784732488,9784911442,0,"[1380993857, 1380993858, 1380993859, 1065432835, 1065447498]",['unclassified'],False,False,4439.474131425192,yes,,,,,,183870.34513568194,4.650519847869873,703,9784911442,9784732488,0,"[1380993857, 1380993858, 1065432835, 1380993859, 1065447498]",['unclassified'],False,True,4439.474131425192,yes,,,,,
POINT (502703.0551194112 2786860.1655499153),1,443.70765937345595,13.352547442488392,237.13547476541004,12531666555,12514391735,0,1354171729,['residential'],False,True,2639.801438599192,,,,,,,7.576078613076142,6.778076648712158,1059,12531666555,12514391735,0,1354171729,['residential'],False,True,2639.801438599192,,,,,,
POINT (502703.0551194112 2786860.1655499153),1,443.70765937345595,13.352547442488392,237.13547476541004,12514391735,12531666555,0,1354171729,['residential'],False,False,2639.8014385991905,,,,,,,7.576078613076142,6.778076648712158,1059,12531666555,12514391735,0,1354171729,['residential'],False,True,2639.801438599192,,,,,,
POINT (510571.4565496029 2785805.644324982),1,568.5975827536888,12.991320297322947,205.08599682863314,12195786601,7869434931,0,"[1239837512, 843633969, 978242752]",['trunk'],False,False,3252.8269153022397,,NH27,,,,yes,118.23273199921756,6.778076648712158,880,12195786601,7869434931,0,"[1239837512, 843633969, 978242752]",['trunk'],False,False,3252.8269153022397,,NH27,,,,yes
POINT (510571.4565496029 2785805.644324982),1,568.5975827536888,12.991320297322947,205.08599682863314,7869434931,12195786601,0,"[978242752, 843633969, 1239837512]",['trunk'],False,True,3252.826915302239,,NH27,,,,yes,118.23273199921756,6.778076648712158,880,12195786601,7869434931,0,"[1239837512, 843633969, 978242752]",['trunk'],False,False,3252.8269153022397,,NH27,,,,yes
POINT (508602.7115731793 2781325.5076304413),1,791.1964977272756,26.18101527019448,9.644750576719495,12770423195,12770420430,0,1379123738,['unclassified'],False,False,3026.011680193185,,,,,,,154.04983353844352,6.778076648712158,1626,12770423195,12770420430,0,1379123738,['unclassified'],False,False,3026.011680193185,,,,,,
POINT (508602.7115731793 2781325.5076304413),1,791.1964977272756,26.18101527019448,9.644750576719495,12770420430,12770423195,0,1379123738,['unclassified'],False,True,3026.0116801931854,,,,,,,154.04983353844352,6.778076648712158,1626,12770423195,12770420430,0,1379123738,['unclassified'],False,False,3026.011680193185,,,,,,
POINT (498195.2587702014 2812053.4900057497),1,285.55390042098406,21.38933204412068,196.2182281703724,12626600171,3878620601,0,384547304,['trunk'],False,True,4635.65311100958,,NH627;SH-1020,,,,,13.961056798355735,3.475105047225952,3336,12626600171,3878620601,0,384547304,['trunk'],False,True,4635.65311100958,,NH627;SH-1020,,,,
POINT (498195.2587702014 2812053.4900057497),1,285.55390042098406,21.38933204412068,196.2182281703724,3878620601,12626600171,0,384547304,['trunk'],False,False,4635.653111009582,,NH627;SH-1020,,,,,13.961056798355735,3.475105047225952,3336,12626600171,3878620601,0,384547304,['trunk'],False,True,4635.65311100958,,NH627;SH-1020,,,,
POINT (500768.1294611745 2791648.7384242085),1,333.44687620875226,37.31613571427949,45.4682224154533,12517051381,12517051380,0,"[1352780189, 1352780190, 1352780191]",['unclassified'],False,True,4370.518063446728,yes,,,,,,17.6394606617135,6.778076648712158,963,12517051381,12517051380,0,"[1352780189, 1352780190, 1352780191]",['unclassified'],False,True,4370.518063446728,yes,,,,,
POINT (500396.4886513004 2792126.310458765),1,309.31005669734435,19.890533289488243,49.17862173468962,12517051381,12517051380,0,"[1352780189, 1352780190, 1352780191]",['unclassified'],False,True,4370.518063446728,yes,,,,,,4.798590233626218,6.778076648712158,963,12517051381,12517051380,0,"[1352780189, 1352780190, 1352780191]",['unclassified'],False,True,4370.518063446728,yes,,,,,
POINT (500113.83188388404 2788381.0170329544),1,319.3647277290785,23.533966366380632,333.10793070919425,6240693296,3878519558,0,"[1354244933, 1354244934, 666552497, 666552498, 666552499, 666552501]",['unclassified'],False,True,3886.865552466903,yes,,,,,,2.1836794069833427,6.778076648712158,481,6240693296,3878519558,0,"[1354244933, 1354244934, 666552497, 666552498, 666552499, 666552501]",['unclassified'],False,True,3886.865552466903,yes,,,,,
POINT (499978.0394220365 2788325.0970475604),1,317.8825080086176,21.56777911236734,299.1244857507236,3878519558,6240693296,0,"[1354244933, 1354244934, 666552497, 666552498, 666552499, 666552501]",['unclassified'],False,False,3886.865552466906,yes,,,,,,9.89970703169664,6.778076648712158,138,3878519558,6240693296,0,"[1354244933, 1354244934, 666552497, 666552498, 666552499, 666552501]",['unclassified'],False,False,3886.865552466906,yes,,,,,
POINT (519263.74903859803 2794587.7727588667),1,497.985236368597,17.886441694940938,302.91101719395436,6246654149,6246654933,0,"[613368129, 667166451, 667166445]",['unclassified' 'tertiary'],False,"[ false, true ]",9259.44923616695,,,,,,,14.99592439476648,4.997046947479248,537,6246654149,6246654933,0,"[613368129, 667166451, 667166445]",['unclassified' 'tertiary'],False,"[ false, true ]",9259.44923616695,,,,,,
POINT (519231.74931957544 2794503.0162996883),1,489.07080439961385,19.09136953146285,247.49860220522478,6246654933,6246654149,0,"[613368129, 667166451, 667166445]",['tertiary' 'unclassified'],False,"[ false, true ]",9259.449236166949,,,,,,,12.87179500123899,4.997046947479248,539,6246654933,6246654149,0,"[613368129, 667166451, 667166445]",['tertiary' 'unclassified'],False,"[ false, true ]",9259.449236166949,,,,,,
POINT (519775.68712605827 2794500.7006698484),1,539.7361379956848,18.15523388937536,23.528342790072045,6246654149,6246654933,0,"[613368129, 667166451, 667166445]",['unclassified' 'tertiary'],False,"[ false, true ]",9259.44923616695,,,,,,,1.05748065109863,4.997046947479248,537,6246654149,6246654933,0,"[613368129, 667166451, 667166445]",['unclassified' 'tertiary'],False,"[ false, true ]",9259.44923616695,,,,,,
POINT (519936.5917940667 2794432.5039183847),1,548.5751167434348,27.52539213293434,80.42559519335038,6246654149,6246654933,0,"[613368129, 667166451, 667166445]",['unclassified' 'tertiary'],False,"[ false, true ]",9259.44923616695,,,,,,,3.41001391970406,4.997046947479248,537,6246654149,6246654933,0,"[613368129, 667166451, 667166445]",['unclassified' 'tertiary'],False,"[ false, true ]",9259.44923616695,,,,,,
POINT (521928.64696856576 2794391.406346084),1,621.3140298996132,22.81114443766534,225.61627052019998,6246654933,12745226117,0,"[1376534387, 667166452]",['unclassified'],False,"[ false, true ]",4787.054590592899,,,,,,,3.0054991518564327,4.997046947479248,540,6246654933,12745226117,0,"[1376534387, 667166452]",['unclassified'],False,"[ false, true ]",4787.054590592899,,,,,,
POINT (512985.28137694293 2842261.807696474),1,303.12650379596,15.218172040591206,85.23701959993869,12677705845,7869322543,0,"[843621725, 843621717]",['trunk'],True,False,16915.63850868844,,NH27,,,,,5.033889371533322,2.765881299972534,1971,12677705845,7869322543,0,"[843621725, 843621717]",['trunk'],True,False,16915.63850868844,,NH27,,,,
POINT (512198.20888467383 2836765.3076247205),1,342.7460565537767,18.410640029266457,236.9167663494314,12677705845,7869322543,0,"[843621725, 843621717]",['trunk'],True,False,16915.63850868844,,NH27,,,,,3.0534772850468674,3.118769645690918,1971,12677705845,7869322543,0,"[843621725, 843621717]",['trunk'],True,False,16915.63850868844,,NH27,,,,
POINT (512172.16387186793 2808025.2586168363),1,295.15875584204093,14.044626997562272,168.5828489359904,12628374465,7869361469,0,"[1363831851, 843628173, 1363686576, 1363686578, 843631891, 843631892, 843631894, 843631895, 843631897, 843631899]",['trunk'],True,False,14976.661466194246,yes,NH27,,,,,0.255302022620883,3.475105047225952,1532,12628374465,7869361469,0,"[1363831851, 843628173, 1363686576, 1363686578, 843631891, 843631892, 843631894, 843631895, 843631897, 843631899]",['trunk'],True,False,14976.661466194246,yes,NH27,,,,
POINT (513455.919544154 2802766.711751172),1,289.3876563954109,18.014600517483377,305.1822854550556,7869411316,12628374356,0,1363831828,['trunk'],True,False,1114.3944514598886,,NH27,,,,,7.1155473291582565,4.997046947479248,614,7869411316,12628374356,0,1363831828,['trunk'],True,False,1114.3944514598886,,NH27,,,,
POINT (489742.07074167184 2819622.424991556),0,439.5637013553016,17.889368936934506,156.7572240885209,12186828270,12186828275,0,1316761141,['unclassified'],False,True,542.3968982765521,,,['1'],,,,3326.2978107786194,3.475105047225952,3277,12186828270,12186828275,0,1316761141,['unclassified'],False,True,542.3968982765521,,,['1'],,,
POINT (489742.07074167184 2819622.424991556),0,439.5637013553016,17.889368936934506,156.7572240885209,12186828275,12186828270,0,1316761141,['unclassified'],False,False,542.3968982765521,,,['1'],,,,3326.2978107786194,3.475105047225952,3277,12186828270,12186828275,0,1316761141,['unclassified'],False,True,542.3968982765521,,,['1'],,,
POINT (526477.2994097385 2808777.343250137),0,369.1646497327174,17.09248964080009,305.0176501837745,6251456792,6251457266,0,"[667660353, 667660355, 667660357, 667660360, 667660364, 667660342, 667660345]",['secondary'],False,True,16213.67090978031,yes,Nc-M-1,,,,,984.5845433170286,3.0739004611968994,1894,6251456792,6251457266,0,"[667660353, 667660355, 667660357, 667660360, 667660364, 667660342, 667660345]",['secondary'],False,True,16213.67090978031,yes,Nc-M-1,,,,
POINT (526477.2994097385 2808777.343250137),0,369.1646497327174,17.09248964080009,305.0176501837745,6251457266,6251456792,0,"[667660353, 667660355, 667660357, 667660360, 667660364, 667660342, 667660345]",['secondary'],False,False,16213.67090978031,yes,Nc-M-1,,,,,984.5845433170286,3.0739004611968994,1894,6251456792,6251457266,0,"[667660353, 667660355, 667660357, 667660360, 667660364, 667660342, 667660345]",['secondary'],False,True,16213.67090978031,yes,Nc-M-1,,,,
POINT (544741.6519206732 2812976.6106546577),0,497.52308305409133,14.436188147701902,261.0886487466465,12637355670,12637355208,0,"[1364623578, 1364623579]",['residential' 'unclassified'],False,False,4991.465614228053,,,,,,,913.5462389315932,3.314725637435913,1969,12637355670,12637355208,0,"[1364623578, 1364623579]",['residential' 'unclassified'],False,False,4991.465614228053,,,,,,
POINT (544741.6519206732 2812976.6106546577),0,497.52308305409133,14.436188147701902,261.0886487466465,12637355208,12637355670,0,"[1364623578, 1364623579]",['residential' 'unclassified'],False,True,4991.46561422805,,,,,,,913.5462389315932,3.314725637435913,1969,12637355670,12637355208,0,"[1364623578, 1364623579]",['residential' 'unclassified'],False,False,4991.465614228053,,,,,,
POINT (507046.44217486674 2837316.530705663),0,265.14646623083706,6.950868218994593,186.95707082941192,12677777486,12677779703,0,1368873442,['unclassified'],False,False,3149.9064263512964,,,,,,,1274.736973244031,3.118769645690918,1986,12677777486,12677779703,0,1368873442,['unclassified'],False,False,3149.9064263512964,,,,,,
POINT (507046.44217486674 2837316.530705663),0,265.14646623083706,6.950868218994593,186.95707082941192,12677779703,12677777486,0,1368873442,['unclassified'],False,True,3149.906426351296,,,,,,,1274.736973244031,3.118769645690918,1986,12677777486,12677779703,0,1368873442,['unclassified'],False,False,3149.9064263512964,,,,,,
POINT (497569.441004924 2780912.343647373),0,871.0234052099564,15.535904703816321,112.00720379671743,12527556985,12527589648,0,"[1353773258, 1353773260]",['unclassified'],False,True,11780.553771651212,,,,,,,180.1235284718194,6.778076648712158,1001,12527556985,12527589648,0,"[1353773258, 1353773260]",['unclassified'],False,True,11780.553771651212,,,,,,
POINT (497569.441004924 2780912.343647373),0,871.0234052099564,15.535904703816321,112.00720379671743,12527589648,12527556985,0,"[1353773258, 1353773260]",['unclassified'],False,False,11780.55377165122,,,,,,,180.1235284718194,6.778076648712158,1001,12527556985,12527589648,0,"[1353773258, 1353773260]",['unclassified'],False,True,11780.553771651212,,,,,,
POINT (509470.38388025056 2773409.9053916633),0,488.90250990319123,24.790246044178787,167.14894723078058,12205992014,12205923119,0,"[1318880720, 1318880676]",['unclassified'],False,True,6124.723716657844,,,,,,,4722.940041091381,8.054644584655762,942,12205992014,12205923119,0,"[1318880720, 1318880676]",['unclassified'],False,True,6124.723716657844,,,,,,
POINT (509470.38388025056 2773409.9053916633),0,488.90250990319123,24.790246044178787,167.14894723078058,12205923119,12205992014,0,"[1318880720, 1318880676]",['unclassified'],False,False,6124.723716657842,,,,,,,4722.940041091381,8.054644584655762,942,12205992014,12205923119,0,"[1318880720, 1318880676]",['unclassified'],False,True,6124.723716657844,,,,,,
POINT (530979.293942206 2773881.489554625),0,608.9839196574086,28.69692307488927,142.85406770193654,12197522498,12200325654,0,"[1317946659, 1317946660, 1317946661, 1318233509, 1318233488, 1318233489, 1318233491, 1318233492, 1318233493]",['tertiary'],False,"[ false, true ]",21587.602050418463,yes,NH137G,['1'],,,,1585.3891208786654,7.2444376945495605,891,12197522498,12200325654,0,"[1317946659, 1317946660, 1317946661, 1318233509, 1318233488, 1318233489, 1318233491, 1318233492, 1318233493]",['tertiary'],False,"[ false, true ]",21587.602050418463,yes,NH137G,['1'],,,
POINT (530979.293942206 2773881.489554625),0,608.9839196574086,28.69692307488927,142.85406770193654,12200325654,12197522498,0,"[1317946659, 1317946660, 1317946661, 1318233509, 1318233488, 1318233489, 1318233491, 1318233492, 1318233493]",['tertiary'],False,"[ false, true ]",21587.602050418496,yes,NH137G,['1'],,,,1585.3891208786654,7.2444376945495605,891,12197522498,12200325654,0,"[1317946659, 1317946660, 1317946661, 1318233509, 1318233488, 1318233489, 1318233491, 1318233492, 1318233493]",['tertiary'],False,"[ false, true ]",21587.602050418463,yes,NH137G,['1'],,,
POINT (517175.0623601589 2814454.9002393195),0,357.58654689800096,27.198722135884875,291.7276590096413,7869412358,12628374466,0,"[1363831853, 1363686577, 1363686579, 843631893, 843631896, 843631900]",['trunk'],True,False,13977.214526006808,yes,NH27,,,,,2739.30034458898,3.0739004611968994,1915,7869412358,12628374466,0,"[1363831853, 1363686577, 1363686579, 843631893, 843631896, 843631900]",['trunk'],True,False,13977.214526006808,yes,NH27,,,,
POINT (510892.0179687134 2766425.4275547555),0,836.1898269035705,19.310277543034687,126.05799668543972,12205988597,12205991116,0,1318888631,['residential'],False,False,355.2702007111401,,,,,,,531.2984539984985,8.054644584655762,938,12205988597,12205991116,0,1318888631,['residential'],False,False,355.2702007111401,,,,,,
POINT (510892.0179687134 2766425.4275547555),0,836.1898269035705,19.310277543034687,126.05799668543972,12205991116,12205988597,0,1318888631,['residential'],False,True,355.27020071114015,,,,,,,531.2984539984985,8.054644584655762,938,12205988597,12205991116,0,1318888631,['residential'],False,False,355.2702007111401,,,,,,
POINT (508917.6190674893 2798833.434213081),0,272.023181011873,6.477404159836562,286.8649847697809,12610495876,12610475518,0,"[1380121784, 1380121754, 1380121755]",['unclassified'],False,False,7141.199885432465,yes,,,,,,84.16731947384642,6.778076648712158,1444,12610495876,12610475518,0,"[1380121784, 1380121754, 1380121755]",['unclassified'],False,False,7141.199885432465,yes,,,,,
POINT (508917.6190674893 2798833.434213081),0,272.023181011873,6.477404159836562,286.8649847697809,12610475518,12610495876,0,"[1380121784, 1380121754, 1380121755]",['unclassified'],False,True,7141.19988543247,yes,,,,,,84.16731947384642,6.778076648712158,1444,12610495876,12610475518,0,"[1380121784, 1380121754, 1380121755]",['unclassified'],False,False,7141.199885432465,yes,,,,,
POINT (507199.7834723152 2827475.058569069),0,205.98527496227143,20.227340422745165,215.68433843621764,7869378007,7869367545,0,"[1368873649, 1368873650, 843621717, 843626037]",['trunk'],True,False,14288.252098996374,yes,NH27,,,,,2006.56111188218,3.475105047225952,1909,7869378007,7869367545,0,"[1368873649, 1368873650, 843621717, 843626037]",['trunk'],True,False,14288.252098996374,yes,NH27,,,,
POINT (523896.3136459177 2763606.1521277367),0,170.4382227394562,9.784477844839225,227.39406312711685,12785553702,9784818499,0,1065450946,['residential'],False,True,427.3324964700475,,,,,,,164.74687875258297,7.2444376945495605,1687,12785553702,9784818499,0,1065450946,['residential'],False,True,427.3324964700475,,,,,,
POINT (523896.3136459177 2763606.1521277367),0,170.4382227394562,9.784477844839225,227.39406312711685,9784818499,12785553702,0,1065450946,['residential'],False,False,427.3324964700475,,,,,,,164.74687875258297,7.2444376945495605,1687,12785553702,9784818499,0,1065450946,['residential'],False,True,427.3324964700475,,,,,,
POINT (472983.60384217865 2786645.552951416),0,1301.6046897066499,7.4255014619790325,320.1568307950613,6244446253,12187250966,0,1316817062,['tertiary'],False,True,18111.095265319484,,,,,,,8125.83172425161,7.570275783538818,2059,6244446253,12187250966,0,1316817062,['tertiary'],False,True,18111.095265319484,,,,,,
POINT (472983.60384217865 2786645.552951416),0,1301.6046897066499,7.4255014619790325,320.1568307950613,12187250966,6244446253,0,1316817062,['tertiary'],False,False,18111.095265319484,,,,,,,8125.83172425161,7.570275783538818,2059,6244446253,12187250966,0,1316817062,['tertiary'],False,True,18111.095265319484,,,,,,
POINT (513425.5178638287 2838771.812325477),0,251.2732409533476,12.599945119706758,192.55303528289667,12677705845,7869322543,0,"[843621725, 843621717]",['trunk'],True,False,16915.63850868844,,NH27,,,,,1770.7286742406434,2.765881299972534,1971,12677705845,7869322543,0,"[843621725, 843621717]",['trunk'],True,False,16915.63850868844,,NH27,,,,
POINT (493833.5209810136 2829999.7272816612),0,127.47937058223397,11.608758481629158,98.5152074919847,6175514558,6175514514,0,659589591,['primary'],False,False,1104.2331169421086,,SH16;SH-020,,,SH16,,183.5565991532726,3.475105047225952,2560,6175514558,6175514514,0,659589591,['primary'],False,False,1104.2331169421086,,SH16;SH-020,,,SH16,
POINT (493833.5209810136 2829999.7272816612),0,127.47937058223397,11.608758481629158,98.5152074919847,6175514514,6175514558,0,659589591,['primary'],False,True,1104.2331169421086,,SH16;SH-020,,,SH16,,183.5565991532726,3.475105047225952,2560,6175514558,6175514514,0,659589591,['primary'],False,False,1104.2331169421086,,SH16;SH-020,,,SH16,
POINT (510891.58440462255 2817550.9313671417),0,197.94190777815464,13.641449600712626,20.22022335243727,12677769855,12677769858,0,1368873450,['residential'],False,False,369.3419912019222,,,,,,,2111.537452594164,3.475105047225952,1979,12677769855,12677769858,0,1368873450,['residential'],False,False,369.3419912019222,,,,,,
POINT (510891.58440462255 2817550.9313671417),0,197.94190777815464,13.641449600712626,20.22022335243727,12677769858,12677769855,0,1368873450,['residential'],False,True,369.34199120192227,,,,,,,2111.537452594164,3.475105047225952,1979,12677769855,12677769858,0,1368873450,['residential'],False,False,369.3419912019222,,,,,,
POINT (469556.27572701825 2807927.068973529),0,743.0,,,12188935038,12188935037,0,1317004594,['unclassified'],False,True,5.531573396591523,,,,,,,4474.988643131062,3.9780373573303223,3316,12188935038,12188935037,0,1317004594,['unclassified'],False,True,5.531573396591523,,,,,,
POINT (469556.27572701825 2807927.068973529),0,743.0,,,12188935037,12188935038,0,1317004594,['unclassified'],False,False,5.531573396591523,,,,,,,4474.988643131062,3.9780373573303223,3316,12188935038,12188935037,0,1317004594,['unclassified'],False,True,5.531573396591523,,,,,,
POINT (479059.7089783067 2795939.73968578),0,892.8189497194518,25.21123311445824,307.55936071077167,12187250966,6244446253,0,1316817062,['tertiary'],False,False,18111.095265319484,,,,,,,1243.7037045608226,7.570275783538818,2270,12187250966,6244446253,0,1316817062,['tertiary'],False,False,18111.095265319484,,,,,,
POINT (479059.7089783067 2795939.73968578),0,892.8189497194518,25.21123311445824,307.55936071077167,6244446253,12187250966,0,1316817062,['tertiary'],False,True,18111.095265319484,,,,,,,1243.7037045608226,7.570275783538818,2270,12187250966,6244446253,0,1316817062,['tertiary'],False,False,18111.095265319484,,,,,,
POINT (498344.51232585975 2841581.5555224293),0,164.4673603247552,23.38261934922358,60.08826539099839,12646473689,12646536432,0,"[1365624556, 1365624558]",['residential' 'unclassified'],False,False,8287.488909603735,,,,,,,3164.672253727946,3.118769645690918,3340,12646473689,12646536432,0,"[1365624556, 1365624558]",['residential' 'unclassified'],False,False,8287.488909603735,,,,,,
POINT (498344.51232585975 2841581.5555224293),0,164.4673603247552,23.38261934922358,60.08826539099839,12646536432,12646473689,0,"[1365624556, 1365624558]",['residential' 'unclassified'],False,True,8287.488909603735,,,,,,,3164.672253727946,3.118769645690918,3340,12646473689,12646536432,0,"[1365624556, 1365624558]",['residential' 'unclassified'],False,False,8287.488909603735,,,,,,
POINT (490117.2001265724 2836423.5018053073),0,158.5308673408017,10.776572649243155,247.0132438228106,6175514664,12184928261,0,"[659589592, 659589591]",['primary'],False,True,6192.67064343145,,SH16;SH-020,,,SH16,,1217.5807646035,3.118769645690918,2563,6175514664,12184928261,0,"[659589592, 659589591]",['primary'],False,True,6192.67064343145,,SH16;SH-020,,,SH16,
POINT (490117.2001265724 2836423.5018053073),0,158.5308673408017,10.776572649243155,247.0132438228106,12184928261,6175514664,0,"[659589592, 659589591]",['primary'],False,False,6192.670643431445,,SH16;SH-020,,,SH16,,1217.5807646035,3.118769645690918,2563,6175514664,12184928261,0,"[659589592, 659589591]",['primary'],False,True,6192.67064343145,,SH16;SH-020,,,SH16,
POINT (504132.06056504307 2815609.6690430143),0,212.50605243288277,4.7012283900684135,126.64868260561528,12626599211,12626597151,0,"[1363686818, 1363686921, 1363686583, 1363686584, 1363686585]",['unclassified'],False,True,3095.3959788866346,,,,,,,2995.285346087619,3.475105047225952,1943,12626599211,12626597151,0,"[1363686818, 1363686921, 1363686583, 1363686584, 1363686585]",['unclassified'],False,True,3095.3959788866346,,,,,,
POINT (504132.06056504307 2815609.6690430143),0,212.50605243288277,4.7012283900684135,126.64868260561528,12626597151,12626599211,0,"[1363686818, 1363686921, 1363686583, 1363686584, 1363686585]",['unclassified'],False,False,3095.395978886635,,,,,,,2995.285346087619,3.475105047225952,1943,12626599211,12626597151,0,"[1363686818, 1363686921, 1363686583, 1363686584, 1363686585]",['unclassified'],False,True,3095.3959788866346,,,,,,
POINT (531789.2164012677 2785157.6021157056),0,1319.9603056356082,20.67392869239812,265.07196703832125,12200364894,6247910647,0,"[1318233506, 1318233507, 1318233508]",['tertiary' 'primary'],False,True,9891.024778612013,,NH137G,['1'],,,,114.90524201681214,4.997046947479248,930,12200364894,6247910647,0,"[1318233506, 1318233507, 1318233508]",['tertiary' 'primary'],False,True,9891.024778612013,,NH137G,['1'],,,
POINT (531789.2164012677 2785157.6021157056),0,1319.9603056356082,20.67392869239812,265.07196703832125,6247910647,12200364894,0,"[1318233506, 1318233507, 1318233508]",['tertiary' 'primary'],False,False,9891.02477861201,,NH137G,['1'],,,,114.90524201681214,4.997046947479248,930,12200364894,6247910647,0,"[1318233506, 1318233507, 1318233508]",['tertiary' 'primary'],False,True,9891.024778612013,,NH137G,['1'],,,
POINT (509959.30709634937 2768315.908978892),0,429.0080543780065,11.856534597177518,259.3501756603859,12205992014,12205991116,0,1318888660,['unclassified'],False,False,4117.778053829975,,,,,,,1997.7503414138903,8.054644584655762,943,12205992014,12205991116,0,1318888660,['unclassified'],False,False,4117.778053829975,,,,,,
POINT (509959.30709634937 2768315.908978892),0,429.0080543780065,11.856534597177518,259.3501756603859,12205991116,12205992014,0,1318888660,['unclassified'],False,True,4117.778053829976,,,,,,,1997.7503414138903,8.054644584655762,943,12205992014,12205991116,0,1318888660,['unclassified'],False,False,4117.778053829975,,,,,,
POINT (470214.5473624079 2813955.505999),0,748.3649897164563,8.941433327086102,304.9951391760843,3173561465,3878463742,0,311652626,['tertiary'],False,True,16898.20238393974,,,,,,,313.0152571460788,3.9780373573303223,2498,3173561465,3878463742,0,311652626,['tertiary'],False,True,16898.20238393974,,,,,,
POINT (470214.5473624079 2813955.505999),0,748.3649897164563,8.941433327086102,304.9951391760843,3878463742,3173561465,0,311652626,['tertiary'],False,False,16898.202383939722,,,,,,,313.0152571460788,3.9780373573303223,2498,3173561465,3878463742,0,311652626,['tertiary'],False,True,16898.20238393974,,,,,,
POINT (506765.7031733817 2808338.66666215),0,410.06357551303176,17.45699420769754,236.61682498188856,12628341564,12628373876,0,1363831806,['unclassified'],False,True,5568.93847314733,,,,,,,1116.2493123774605,3.475105047225952,1482,12628341564,12628373876,0,1363831806,['unclassified'],False,True,5568.93847314733,,,,,,
POINT (506765.7031733817 2808338.66666215),0,410.06357551303176,17.45699420769754,236.61682498188856,12628373876,12628341564,0,1363831806,['unclassified'],False,False,5568.938473147334,,,,,,,1116.2493123774605,3.475105047225952,1482,12628341564,12628373876,0,1363831806,['unclassified'],False,True,5568.93847314733,,,,,,
POINT (486910.6518234167 2845938.0924646026),0,123.15092110725239,1.0502704225818096,97.81364825661737,6253845481,6175515523,0,"[1365630635, 1365630636, 1365630637, 1365630638, 384532055]",['trunk'],False,True,27418.676099295448,yes,NH627,['2'],,,,251.39851590960507,3.3000731468200684,2581,6253845481,6175515523,0,"[1365630635, 1365630636, 1365630637, 1365630638, 384532055]",['trunk'],False,True,27418.676099295448,yes,NH627,['2'],,,
POINT (486910.6518234167 2845938.0924646026),0,123.15092110725239,1.0502704225818096,97.81364825661737,6175515523,6253845481,0,"[1365630635, 1365630636, 1365630637, 1365630638, 384532055]",['trunk'],False,False,27418.67609929543,yes,NH627,['2'],,,,251.39851590960507,3.3000731468200684,2581,6253845481,6175515523,0,"[1365630635, 1365630636, 1365630637, 1365630638, 384532055]",['trunk'],False,True,27418.676099295448,yes,NH627,['2'],,,
POINT (508565.30389533367 2809487.3691191166),0,275.0481050778517,19.046165157425566,14.574352650850232,12628341564,12628373876,0,1363831806,['unclassified'],False,True,5568.93847314733,,,,,,,2316.140372648694,3.475105047225952,1482,12628341564,12628373876,0,1363831806,['unclassified'],False,True,5568.93847314733,,,,,,
POINT (508565.30389533367 2809487.3691191166),0,275.0481050778517,19.046165157425566,14.574352650850232,12628373876,12628341564,0,1363831806,['unclassified'],False,False,5568.938473147334,,,,,,,2316.140372648694,3.475105047225952,1482,12628341564,12628373876,0,1363831806,['unclassified'],False,True,5568.93847314733,,,,,,
POINT (528755.1899538394 2807638.120276642),0,290.5592639767155,6.060206640435465,128.22162712344988,6251241407,6251457266,0,"[667636170, 667636162, 667636156]",['tertiary'],False,"[ false, true ]",6270.75969907136,,,,,,,432.2970030487212,3.0739004611968994,588,6251241407,6251457266,0,"[667636170, 667636162, 667636156]",['tertiary'],False,"[ false, true ]",6270.75969907136,,,,,,
POINT (528755.1899538394 2807638.120276642),0,290.5592639767155,6.060206640435465,128.22162712344988,6251457266,6251241407,0,"[667636162, 667636170, 667636156]",['tertiary'],False,"[ false, true ]",6270.759699071358,,,,,,,432.2970030487212,3.0739004611968994,588,6251241407,6251457266,0,"[667636170, 667636162, 667636156]",['tertiary'],False,"[ false, true ]",6270.75969907136,,,,,,
POINT (524820.7911775032 2797346.582992629),0,1023.8945788099018,18.86700888064,20.192524885952484,12745226117,12745200080,0,1376534386,['residential'],False,False,3118.814066732372,,,,,,,214.34446573611947,4.997046947479248,1614,12745226117,12745200080,0,1376534386,['residential'],False,False,3118.814066732372,,,,,,
POINT (524820.7911775032 2797346.582992629),0,1023.8945788099018,18.86700888064,20.192524885952484,12745200080,12745226117,0,1376534386,['residential'],False,True,3118.8140667323746,,,,,,,214.34446573611947,4.997046947479248,1614,12745226117,12745200080,0,1376534386,['residential'],False,False,3118.814066732372,,,,,,
POINT (491148.2622652241 2813625.1373701044),0,523.7433026283601,9.321859346288772,49.76356363558964,3878590404,12187251357,0,"[384547304, 384547305, 384547306, 384545268]",['trunk'],False,False,24098.021607759852,,NH627;SH-1020,,,,,81.45851016307702,3.475105047225952,2546,3878590404,12187251357,0,"[384547304, 384547305, 384547306, 384545268]",['trunk'],False,False,24098.021607759852,,NH627;SH-1020,,,,
POINT (491148.2622652241 2813625.1373701044),0,523.7433026283601,9.321859346288772,49.76356363558964,12187251357,3878590404,0,"[384547304, 384547305, 384547306, 384545268]",['trunk'],False,True,24098.021607759867,,NH627;SH-1020,,,,,81.45851016307702,3.475105047225952,2546,3878590404,12187251357,0,"[384547304, 384547305, 384547306, 384545268]",['trunk'],False,False,24098.021607759852,,NH627;SH-1020,,,,
POINT (526895.3957309591 2815714.705605187),0,673.6487246040166,7.465100614492776,219.18649043199633,6251456792,6251457266,0,"[667660353, 667660355, 667660357, 667660360, 667660364, 667660342, 667660345]",['secondary'],False,True,16213.67090978031,yes,Nc-M-1,,,,,4677.818465873028,3.0739004611968994,1894,6251456792,6251457266,0,"[667660353, 667660355, 667660357, 667660360, 667660364, 667660342, 667660345]",['secondary'],False,True,16213.67090978031,yes,Nc-M-1,,,,
POINT (526895.3957309591 2815714.705605187),0,673.6487246040166,7.465100614492776,219.18649043199633,6251457266,6251456792,0,"[667660353, 667660355, 667660357, 667660360, 667660364, 667660342, 667660345]",['secondary'],False,False,16213.67090978031,yes,Nc-M-1,,,,,4677.818465873028,3.0739004611968994,1894,6251456792,6251457266,0,"[667660353, 667660355, 667660357, 667660360, 667660364, 667660342, 667660345]",['secondary'],False,True,16213.67090978031,yes,Nc-M-1,,,,
POINT (518751.349624733 2767487.1060247193),0,170.01421952856884,24.814789190551178,311.32320414627526,12205921413,6263645330,0,"[668863304, 667217706, 667217692, 525641655]",['unclassified'],False,"[ false, true ]",5314.251053831636,yes,NH137G,,,,,67.77001406016454,7.2444376945495605,933,12205921413,6263645330,0,"[668863304, 667217706, 667217692, 525641655]",['unclassified'],False,"[ false, true ]",5314.251053831636,yes,NH137G,,,,
POINT (518751.349624733 2767487.1060247193),0,170.01421952856884,24.814789190551178,311.32320414627526,6263645330,12205921413,0,"[668863304, 667217706, 667217692, 525641655]",['unclassified'],False,"[ false, true ]",5314.251053831636,yes,NH137G,,,,,67.77001406016454,7.2444376945495605,933,12205921413,6263645330,0,"[668863304, 667217706, 667217692, 525641655]",['unclassified'],False,"[ false, true ]",5314.251053831636,yes,NH137G,,,,
POINT (495901.9027858965 2780655.31309022),0,969.4055639240067,26.874723602204856,160.80451218418804,12527556985,12527589648,0,"[1353773258, 1353773260]",['unclassified'],False,True,11780.553771651212,,,,,,,1691.3440505787637,6.778076648712158,1001,12527556985,12527589648,0,"[1353773258, 1353773260]",['unclassified'],False,True,11780.553771651212,,,,,,
POINT (495901.9027858965 2780655.31309022),0,969.4055639240067,26.874723602204856,160.80451218418804,12527589648,12527556985,0,"[1353773258, 1353773260]",['unclassified'],False,False,11780.55377165122,,,,,,,1691.3440505787637,6.778076648712158,1001,12527556985,12527589648,0,"[1353773258, 1353773260]",['unclassified'],False,True,11780.553771651212,,,,,,
POINT (512913.9114924657 2779271.195551538),0,728.4467755857809,31.286203950969995,228.643706934745,12770440791,12770442580,0,1379123740,['unclassified'],False,True,5767.119828876454,,,,,,,1973.604672802081,4.997046947479248,1631,12770440791,12770442580,0,1379123740,['unclassified'],False,True,5767.119828876454,,,,,,
POINT (512913.9114924657 2779271.195551538),0,728.4467755857809,31.286203950969995,228.643706934745,12770442580,12770440791,0,1379123740,['unclassified'],False,False,5767.119828876457,,,,,,,1973.604672802081,4.997046947479248,1631,12770440791,12770442580,0,1379123740,['unclassified'],False,True,5767.119828876454,,,,,,
POINT (493427.3013384448 2783790.607565655),0,869.9273524256423,13.847269355344867,351.6837049068961,12542547349,12542601214,0,1355253021,['unclassified'],False,False,4447.150949256268,,,,,,,2836.36738960221,6.778076648712158,2390,12542547349,12542601214,0,1355253021,['unclassified'],False,False,4447.150949256268,,,,,,
POINT (493427.3013384448 2783790.607565655),0,869.9273524256423,13.847269355344867,351.6837049068961,12542601214,12542547349,0,1355253021,['unclassified'],False,True,4447.150949256264,,,,,,,2836.36738960221,6.778076648712158,2390,12542547349,12542601214,0,1355253021,['unclassified'],False,False,4447.150949256268,,,,,,
POINT (539849.5036713079 2806530.0974141085),0,655.7616665323307,2.9771568586818167,75.03697973838534,12637352757,12637354909,1,1364623576,['unclassified'],False,False,325.0100079265657,,,,,,,31.000134499676548,3.708545684814453,1547,12637352757,12637354909,1,1364623576,['unclassified'],False,False,325.0100079265657,,,,,,
POINT (539849.5036713079 2806530.0974141085),0,655.7616665323307,2.9771568586818167,75.03697973838534,12637354909,12637352757,1,1364623576,['unclassified'],False,True,325.0100079265658,,,,,,,31.000134499676548,3.708545684814453,1547,12637352757,12637354909,1,1364623576,['unclassified'],False,False,325.0100079265657,,,,,,
POINT (485625.84739063156 2795110.669660181),0,910.6765992189041,5.49466449508233,43.43505422642687,12542522301,12542506068,0,1355243812,['residential'],False,True,200.41666215560022,,,,,,,3271.848958400037,7.570275783538818,2371,12542522301,12542506068,0,1355243812,['residential'],False,True,200.41666215560022,,,,,,
POINT (485625.84739063156 2795110.669660181),0,910.6765992189041,5.49466449508233,43.43505422642687,12542506068,12542522301,0,1355243812,['residential'],False,False,200.41666215560025,,,,,,,3271.848958400037,7.570275783538818,2371,12542522301,12542506068,0,1355243812,['residential'],False,True,200.41666215560022,,,,,,
POINT (518935.8675855998 2798998.9658931536),0,398.81599922070683,20.72310276223488,262.5397401888702,12742505545,12742519616,0,1376230479,['residential'],False,True,2551.9165763657934,,,,,,,499.58627239660626,4.997046947479248,1577,12742505545,12742519616,0,1376230479,['residential'],False,True,2551.9165763657934,,,,,,
POINT (518935.8675855998 2798998.9658931536),0,398.81599922070683,20.72310276223488,262.5397401888702,12742519616,12742505545,0,1376230479,['residential'],False,False,2551.9165763657925,,,,,,,499.58627239660626,4.997046947479248,1577,12742505545,12742519616,0,1376230479,['residential'],False,True,2551.9165763657934,,,,,,
POINT (533414.1086921707 2803789.5705433446),0,466.09262909099743,12.308042637123167,51.98265129303014,6251241407,12832452133,0,"[667636105, 667636107, 667636110]",['residential'],False,True,797.8001657859096,yes,,,,,,1972.9175988179568,4.997046947479248,587,6251241407,12832452133,0,"[667636105, 667636107, 667636110]",['residential'],False,True,797.8001657859096,yes,,,,,
POINT (533414.1086921707 2803789.5705433446),0,466.09262909099743,12.308042637123167,51.98265129303014,12832452133,6251241407,0,"[667636105, 667636107, 667636110]",['residential'],False,False,797.8001657859096,yes,,,,,,1972.9175988179568,4.997046947479248,587,6251241407,12832452133,0,"[667636105, 667636107, 667636110]",['residential'],False,True,797.8001657859096,yes,,,,,
POINT (499082.1004573397 2802132.9041231414),0,596.4265261358944,6.739665644929169,36.58472755108896,3878620014,3878619926,0,384550868,['trunk'],False,True,1927.48418727946,,NH627,,,,,75.80866818139634,6.778076648712158,154,3878620014,3878619926,0,384550868,['trunk'],False,True,1927.48418727946,,NH627,,,,
POINT (499082.1004573397 2802132.9041231414),0,596.4265261358944,6.739665644929169,36.58472755108896,3878619926,3878620014,0,384550868,['trunk'],False,False,1927.48418727946,,NH627,,,,,75.80866818139634,6.778076648712158,154,3878620014,3878619926,0,384550868,['trunk'],False,True,1927.48418727946,,NH627,,,,
POINT (480682.57735644345 2804995.4703808865),0,1016.3510946836657,8.124106418004374,295.5037029243207,12187249935,12186828560,0,"[1316817097, 1316761148]",['tertiary'],False,"[ false, true ]",9396.99189789559,,,,,,,423.8774036855805,7.570275783538818,2268,12187249935,12186828560,0,"[1316817097, 1316761148]",['tertiary'],False,"[ false, true ]",9396.99189789559,,,,,,
POINT (480682.57735644345 2804995.4703808865),0,1016.3510946836657,8.124106418004374,295.5037029243207,12186828560,12187249935,0,"[1316817097, 1316761148]",['tertiary'],False,"[ false, true ]",9396.99189789558,,,,,,,423.8774036855805,7.570275783538818,2268,12187249935,12186828560,0,"[1316817097, 1316761148]",['tertiary'],False,"[ false, true ]",9396.99189789559,,,,,,
POINT (507386.6969276041 2810179.697920622),0,185.11807500262682,12.9887880689374,241.43655479629564,12626600308,12626600431,0,"[1363686824, 1363686825, 1363686826]",['unclassified'],False,True,6788.170643932414,yes,,,,,,2302.1845324122646,3.475105047225952,1956,12626600308,12626600431,0,"[1363686824, 1363686825, 1363686826]",['unclassified'],False,True,6788.170643932414,yes,,,,,
POINT (507386.6969276041 2810179.697920622),0,185.11807500262682,12.9887880689374,241.43655479629564,12626600431,12626600308,0,"[1363686824, 1363686825, 1363686826]",['unclassified'],False,False,6788.170643932416,yes,,,,,,2302.1845324122646,3.475105047225952,1956,12626600308,12626600431,0,"[1363686824, 1363686825, 1363686826]",['unclassified'],False,True,6788.170643932414,yes,,,,,
POINT (491025.24953339 2773880.621891543),0,1006.8995155661237,36.09452778405571,348.02988329693716,6244305053,2926095087,0,"[1316530145, 1316530146, 1319045370, 656974446, 666910992, 666910993, 666910995, 666910996, 666911000, 666911002]",['trunk'],False,"[ false, true ]",12763.345598644233,yes,NH27,,,,,2786.5095869142824,8.054644584655762,2044,6244305053,2926095087,0,"[1316530145, 1316530146, 1319045370, 656974446, 666910992, 666910993, 666910995, 666910996, 666911000, 666911002]",['trunk'],False,"[ false, true ]",12763.345598644233,yes,NH27,,,,
POINT (491025.24953339 2773880.621891543),0,1006.8995155661237,36.09452778405571,348.02988329693716,2926095087,6244305053,0,"[1316530145, 1316530146, 666911002, 656974446, 666910992, 666910993, 666910995, 666910996, 666911000, 1319045370]",['trunk'],False,"[ false, true ]",12763.345598644211,yes,NH27,,,,,2786.5095869142824,8.054644584655762,2044,6244305053,2926095087,0,"[1316530145, 1316530146, 1319045370, 656974446, 666910992, 666910993, 666910995, 666910996, 666911000, 666911002]",['trunk'],False,"[ false, true ]",12763.345598644233,yes,NH27,,,,
POINT (541824.4669003485 2813076.9920594804),0,521.8710610481066,16.443276585404075,285.9966111292858,12637355670,12527887242,0,"[1353799881, 1353799882]",['secondary' 'unclassified'],False,"[ false, true ]",7261.969318875431,,Nc-M-1,,,,,979.8671455953809,3.314725637435913,1967,12637355670,12527887242,0,"[1353799881, 1353799882]",['secondary' 'unclassified'],False,"[ false, true ]",7261.969318875431,,Nc-M-1,,,,
POINT (541824.4669003485 2813076.9920594804),0,521.8710610481066,16.443276585404075,285.9966111292858,12527887242,12637355670,0,"[1353799881, 1353799882]",['secondary' 'unclassified'],False,"[ false, true ]",7261.969318875436,,Nc-M-1,,,,,979.8671455953809,3.314725637435913,1967,12637355670,12527887242,0,"[1353799881, 1353799882]",['secondary' 'unclassified'],False,"[ false, true ]",7261.969318875431,,Nc-M-1,,,,
POINT (501317.3313918014 2797067.8053084547),0,578.6656905236522,6.550660590928773,86.92128937669949,3173586493,12542601811,0,"[311653434, 384550868]",['trunk'],False,False,7964.914910271155,,NH627,,,,,48.521072879734184,6.778076648712158,29,3173586493,12542601811,0,"[311653434, 384550868]",['trunk'],False,False,7964.914910271155,,NH627,,,,
POINT (501317.3313918014 2797067.8053084547),0,578.6656905236522,6.550660590928773,86.92128937669949,12542601811,3173586493,0,"[311653434, 384550868]",['trunk'],False,True,7964.914910271157,,NH627,,,,,48.521072879734184,6.778076648712158,29,3173586493,12542601811,0,"[311653434, 384550868]",['trunk'],False,False,7964.914910271155,,NH627,,,,
POINT (512402.7146452383 2817088.2077227253),0,168.6579071592514,2.603639513764488,309.95024978996025,12628374465,7869361469,0,"[1363831851, 843628173, 1363686576, 1363686578, 843631891, 843631892, 843631894, 843631895, 843631897, 843631899]",['trunk'],True,False,14976.661466194246,yes,NH27,,,,,1574.6532484109018,3.475105047225952,1532,12628374465,7869361469,0,"[1363831851, 843628173, 1363686576, 1363686578, 843631891, 843631892, 843631894, 843631895, 843631897, 843631899]",['trunk'],True,False,14976.661466194246,yes,NH27,,,,
POINT (460606.5703247633 2819682.9983026953),0,730.7131931992842,7.373179712604509,185.79535186696006,3173561465,3878463742,0,311652626,['tertiary'],False,True,16898.20238393974,,,,,,,3908.5259364066005,4.550889492034912,2498,3173561465,3878463742,0,311652626,['tertiary'],False,True,16898.20238393974,,,,,,
POINT (460606.5703247633 2819682.9983026953),0,730.7131931992842,7.373179712604509,185.79535186696006,3878463742,3173561465,0,311652626,['tertiary'],False,False,16898.202383939722,,,,,,,3908.5259364066005,4.550889492034912,2498,3173561465,3878463742,0,311652626,['tertiary'],False,True,16898.20238393974,,,,,,
POINT (479361.46120588365 2834349.5523725823),0,287.64884000916027,5.219332211019643,299.5403438600968,6253845481,6175515523,0,"[1365630635, 1365630636, 1365630637, 1365630638, 384532055]",['trunk'],False,True,27418.676099295448,yes,NH627,['2'],,,,1066.9688972441693,3.3000731468200684,2581,6253845481,6175515523,0,"[1365630635, 1365630636, 1365630637, 1365630638, 384532055]",['trunk'],False,True,27418.676099295448,yes,NH627,['2'],,,
POINT (479361.46120588365 2834349.5523725823),0,287.64884000916027,5.219332211019643,299.5403438600968,6175515523,6253845481,0,"[1365630635, 1365630636, 1365630637, 1365630638, 384532055]",['trunk'],False,False,27418.67609929543,yes,NH627,['2'],,,,1066.9688972441693,3.3000731468200684,2581,6253845481,6175515523,0,"[1365630635, 1365630636, 1365630637, 1365630638, 384532055]",['trunk'],False,True,27418.676099295448,yes,NH627,['2'],,,
POINT (483688.08251437347 2821043.574722402),0,259.7284630349459,16.007928710436133,253.56103343886983,12688675929,12688675440,0,1370106052,['unclassified'],False,False,11869.46543884255,,,,,,,4144.80111389693,3.9780373573303223,3372,12688675929,12688675440,0,1370106052,['unclassified'],False,False,11869.46543884255,,,,,,
POINT (483688.08251437347 2821043.574722402),0,259.7284630349459,16.007928710436133,253.56103343886983,12688675440,12688675929,0,1370106052,['unclassified'],False,True,11869.465438842553,,,,,,,4144.80111389693,3.9780373573303223,3372,12688675929,12688675440,0,1370106052,['unclassified'],False,False,11869.46543884255,,,,,,
POINT (476911.75058696425 2831022.926431406),0,388.04332491055777,7.171125721619006,342.9920643929016,12688677442,6253845481,0,384532055,['trunk'],False,True,10341.595656351685,,NH627,['2'],,,,1159.0787782398818,3.9780373573303223,3381,12688677442,6253845481,0,384532055,['trunk'],False,True,10341.595656351685,,NH627,['2'],,,
POINT (476911.75058696425 2831022.926431406),0,388.04332491055777,7.171125721619006,342.9920643929016,6253845481,12688677442,0,384532055,['trunk'],False,False,10341.59565635169,,NH627,['2'],,,,1159.0787782398818,3.9780373573303223,3381,12688677442,6253845481,0,384532055,['trunk'],False,True,10341.595656351685,,NH627,['2'],,,
POINT (474419.57584805123 2780630.032108393),0,1622.135044929557,6.776569688025929,33.65535307719772,9784656008,9784656016,0,1065426153,['residential'],False,True,232.42015209390408,,,,,,,6770.353905746362,7.570275783538818,2132,9784656008,9784656016,0,1065426153,['residential'],False,True,232.42015209390408,,,,,,
POINT (474419.57584805123 2780630.032108393),0,1622.135044929557,6.776569688025929,33.65535307719772,9784656016,9784656008,0,1065426153,['residential'],False,False,232.42015209390414,,,,,,,6770.353905746362,7.570275783538818,2132,9784656008,9784656016,0,1065426153,['residential'],False,True,232.42015209390408,,,,,,
POINT (513963.31312815915 2788326.919885874),0,520.7062602209038,8.23870793615811,110.26681024011458,3897171521,7869434966,0,"[843633969, 386397330, 386397334]",['trunk'],False,True,7113.676278732177,,NH27,,,,yes,311.4402335261661,4.997046947479248,164,3897171521,7869434966,0,"[843633969, 386397330, 386397334]",['trunk'],False,True,7113.676278732177,,NH27,,,,yes
POINT (513963.31312815915 2788326.919885874),0,520.7062602209038,8.23870793615811,110.26681024011458,7869434966,3897171521,0,"[843633969, 386397330, 386397334]",['trunk'],False,False,7113.676278732173,,NH27,,,,yes,311.4402335261661,4.997046947479248,164,3897171521,7869434966,0,"[843633969, 386397330, 386397334]",['trunk'],False,True,7113.676278732177,,NH27,,,,yes
POINT (522816.2990690023 2812583.2424551644),0,307.7508985994445,12.352353707400887,295.31106445735236,12527885618,6251457266,0,"[1353799885, 1353799886, 667660366, 667660368, 667660369, 1353799887]",['secondary'],False,False,18768.317961884473,yes,Nc-M-1,,,,,5779.65024585276,3.0739004611968994,1010,12527885618,6251457266,0,"[1353799885, 1353799886, 667660366, 667660368, 667660369, 1353799887]",['secondary'],False,False,18768.317961884473,yes,Nc-M-1,,,,
POINT (522816.2990690023 2812583.2424551644),0,307.7508985994445,12.352353707400887,295.31106445735236,6251457266,12527885618,0,"[1353799885, 1353799886, 1353799887, 667660368, 667660369, 667660366]",['secondary'],False,True,18768.317961884473,yes,Nc-M-1,,,,,5779.65024585276,3.0739004611968994,1010,12527885618,6251457266,0,"[1353799885, 1353799886, 667660366, 667660368, 667660369, 1353799887]",['secondary'],False,False,18768.317961884473,yes,Nc-M-1,,,,
POINT (476451.66440636566 2804985.974957291),0,981.3904910959022,1.8186573777414707,154.61208299066246,12187249935,12186828560,0,"[1316817097, 1316761148]",['tertiary'],False,"[ false, true ]",9396.99189789559,,,,,,,3040.2540288088617,7.570275783538818,2268,12187249935,12186828560,0,"[1316817097, 1316761148]",['tertiary'],False,"[ false, true ]",9396.99189789559,,,,,,
POINT (476451.66440636566 2804985.974957291),0,981.3904910959022,1.8186573777414707,154.61208299066246,12186828560,12187249935,0,"[1316817097, 1316761148]",['tertiary'],False,"[ false, true ]",9396.99189789558,,,,,,,3040.2540288088617,7.570275783538818,2268,12187249935,12186828560,0,"[1316817097, 1316761148]",['tertiary'],False,"[ false, true ]",9396.99189789559,,,,,,
POINT (505603.580979175 2840777.4569559568),0,232.7492039740751,8.881259869019397,200.863048118044,12677777486,12677779703,0,1368873442,['unclassified'],False,False,3149.9064263512964,,,,,,,4456.474226466975,3.118769645690918,1986,12677777486,12677779703,0,1368873442,['unclassified'],False,False,3149.9064263512964,,,,,,
POINT (505603.580979175 2840777.4569559568),0,232.7492039740751,8.881259869019397,200.863048118044,12677779703,12677777486,0,1368873442,['unclassified'],False,True,3149.906426351296,,,,,,,4456.474226466975,3.118769645690918,1986,12677777486,12677779703,0,1368873442,['unclassified'],False,False,3149.9064263512964,,,,,,
POINT (511801.03721713956 2800165.374049813),0,427.01623045025343,12.57538538421042,158.76997230961027,12610475423,12610475518,0,1362028878,['unclassified'],False,True,2079.5509090247774,,,,,,,110.16941304842989,6.778076648712158,1435,12610475423,12610475518,0,1362028878,['unclassified'],False,True,2079.5509090247774,,,,,,
POINT (511801.03721713956 2800165.374049813),0,427.01623045025343,12.57538538421042,158.76997230961027,12610475518,12610475423,0,1362028878,['unclassified'],False,False,2079.5509090247774,,,,,,,110.16941304842989,6.778076648712158,1435,12610475423,12610475518,0,1362028878,['unclassified'],False,True,2079.5509090247774,,,,,,
POINT (520383.8098979547 2774903.274887421),0,629.6731716668547,27.868560675966563,206.40186639387932,6263644084,6263644059,0,668863288,['unclassified'],False,True,1055.3472510743156,,,,,,,2879.1952287475046,7.2444376945495605,595,6263644084,6263644059,0,668863288,['unclassified'],False,True,1055.3472510743156,,,,,,
POINT (520383.8098979547 2774903.274887421),0,629.6731716668547,27.868560675966563,206.40186639387932,6263644059,6263644084,0,668863288,['unclassified'],False,False,1055.3472510743154,,,,,,,2879.1952287475046,7.2444376945495605,595,6263644084,6263644059,0,668863288,['unclassified'],False,True,1055.3472510743156,,,,,,
POINT (541239.7200153543 2803547.2139101215),0,813.406877835125,14.864992299000031,212.87023148059166,12637352529,12637352785,0,1364623493,['unclassified'],False,False,2291.649007824194,,,,,,,1377.8870207435884,3.708545684814453,1543,12637352529,12637352785,0,1364623493,['unclassified'],False,False,2291.649007824194,,,,,,
POINT (541239.7200153543 2803547.2139101215),0,813.406877835125,14.864992299000031,212.87023148059166,12637352785,12637352529,0,1364623493,['unclassified'],False,True,2291.649007824193,,,,,,,1377.8870207435884,3.708545684814453,1543,12637352529,12637352785,0,1364623493,['unclassified'],False,False,2291.649007824194,,,,,,
POINT (521731.6673685882 2791781.200283801),0,529.3583300757907,14.735301328375378,170.19760809994725,6246654977,6246654933,0,667166454,['unclassified'],False,False,2881.8595783361225,,,,,,,2335.725469089768,4.997046947479248,542,6246654977,6246654933,0,667166454,['unclassified'],False,False,2881.8595783361225,,,,,,
POINT (521731.6673685882 2791781.200283801),0,529.3583300757907,14.735301328375378,170.19760809994725,6246654933,6246654977,0,667166454,['unclassified'],False,True,2881.8595783361225,,,,,,,2335.725469089768,4.997046947479248,542,6246654977,6246654933,0,667166454,['unclassified'],False,False,2881.8595783361225,,,,,,
POINT (494101.2068138223 2795929.412812343),0,593.0910587225484,22.604243983107096,172.88997567624423,12542561365,12542564888,0,1352780060,['unclassified'],False,True,2782.3590402682476,,,,,,,671.747090872433,6.778076648712158,2393,12542561365,12542564888,0,1352780060,['unclassified'],False,True,2782.3590402682476,,,,,,
POINT (494101.2068138223 2795929.412812343),0,593.0910587225484,22.604243983107096,172.88997567624423,12542564888,12542561365,0,1352780060,['unclassified'],False,False,2782.359040268248,,,,,,,671.747090872433,6.778076648712158,2393,12542561365,12542564888,0,1352780060,['unclassified'],False,True,2782.3590402682476,,,,,,
POINT (516520.3405197307 2764993.5308532384),0,231.0,,,12205921413,6263645330,0,"[668863304, 667217706, 667217692, 525641655]",['unclassified'],False,"[ false, true ]",5314.251053831636,yes,NH137G,,,,,2817.9471933955188,7.2444376945495605,933,12205921413,6263645330,0,"[668863304, 667217706, 667217692, 525641655]",['unclassified'],False,"[ false, true ]",5314.251053831636,yes,NH137G,,,,
POINT (516520.3405197307 2764993.5308532384),0,231.0,,,6263645330,12205921413,0,"[668863304, 667217706, 667217692, 525641655]",['unclassified'],False,"[ false, true ]",5314.251053831636,yes,NH137G,,,,,2817.9471933955188,7.2444376945495605,933,12205921413,6263645330,0,"[668863304, 667217706, 667217692, 525641655]",['unclassified'],False,"[ false, true ]",5314.251053831636,yes,NH137G,,,,
POINT (537468.150360038 2799288.356812276),0,1055.119602301538,29.016748623773985,37.273589864377044,12637352529,12637353340,0,"[1364623497, 1364623498, 1364623499]",['unclassified'],False,False,6685.670328210373,,,,,,,2578.0148881096434,4.997046947479248,1544,12637352529,12637353340,0,"[1364623497, 1364623498, 1364623499]",['unclassified'],False,False,6685.670328210373,,,,,,
POINT (537468.150360038 2799288.356812276),0,1055.119602301538,29.016748623773985,37.273589864377044,12637353340,12637352529,0,"[1364623497, 1364623498, 1364623499]",['unclassified'],False,True,6685.6703282103745,,,,,,,2578.0148881096434,4.997046947479248,1544,12637352529,12637353340,0,"[1364623497, 1364623498, 1364623499]",['unclassified'],False,False,6685.670328210373,,,,,,
POINT (504203.7126744576 2828774.110055415),0,160.4663931439628,10.237456168262998,29.600318337872498,12677779733,12677779749,0,1368873444,['residential'],False,False,281.3414776165448,,,,,,,1191.1663389923508,3.475105047225952,1991,12677779733,12677779749,0,1368873444,['residential'],False,False,281.3414776165448,,,,,,
POINT (504203.7126744576 2828774.110055415),0,160.4663931439628,10.237456168262998,29.600318337872498,12677779749,12677779733,0,1368873444,['residential'],False,True,281.34147761654486,,,,,,,1191.1663389923508,3.475105047225952,1991,12677779733,12677779749,0,1368873444,['residential'],False,False,281.3414776165448,,,,,,
POINT (523797.25462456315 2769580.5054399343),0,296.02289430820804,19.097515413999243,138.14683821557895,6263644084,12200325654,0,"[1318233488, 668863289]",['tertiary' 'unclassified'],False,"[ false, true ]",8409.742710189792,,NH137G,['1'],,,,2264.0089951567334,7.2444376945495605,596,6263644084,12200325654,0,"[1318233488, 668863289]",['tertiary' 'unclassified'],False,"[ false, true ]",8409.742710189792,,NH137G,['1'],,,
POINT (523797.25462456315 2769580.5054399343),0,296.02289430820804,19.097515413999243,138.14683821557895,12200325654,6263644084,0,"[1318233488, 668863289]",['unclassified' 'tertiary'],False,"[ false, true ]",8409.742710189796,,NH137G,['1'],,,,2264.0089951567334,7.2444376945495605,596,6263644084,12200325654,0,"[1318233488, 668863289]",['tertiary' 'unclassified'],False,"[ false, true ]",8409.742710189792,,NH137G,['1'],,,
POINT (491628.4927068184 2797827.136397492),0,761.2191750903042,8.21519791477809,45.46405007548768,12542522274,12517037412,0,1352780055,['unclassified'],False,False,4560.195006642766,,,,,,,391.6589748112335,6.778076648712158,2368,12542522274,12517037412,0,1352780055,['unclassified'],False,False,4560.195006642766,,,,,,
POINT (491628.4927068184 2797827.136397492),0,761.2191750903042,8.21519791477809,45.46405007548768,12517037412,12542522274,0,1352780055,['unclassified'],False,True,4560.1950066427635,,,,,,,391.6589748112335,6.778076648712158,2368,12542522274,12517037412,0,1352780055,['unclassified'],False,False,4560.195006642766,,,,,,
POINT (498100.2976982577 2797532.4194731875),0,312.1706398176507,26.77122381320285,250.81803501438196,12542560862,12542561365,0,1352780060,['unclassified'],False,True,4539.894227180016,,,,,,,1713.6187062959423,6.778076648712158,2391,12542560862,12542561365,0,1352780060,['unclassified'],False,True,4539.894227180016,,,,,,
POINT (498100.2976982577 2797532.4194731875),0,312.1706398176507,26.77122381320285,250.81803501438196,12542561365,12542560862,0,1352780060,['unclassified'],False,False,4539.894227180017,,,,,,,1713.6187062959423,6.778076648712158,2391,12542560862,12542561365,0,1352780060,['unclassified'],False,True,4539.894227180016,,,,,,
POINT (508400.84839717014 2816768.27796229),0,178.64907012865007,18.444221689755658,43.46148622030541,12677705858,12677769829,0,"[1368873448, 1368873449]",['unclassified'],False,True,3522.9582143941775,,,,,,,3541.5527914263257,3.475105047225952,1977,12677705858,12677769829,0,"[1368873448, 1368873449]",['unclassified'],False,True,3522.9582143941775,,,,,,
POINT (508400.84839717014 2816768.27796229),0,178.64907012865007,18.444221689755658,43.46148622030541,12677769829,12677705858,0,"[1368873448, 1368873449]",['unclassified'],False,False,3522.9582143941766,,,,,,,3541.5527914263257,3.475105047225952,1977,12677705858,12677769829,0,"[1368873448, 1368873449]",['unclassified'],False,True,3522.9582143941775,,,,,,
POINT (506386.33798184874 2843812.243613174),0,258.86256344100957,7.988928656972696,340.5434351405623,12677705845,7869322543,0,"[843621725, 843621717]",['trunk'],True,False,16915.63850868844,,NH27,,,,,6195.459954872005,3.118769645690918,1971,12677705845,7869322543,0,"[843621725, 843621717]",['trunk'],True,False,16915.63850868844,,NH27,,,,
POINT (486956.0165425396 2834596.3386570252),0,176.07095266581018,9.88003407494343,272.13251613853595,6175514664,12646601168,0,1365630625,['unclassified'],False,True,7217.771483103449,,,,,,,2457.5879337137503,3.3000731468200684,2564,6175514664,12646601168,0,1365630625,['unclassified'],False,True,7217.771483103449,,,,,,
POINT (486956.0165425396 2834596.3386570252),0,176.07095266581018,9.88003407494343,272.13251613853595,12646601168,6175514664,0,1365630625,['unclassified'],False,False,7217.771483103441,,,,,,,2457.5879337137503,3.3000731468200684,2564,6175514664,12646601168,0,1365630625,['unclassified'],False,True,7217.771483103449,,,,,,
POINT (533987.926261369 2808949.152423204),0,391.3181557641328,6.551946296686303,99.5117759317024,6251456792,6251456791,0,667660332,['unclassified'],False,True,1155.5829676343942,,,,,,,3229.7647011384543,3.0739004611968994,1893,6251456792,6251456791,0,667660332,['unclassified'],False,True,1155.5829676343942,,,,,,
POINT (533987.926261369 2808949.152423204),0,391.3181557641328,6.551946296686303,99.5117759317024,6251456791,6251456792,0,667660332,['unclassified'],False,False,1155.5829676343942,,,,,,,3229.7647011384543,3.0739004611968994,1893,6251456792,6251456791,0,667660332,['unclassified'],False,True,1155.5829676343942,,,,,,
POINT (488037.1245512987 2815320.6719986466),0,267.8208542882621,19.395677818546393,110.5496732346335,3878590404,12187251357,0,"[384547304, 384547305, 384547306, 384545268]",['trunk'],False,False,24098.021607759852,,NH627;SH-1020,,,,,1648.3196782517427,3.475105047225952,2546,3878590404,12187251357,0,"[384547304, 384547305, 384547306, 384545268]",['trunk'],False,False,24098.021607759852,,NH627;SH-1020,,,,
POINT (488037.1245512987 2815320.6719986466),0,267.8208542882621,19.395677818546393,110.5496732346335,12187251357,3878590404,0,"[384547304, 384547305, 384547306, 384545268]",['trunk'],False,True,24098.021607759867,,NH627;SH-1020,,,,,1648.3196782517427,3.475105047225952,2546,3878590404,12187251357,0,"[384547304, 384547305, 384547306, 384545268]",['trunk'],False,False,24098.021607759852,,NH627;SH-1020,,,,
POINT (500926.23723805184 2851560.110583768),0,100.98096555457896,2.976040464862341,162.04830586217597,5760444136,5760444177,0,607936876,['tertiary'],False,False,7415.229677633651,,,,,,,274.1427697384424,3.118769645690918,1877,5760444136,5760444177,0,607936876,['tertiary'],False,False,7415.229677633651,,,,,,
POINT (500926.23723805184 2851560.110583768),0,100.98096555457896,2.976040464862341,162.04830586217597,5760444177,5760444136,0,607936876,['tertiary'],False,True,7415.229677633648,,,,,,,274.1427697384424,3.118769645690918,1877,5760444136,5760444177,0,607936876,['tertiary'],False,False,7415.229677633651,,,,,,
POINT (475147.50261151465 2818146.8248030916),0,455.9513941244957,16.332984786514213,154.19543521120045,9265704327,12188934920,0,1317004602,['unclassified'],False,True,7153.589578531139,,,,,,,736.8906515463915,3.9780373573303223,3132,9265704327,12188934920,0,1317004602,['unclassified'],False,True,7153.589578531139,,,,,,
POINT (475147.50261151465 2818146.8248030916),0,455.9513941244957,16.332984786514213,154.19543521120045,12188934920,9265704327,0,1317004602,['unclassified'],False,False,7153.58957853114,,,,,,,736.8906515463915,3.9780373573303223,3132,9265704327,12188934920,0,1317004602,['unclassified'],False,True,7153.589578531139,,,,,,
POINT (497238.8497718301 2829310.895376778),0,117.98762882131982,0.31466926513730126,262.3259603381092,6175514257,12688678650,0,"[659589584, 659589591]",['primary'],False,True,5954.47312333069,,SH16;SH-020,,,SH16,,901.5506648336313,3.475105047225952,1882,6175514257,12688678650,0,"[659589584, 659589591]",['primary'],False,True,5954.47312333069,,SH16;SH-020,,,SH16,
POINT (497238.8497718301 2829310.895376778),0,117.98762882131982,0.31466926513730126,262.3259603381092,12688678650,6175514257,0,"[659589584, 659589591]",['primary'],False,False,5954.473123330688,,SH16;SH-020,,,SH16,,901.5506648336313,3.475105047225952,1882,6175514257,12688678650,0,"[659589584, 659589591]",['primary'],False,True,5954.47312333069,,SH16;SH-020,,,SH16,
POINT (472386.6209636969 2815900.2963989093),0,691.4979874388082,8.795050467389832,301.77418597435474,3878463742,12188935880,0,1003959491,['trunk'],False,True,2535.8961788288216,,NH627,['1'],,,,701.9513607985031,3.9780373573303223,2506,3878463742,12188935880,0,1003959491,['trunk'],False,True,2535.8961788288216,,NH627,['1'],,,
POINT (472386.6209636969 2815900.2963989093),0,691.4979874388082,8.795050467389832,301.77418597435474,12188935880,3878463742,0,1003959491,['trunk'],False,False,2535.896178828824,,NH627,['1'],,,,701.9513607985031,3.9780373573303223,2506,3878463742,12188935880,0,1003959491,['trunk'],False,True,2535.8961788288216,,NH627,['1'],,,
POINT (505999.3740953978 2843747.874893535),0,287.8707588588695,10.321000721125227,54.37606280778175,5760444136,5760444177,0,607936876,['tertiary'],False,False,7415.229677633651,,,,,,,6385.987238228976,3.118769645690918,1877,5760444136,5760444177,0,607936876,['tertiary'],False,False,7415.229677633651,,,,,,
POINT (505999.3740953978 2843747.874893535),0,287.8707588588695,10.321000721125227,54.37606280778175,5760444177,5760444136,0,607936876,['tertiary'],False,True,7415.229677633648,,,,,,,6385.987238228976,3.118769645690918,1877,5760444136,5760444177,0,607936876,['tertiary'],False,False,7415.229677633651,,,,,,
POINT (514084.070678022 2781496.2902092165),0,1337.4504130665375,28.665181054064085,220.72730133499914,12205923119,6176986588,0,"[1318880722, 1317723906, 1317723911, 1318880719]",['unclassified' 'primary'],False,"[ false, true ]",20482.149425382428,,SH37;SH-022,['1'],,,,1551.68866146871,4.997046947479248,936,12205923119,6176986588,0,"[1318880722, 1317723906, 1317723911, 1318880719]",['unclassified' 'primary'],False,"[ false, true ]",20482.149425382428,,SH37;SH-022,['1'],,,
POINT (514084.070678022 2781496.2902092165),0,1337.4504130665375,28.665181054064085,220.72730133499914,6176986588,12205923119,0,"[1318880722, 1317723906, 1318880719, 1317723911]",['unclassified' 'primary'],False,"[ false, true ]",20482.14942538242,,SH37;SH-022,['1'],,,,1551.68866146871,4.997046947479248,936,12205923119,6176986588,0,"[1318880722, 1317723906, 1317723911, 1318880719]",['unclassified' 'primary'],False,"[ false, true ]",20482.149425382428,,SH37;SH-022,['1'],,,
POINT (502885.25848763506 2788467.0997442566),0,682.8250050120569,9.302222065436641,116.47277393641268,3173586037,12772607449,0,1379367423,['unclassified'],False,False,3447.087679524772,,,,,,,30.791322004874704,6.778076648712158,28,3173586037,12772607449,0,1379367423,['unclassified'],False,False,3447.087679524772,,,,,,
POINT (502885.25848763506 2788467.0997442566),0,682.8250050120569,9.302222065436641,116.47277393641268,12772607449,3173586037,0,1379367423,['unclassified'],False,True,3447.0876795247764,,,,,,,30.791322004874704,6.778076648712158,28,3173586037,12772607449,0,1379367423,['unclassified'],False,False,3447.087679524772,,,,,,
POINT (517575.46796431724 2817406.080363403),0,219.29983124415082,14.402196453293403,88.7840583296698,12677769879,12677780000,0,1368873454,['residential'],False,True,220.59784974915266,,,,,,,2161.1696966261484,3.0739004611968994,1983,12677769879,12677780000,0,1368873454,['residential'],False,True,220.59784974915266,,,,,,
POINT (517575.46796431724 2817406.080363403),0,219.29983124415082,14.402196453293403,88.7840583296698,12677780000,12677769879,0,1368873454,['residential'],False,False,220.59784974915266,,,,,,,2161.1696966261484,3.0739004611968994,1983,12677769879,12677780000,0,1368873454,['residential'],False,True,220.59784974915266,,,,,,
POINT (516456.3263633992 2779526.0501330155),0,940.7942211712522,27.544102382330482,58.400515606519576,12205923119,6176986588,0,"[1318880722, 1317723906, 1317723911, 1318880719]",['unclassified' 'primary'],False,"[ false, true ]",20482.149425382428,,SH37;SH-022,['1'],,,,939.8174422085658,4.997046947479248,936,12205923119,6176986588,0,"[1318880722, 1317723906, 1317723911, 1318880719]",['unclassified' 'primary'],False,"[ false, true ]",20482.149425382428,,SH37;SH-022,['1'],,,
POINT (516456.3263633992 2779526.0501330155),0,940.7942211712522,27.544102382330482,58.400515606519576,6176986588,12205923119,0,"[1318880722, 1317723906, 1318880719, 1317723911]",['unclassified' 'primary'],False,"[ false, true ]",20482.14942538242,,SH37;SH-022,['1'],,,,939.8174422085658,4.997046947479248,936,12205923119,6176986588,0,"[1318880722, 1317723906, 1317723911, 1318880719]",['unclassified' 'primary'],False,"[ false, true ]",20482.149425382428,,SH37;SH-022,['1'],,,
POINT (473470.4433851042 2820590.1619522693),0,615.3404469440302,11.963225103400752,143.80596568410743,9263694485,9263694537,0,1003959554,['residential'],False,False,440.51819663592323,,,,,,,113.78208503600668,3.9780373573303223,2895,9263694485,9263694537,0,1003959554,['residential'],False,False,440.51819663592323,,,,,,
POINT (473470.4433851042 2820590.1619522693),0,615.3404469440302,11.963225103400752,143.80596568410743,9263694537,9263694485,0,1003959554,['residential'],False,True,440.5181966359231,,,,,,,113.78208503600668,3.9780373573303223,2895,9263694485,9263694537,0,1003959554,['residential'],False,False,440.51819663592323,,,,,,
POINT (542183.4824637391 2797213.099707087),0,1191.208356849668,31.734671140771578,220.94333107394985,12785867486,12785834347,0,1381133556,['unclassified'],False,False,9168.357141098228,,,,,,,363.4253462144844,3.708545684814453,1690,12785867486,12785834347,0,1381133556,['unclassified'],False,False,9168.357141098228,,,,,,
POINT (542183.4824637391 2797213.099707087),0,1191.208356849668,31.734671140771578,220.94333107394985,12785834347,12785867486,0,1381133556,['unclassified'],False,True,9168.35714109823,,,,,,,363.4253462144844,3.708545684814453,1690,12785867486,12785834347,0,1381133556,['unclassified'],False,False,9168.357141098228,,,,,,
POINT (494548.96737289673 2772794.0438605365),0,1046.2514939536325,36.91639261675097,347.21718959437203,12207783880,9784659280,0,"[1319052745, 1065420656, 1319113938, 1319113939, 1319113975]",['unclassified'],False,True,8682.638801138479,,SH-1022,,,,,186.40049169331178,8.054644584655762,2282,12207783880,9784659280,0,"[1319052745, 1065420656, 1319113938, 1319113939, 1319113975]",['unclassified'],False,True,8682.638801138479,,SH-1022,,,,
POINT (494548.96737289673 2772794.0438605365),0,1046.2514939536325,36.91639261675097,347.21718959437203,9784659280,12207783880,0,"[1319052745, 1065420656, 1319113938, 1319113939, 1319113975]",['unclassified'],False,False,8682.638801138484,,SH-1022,,,,,186.40049169331178,8.054644584655762,2282,12207783880,9784659280,0,"[1319052745, 1065420656, 1319113938, 1319113939, 1319113975]",['unclassified'],False,True,8682.638801138479,,SH-1022,,,,
POINT (535719.1994050402 2820630.2358302474),0,435.5502683568026,19.54377236503787,125.26977144071851,12527887242,12637355670,1,1353799882,['secondary'],False,False,12802.5074444507,,Nc-M-1,,,,,4088.1968221779966,3.0739004611968994,1927,12527887242,12637355670,1,1353799882,['secondary'],False,False,12802.5074444507,,Nc-M-1,,,,
POINT (535719.1994050402 2820630.2358302474),0,435.5502683568026,19.54377236503787,125.26977144071851,12637355670,12527887242,1,1353799882,['secondary'],False,True,12802.507444450715,,Nc-M-1,,,,,4088.1968221779966,3.0739004611968994,1927,12527887242,12637355670,1,1353799882,['secondary'],False,False,12802.5074444507,,Nc-M-1,,,,
POINT (487315.53612072946 2824988.0692618145),0,157.48558167904048,14.521034087598016,17.715375514618994,12688675929,12688675440,0,1370106052,['unclassified'],False,False,11869.46543884255,,,,,,,720.6534627660939,3.9780373573303223,3372,12688675929,12688675440,0,1370106052,['unclassified'],False,False,11869.46543884255,,,,,,
POINT (487315.53612072946 2824988.0692618145),0,157.48558167904048,14.521034087598016,17.715375514618994,12688675440,12688675929,0,1370106052,['unclassified'],False,True,11869.465438842553,,,,,,,720.6534627660939,3.9780373573303223,3372,12688675929,12688675440,0,1370106052,['unclassified'],False,False,11869.46543884255,,,,,,
POINT (481107.27147769637 2828528.8775887536),0,304.24181126438305,6.241380486606748,254.6283423768807,12688675940,12688674827,0,1370106036,['unclassified'],False,True,4617.3331064290205,,,,,,,1398.4738522396715,3.9780373573303223,3374,12688675940,12688674827,0,1370106036,['unclassified'],False,True,4617.3331064290205,,,,,,
POINT (481107.27147769637 2828528.8775887536),0,304.24181126438305,6.241380486606748,254.6283423768807,12688674827,12688675940,0,1370106036,['unclassified'],False,False,4617.333106429015,,,,,,,1398.4738522396715,3.9780373573303223,3374,12688675940,12688674827,0,1370106036,['unclassified'],False,True,4617.3331064290205,,,,,,
POINT (492993.93629085843 2814687.780633174),0,438.3830738747498,12.056944520713806,247.06305434996182,3878590404,12187251357,0,"[384547304, 384547305, 384547306, 384545268]",['trunk'],False,False,24098.021607759852,,NH627;SH-1020,,,,,1085.563976155813,3.475105047225952,2546,3878590404,12187251357,0,"[384547304, 384547305, 384547306, 384545268]",['trunk'],False,False,24098.021607759852,,NH627;SH-1020,,,,
POINT (492993.93629085843 2814687.780633174),0,438.3830738747498,12.056944520713806,247.06305434996182,12187251357,3878590404,0,"[384547304, 384547305, 384547306, 384545268]",['trunk'],False,True,24098.021607759867,,NH627;SH-1020,,,,,1085.563976155813,3.475105047225952,2546,3878590404,12187251357,0,"[384547304, 384547305, 384547306, 384545268]",['trunk'],False,False,24098.021607759852,,NH627;SH-1020,,,,
POINT (529577.7871623689 2816097.6494041067),0,398.21106185733316,20.009254265444586,62.61368557604334,6251456792,6251457266,0,"[667660353, 667660355, 667660357, 667660360, 667660364, 667660342, 667660345]",['secondary'],False,True,16213.67090978031,yes,Nc-M-1,,,,,3944.601663712604,3.0739004611968994,1894,6251456792,6251457266,0,"[667660353, 667660355, 667660357, 667660360, 667660364, 667660342, 667660345]",['secondary'],False,True,16213.67090978031,yes,Nc-M-1,,,,
POINT (529577.7871623689 2816097.6494041067),0,398.21106185733316,20.009254265444586,62.61368557604334,6251457266,6251456792,0,"[667660353, 667660355, 667660357, 667660360, 667660364, 667660342, 667660345]",['secondary'],False,False,16213.67090978031,yes,Nc-M-1,,,,,3944.601663712604,3.0739004611968994,1894,6251456792,6251457266,0,"[667660353, 667660355, 667660357, 667660360, 667660364, 667660342, 667660345]",['secondary'],False,True,16213.67090978031,yes,Nc-M-1,,,,
POINT (539588.6670232469 2802924.159430247),0,652.7429280163941,18.942473624585833,257.5183848707917,12637352529,12637352785,0,1364623493,['unclassified'],False,False,2291.649007824194,,,,,,,513.2463024649862,3.708545684814453,1543,12637352529,12637352785,0,1364623493,['unclassified'],False,False,2291.649007824194,,,,,,
POINT (539588.6670232469 2802924.159430247),0,652.7429280163941,18.942473624585833,257.5183848707917,12637352785,12637352529,0,1364623493,['unclassified'],False,True,2291.649007824193,,,,,,,513.2463024649862,3.708545684814453,1543,12637352529,12637352785,0,1364623493,['unclassified'],False,False,2291.649007824194,,,,,,
POINT (516118.5096331334 2835597.021004153),0,321.5584925592804,16.823819385430482,177.02208200613438,12677705845,7869322543,0,"[843621725, 843621717]",['trunk'],True,False,16915.63850868844,,NH27,,,,,4039.0277674889157,2.765881299972534,1971,12677705845,7869322543,0,"[843621725, 843621717]",['trunk'],True,False,16915.63850868844,,NH27,,,,
POINT (535834.8978049478 2821676.3915830133),0,362.15138846721715,24.646292182660165,0.820042358501586,12527887242,12637355670,1,1353799882,['secondary'],False,False,12802.5074444507,,Nc-M-1,,,,,4923.094849136998,3.0739004611968994,1927,12527887242,12637355670,1,1353799882,['secondary'],False,False,12802.5074444507,,Nc-M-1,,,,
POINT (535834.8978049478 2821676.3915830133),0,362.15138846721715,24.646292182660165,0.820042358501586,12637355670,12527887242,1,1353799882,['secondary'],False,True,12802.507444450715,,Nc-M-1,,,,,4923.094849136998,3.0739004611968994,1927,12527887242,12637355670,1,1353799882,['secondary'],False,False,12802.5074444507,,Nc-M-1,,,,
POINT (503737.0986473538 2788282.610805542),0,667.975368045378,8.997903894292401,279.3987218140893,3173586037,12772607449,0,1379367423,['unclassified'],False,False,3447.087679524772,,,,,,,108.82993632212829,6.778076648712158,28,3173586037,12772607449,0,1379367423,['unclassified'],False,False,3447.087679524772,,,,,,
POINT (503737.0986473538 2788282.610805542),0,667.975368045378,8.997903894292401,279.3987218140893,12772607449,3173586037,0,1379367423,['unclassified'],False,True,3447.0876795247764,,,,,,,108.82993632212829,6.778076648712158,28,3173586037,12772607449,0,1379367423,['unclassified'],False,False,3447.087679524772,,,,,,
POINT (506793.8031065054 2811462.1315033427),0,266.7391064965624,10.519615304864034,242.85603835459557,12626600308,12626600431,0,"[1363686824, 1363686825, 1363686826]",['unclassified'],False,True,6788.170643932414,yes,,,,,,2161.566796172426,3.475105047225952,1956,12626600308,12626600431,0,"[1363686824, 1363686825, 1363686826]",['unclassified'],False,True,6788.170643932414,yes,,,,,
POINT (506793.8031065054 2811462.1315033427),0,266.7391064965624,10.519615304864034,242.85603835459557,12626600431,12626600308,0,"[1363686824, 1363686825, 1363686826]",['unclassified'],False,False,6788.170643932416,yes,,,,,,2161.566796172426,3.475105047225952,1956,12626600308,12626600431,0,"[1363686824, 1363686825, 1363686826]",['unclassified'],False,True,6788.170643932414,yes,,,,,
POINT (468715.0186140108 2829136.4816915183),0,620.5049809643425,6.661332632129436,117.4322024703022,6253845465,13459251605,0,1467466692,['unclassified'],False,True,11310.021598087043,,,,,,,2649.317877686201,3.9780373573303223,2579,6253845465,13459251605,0,1467466692,['unclassified'],False,True,11310.021598087043,,,,,,
POINT (468715.0186140108 2829136.4816915183),0,620.5049809643425,6.661332632129436,117.4322024703022,13459251605,6253845465,0,1467466692,['unclassified'],False,False,11310.021598087043,,,,,,,2649.317877686201,3.9780373573303223,2579,6253845465,13459251605,0,1467466692,['unclassified'],False,True,11310.021598087043,,,,,,
POINT (539807.1186650001 2799059.7892445535),0,1107.0811518931823,27.025808248775245,268.8034793711954,12785867486,12785834347,0,1381133556,['unclassified'],False,False,9168.357141098228,,,,,,,2934.656552329585,3.708545684814453,1690,12785867486,12785834347,0,1381133556,['unclassified'],False,False,9168.357141098228,,,,,,
POINT (539807.1186650001 2799059.7892445535),0,1107.0811518931823,27.025808248775245,268.8034793711954,12785834347,12785867486,0,1381133556,['unclassified'],False,True,9168.35714109823,,,,,,,2934.656552329585,3.708545684814453,1690,12785867486,12785834347,0,1381133556,['unclassified'],False,False,9168.357141098228,,,,,,
POINT (498309.13967968075 2825871.0190497227),0,160.6183424599676,15.911414450936025,73.99828654731118,12688689684,6175514257,0,1370107261,['unclassified'],False,True,7458.776834779078,,,,,,,866.7012498359288,3.475105047225952,2006,12688689684,6175514257,0,1370107261,['unclassified'],False,True,7458.776834779078,,,,,,
POINT (498309.13967968075 2825871.0190497227),0,160.6183424599676,15.911414450936025,73.99828654731118,6175514257,12688689684,0,1370107261,['unclassified'],False,False,7458.7768347790825,,,,,,,866.7012498359288,3.475105047225952,2006,12688689684,6175514257,0,1370107261,['unclassified'],False,True,7458.776834779078,,,,,,
POINT (527321.7939058961 2777630.5606824434),0,1265.3396467637863,29.07076824712649,242.34519041623423,12197522498,12200325654,0,"[1317946659, 1317946660, 1317946661, 1318233509, 1318233488, 1318233489, 1318233491, 1318233492, 1318233493]",['tertiary'],False,"[ false, true ]",21587.602050418463,yes,NH137G,['1'],,,,1058.0417509528356,7.2444376945495605,891,12197522498,12200325654,0,"[1317946659, 1317946660, 1317946661, 1318233509, 1318233488, 1318233489, 1318233491, 1318233492, 1318233493]",['tertiary'],False,"[ false, true ]",21587.602050418463,yes,NH137G,['1'],,,
POINT (527321.7939058961 2777630.5606824434),0,1265.3396467637863,29.07076824712649,242.34519041623423,12200325654,12197522498,0,"[1317946659, 1317946660, 1317946661, 1318233509, 1318233488, 1318233489, 1318233491, 1318233492, 1318233493]",['tertiary'],False,"[ false, true ]",21587.602050418496,yes,NH137G,['1'],,,,1058.0417509528356,7.2444376945495605,891,12197522498,12200325654,0,"[1317946659, 1317946660, 1317946661, 1318233509, 1318233488, 1318233489, 1318233491, 1318233492, 1318233493]",['tertiary'],False,"[ false, true ]",21587.602050418463,yes,NH137G,['1'],,,
POINT (474879.46234118834 2817714.76023784),0,501.3195270503929,11.115297341019334,16.581890518225077,9265704327,12188934920,0,1317004602,['unclassified'],False,True,7153.589578531139,,,,,,,850.4584743395454,3.9780373573303223,3132,9265704327,12188934920,0,1317004602,['unclassified'],False,True,7153.589578531139,,,,,,
POINT (474879.46234118834 2817714.76023784),0,501.3195270503929,11.115297341019334,16.581890518225077,12188934920,9265704327,0,1317004602,['unclassified'],False,False,7153.58957853114,,,,,,,850.4584743395454,3.9780373573303223,3132,9265704327,12188934920,0,1317004602,['unclassified'],False,True,7153.589578531139,,,,,,
POINT (491873.1159442213 2842135.7815550636),0,143.6067049137182,6.789489059274503,298.4718465378154,6175514972,12184910898,0,659589592,['primary'],False,True,10153.321005849986,,SH16;SH-020,,,SH16,,1139.4756455767292,3.118769645690918,2566,6175514972,12184910898,0,659589592,['primary'],False,True,10153.321005849986,,SH16;SH-020,,,SH16,
POINT (491873.1159442213 2842135.7815550636),0,143.6067049137182,6.789489059274503,298.4718465378154,12184910898,6175514972,0,659589592,['primary'],False,False,10153.321005849999,,SH16;SH-020,,,SH16,,1139.4756455767292,3.118769645690918,2566,6175514972,12184910898,0,659589592,['primary'],False,True,10153.321005849986,,SH16;SH-020,,,SH16,
POINT (514162.0836210259 2819832.204857222),0,208.24196288384533,4.688562508120369,277.9474212100249,7869378040,7869361463,0,"[843628170, 843628171, 1368873669]",['trunk'],True,False,3667.7870814380385,yes,NH27,,,,,716.1088601021763,3.0739004611968994,1912,7869378040,7869361463,0,"[843628170, 843628171, 1368873669]",['trunk'],True,False,3667.7870814380385,yes,NH27,,,,
POINT (536738.1714128705 2812451.393080028),0,406.41556892691733,7.196111621229124,285.7512407135691,4260245055,12637355148,0,"[426764398, 1364623575, 1364623577, 667660317, 667660319]",['unclassified' 'tertiary'],False,"[ false, true ]",7591.06834448029,yes,,,,,,253.77157415932317,3.0739004611968994,1872,4260245055,12637355148,0,"[426764398, 1364623575, 1364623577, 667660317, 667660319]",['unclassified' 'tertiary'],False,"[ false, true ]",7591.06834448029,yes,,,,,
POINT (536738.1714128705 2812451.393080028),0,406.41556892691733,7.196111621229124,285.7512407135691,12637355148,4260245055,0,"[426764398, 1364623575, 1364623577, 667660317, 667660319]",['tertiary' 'unclassified'],False,"[ false, true ]",7591.068344480285,yes,,,,,,253.77157415932317,3.0739004611968994,1872,4260245055,12637355148,0,"[426764398, 1364623575, 1364623577, 667660317, 667660319]",['unclassified' 'tertiary'],False,"[ false, true ]",7591.06834448029,yes,,,,,
POINT (544907.0300600342 2806161.7812269046),0,1073.2563186301522,32.878661529864075,343.9684745913115,12637334502,12637354659,0,1364623489,['unclassified'],False,True,4048.066084034685,,,,,,,2952.542805805742,3.708545684814453,1541,12637334502,12637354659,0,1364623489,['unclassified'],False,True,4048.066084034685,,,,,,
POINT (544907.0300600342 2806161.7812269046),0,1073.2563186301522,32.878661529864075,343.9684745913115,12637354659,12637334502,0,1364623489,['unclassified'],False,False,4048.066084034683,,,,,,,2952.542805805742,3.708545684814453,1541,12637334502,12637354659,0,1364623489,['unclassified'],False,True,4048.066084034685,,,,,,
POINT (482510.7283199031 2793019.137347573),0,949.662674242828,23.57823829959036,345.37758850718365,12612791622,6244446253,0,1362296807,['unclassified'],False,True,2502.4877342755203,,,,,,,940.0512574533001,7.570275783538818,2428,12612791622,6244446253,0,1362296807,['unclassified'],False,True,2502.4877342755203,,,,,,
POINT (482510.7283199031 2793019.137347573),0,949.662674242828,23.57823829959036,345.37758850718365,6244446253,12612791622,0,1362296807,['unclassified'],False,False,2502.4877342755217,,,,,,,940.0512574533001,7.570275783538818,2428,12612791622,6244446253,0,1362296807,['unclassified'],False,True,2502.4877342755203,,,,,,
POINT (475681.02222797426 2814379.176926942),0,512.1036283848209,6.334185107451327,164.2356432867598,3878573975,12186828560,0,"[384545269, 1316993878]",['trunk'],False,True,7481.283986399139,,NH627,['1'],,,,1817.8735731193033,3.9780373573303223,2538,3878573975,12186828560,0,"[384545269, 1316993878]",['trunk'],False,True,7481.283986399139,,NH627,['1'],,,
POINT (475681.02222797426 2814379.176926942),0,512.1036283848209,6.334185107451327,164.2356432867598,12186828560,3878573975,0,"[384545269, 1316993878]",['trunk'],False,False,7481.283986399141,,NH627,['1'],,,,1817.8735731193033,3.9780373573303223,2538,3878573975,12186828560,0,"[384545269, 1316993878]",['trunk'],False,True,7481.283986399139,,NH627,['1'],,,
POINT (492540.1855079799 2814781.3189685824),0,384.5900796373753,20.531171726462837,50.673197497351595,3878590404,12187251357,0,"[384547304, 384547305, 384547306, 384545268]",['trunk'],False,False,24098.021607759852,,NH627;SH-1020,,,,,986.1823791918613,3.475105047225952,2546,3878590404,12187251357,0,"[384547304, 384547305, 384547306, 384545268]",['trunk'],False,False,24098.021607759852,,NH627;SH-1020,,,,
POINT (492540.1855079799 2814781.3189685824),0,384.5900796373753,20.531171726462837,50.673197497351595,12187251357,3878590404,0,"[384547304, 384547305, 384547306, 384545268]",['trunk'],False,True,24098.021607759867,,NH627;SH-1020,,,,,986.1823791918613,3.475105047225952,2546,3878590404,12187251357,0,"[384547304, 384547305, 384547306, 384545268]",['trunk'],False,False,24098.021607759852,,NH627;SH-1020,,,,
POINT (535550.5115177744 2822015.5826817825),0,361.6633163293143,9.616879491550522,96.02029115374589,12527887242,12637355670,1,1353799882,['secondary'],False,False,12802.5074444507,,Nc-M-1,,,,,5355.900796471035,3.0739004611968994,1927,12527887242,12637355670,1,1353799882,['secondary'],False,False,12802.5074444507,,Nc-M-1,,,,
POINT (535550.5115177744 2822015.5826817825),0,361.6633163293143,9.616879491550522,96.02029115374589,12637355670,12527887242,1,1353799882,['secondary'],False,True,12802.507444450715,,Nc-M-1,,,,,5355.900796471035,3.0739004611968994,1927,12527887242,12637355670,1,1353799882,['secondary'],False,False,12802.5074444507,,Nc-M-1,,,,
POINT (530471.7007184364 2774755.0129634636),0,769.3185885383926,33.8716014023997,169.01207364908433,12197522498,12200325654,0,"[1317946659, 1317946660, 1317946661, 1318233509, 1318233488, 1318233489, 1318233491, 1318233492, 1318233493]",['tertiary'],False,"[ false, true ]",21587.602050418463,yes,NH137G,['1'],,,,575.7683073580805,7.2444376945495605,891,12197522498,12200325654,0,"[1317946659, 1317946660, 1317946661, 1318233509, 1318233488, 1318233489, 1318233491, 1318233492, 1318233493]",['tertiary'],False,"[ false, true ]",21587.602050418463,yes,NH137G,['1'],,,
POINT (530471.7007184364 2774755.0129634636),0,769.3185885383926,33.8716014023997,169.01207364908433,12200325654,12197522498,0,"[1317946659, 1317946660, 1317946661, 1318233509, 1318233488, 1318233489, 1318233491, 1318233492, 1318233493]",['tertiary'],False,"[ false, true ]",21587.602050418496,yes,NH137G,['1'],,,,575.7683073580805,7.2444376945495605,891,12197522498,12200325654,0,"[1317946659, 1317946660, 1317946661, 1318233509, 1318233488, 1318233489, 1318233491, 1318233492, 1318233493]",['tertiary'],False,"[ false, true ]",21587.602050418463,yes,NH137G,['1'],,,
POINT (494395.1244801456 2804631.1604167167),0,561.4689148834937,14.32242464195982,322.92073888741527,12626405216,12626396365,0,1363666822,['residential'],False,True,570.0022823894626,,,,,,,460.57622681353024,6.778076648712158,2448,12626405216,12626396365,0,1363666822,['residential'],False,True,570.0022823894626,,,,,,
POINT (494395.1244801456 2804631.1604167167),0,561.4689148834937,14.32242464195982,322.92073888741527,12626396365,12626405216,0,1363666822,['residential'],False,False,570.0022823894626,,,,,,,460.57622681353024,6.778076648712158,2448,12626405216,12626396365,0,1363666822,['residential'],False,True,570.0022823894626,,,,,,
POINT (481754.49157428223 2803154.172640213),0,961.9871412362025,16.62101986966767,9.093143895514057,12187249935,12187250966,0,1316817096,['tertiary'],False,False,5298.594340293424,,,,,,,191.9930311097099,7.570275783538818,2267,12187249935,12187250966,0,1316817096,['tertiary'],False,False,5298.594340293424,,,,,,
POINT (481754.49157428223 2803154.172640213),0,961.9871412362025,16.62101986966767,9.093143895514057,12187250966,12187249935,0,1316817096,['tertiary'],False,True,5298.594340293426,,,,,,,191.9930311097099,7.570275783538818,2267,12187249935,12187250966,0,1316817096,['tertiary'],False,False,5298.594340293424,,,,,,
POINT (480987.2552930636 2819149.1220819075),0,555.7413000361628,17.30145067317374,259.64284817857356,10862479363,10862479358,0,1004221679,['unclassified'],False,False,902.5780940377466,,,,,,,1630.7831134649127,3.9780373573303223,3216,10862479363,10862479358,0,1004221679,['unclassified'],False,False,902.5780940377466,,,,,,
POINT (480987.2552930636 2819149.1220819075),0,555.7413000361628,17.30145067317374,259.64284817857356,10862479358,10862479363,0,1004221679,['unclassified'],False,True,902.5780940377465,,,,,,,1630.7831134649127,3.9780373573303223,3216,10862479363,10862479358,0,1004221679,['unclassified'],False,False,902.5780940377466,,,,,,
POINT (505208.2437521806 2798135.7610030062),0,389.8099671692028,18.378679613678422,236.08980433990538,12610474216,12610458534,0,"[1362028904, 1362028905, 1362028930]",['unclassified'],False,False,8859.488617556844,yes,,,,,,1269.9284407976193,6.778076648712158,1433,12610474216,12610458534,0,"[1362028904, 1362028905, 1362028930]",['unclassified'],False,False,8859.488617556844,yes,,,,,
POINT (505208.2437521806 2798135.7610030062),0,389.8099671692028,18.378679613678422,236.08980433990538,12610458534,12610474216,0,"[1362028904, 1362028905, 1362028930]",['unclassified'],False,True,8859.488617556843,yes,,,,,,1269.9284407976193,6.778076648712158,1433,12610474216,12610458534,0,"[1362028904, 1362028905, 1362028930]",['unclassified'],False,False,8859.488617556844,yes,,,,,
POINT (496227.83918194054 2813705.015548335),0,317.9212719001108,13.090068219475738,135.3605050090658,12626600171,3878590404,0,384547304,['trunk'],False,False,4765.256655913709,,NH627;SH-1020,,,,,136.2593638223594,3.475105047225952,3335,12626600171,3878590404,0,384547304,['trunk'],False,False,4765.256655913709,,NH627;SH-1020,,,,
POINT (469957.8567940258 2785738.8496861323),0,1406.8583284306171,14.247441847887202,72.90916116626494,6244446253,12187250966,0,1316817062,['tertiary'],False,True,18111.095265319484,,,,,,,11138.575713887481,7.570275783538818,2059,6244446253,12187250966,0,1316817062,['tertiary'],False,True,18111.095265319484,,,,,,
POINT (469957.8567940258 2785738.8496861323),0,1406.8583284306171,14.247441847887202,72.90916116626494,12187250966,6244446253,0,1316817062,['tertiary'],False,False,18111.095265319484,,,,,,,11138.575713887481,7.570275783538818,2059,6244446253,12187250966,0,1316817062,['tertiary'],False,True,18111.095265319484,,,,,,
POINT (517383.83107644855 2813325.930891838),0,336.30814403332033,10.652601459936843,31.83649369289889,7869412358,12628374466,0,"[1363831853, 1363686577, 1363686579, 843631893, 843631896, 843631900]",['trunk'],True,False,13977.214526006808,yes,NH27,,,,,3157.960930146449,3.0739004611968994,1915,7869412358,12628374466,0,"[1363831853, 1363686577, 1363686579, 843631893, 843631896, 843631900]",['trunk'],True,False,13977.214526006808,yes,NH27,,,,
POINT (487193.93718062865 2841257.841837893),0,125.21415477294613,10.284778499576092,124.22570742037607,12184965414,12184900283,0,1316520318,['unclassified'],False,True,2606.0883400859266,,,,,,,3097.834083261986,3.3000731468200684,3267,12184965414,12184900283,0,1316520318,['unclassified'],False,True,2606.0883400859266,,,,,,
POINT (487193.93718062865 2841257.841837893),0,125.21415477294613,10.284778499576092,124.22570742037607,12184900283,12184965414,0,1316520318,['unclassified'],False,False,2606.0883400859275,,,,,,,3097.834083261986,3.3000731468200684,3267,12184965414,12184900283,0,1316520318,['unclassified'],False,True,2606.0883400859266,,,,,,
POINT (525510.1969232372 2783885.2397655398),0,1427.2883159862697,27.61797306341099,176.3932644788884,5766102125,6247257622,0,"[667234624, 198004153, 667234627, 667234668]",['secondary'],False,"[ false, true ]",11390.506823785354,,,,,,,2891.0042184753565,4.997046947479248,193,5766102125,6247257622,0,"[667234624, 198004153, 667234627, 667234668]",['secondary'],False,"[ false, true ]",11390.506823785354,,,,,,
POINT (525510.1969232372 2783885.2397655398),0,1427.2883159862697,27.61797306341099,176.3932644788884,6247257622,5766102125,0,"[667234624, 198004153, 667234627, 667234668]",['secondary'],False,"[ false, true ]",11390.50682378533,,,,,,,2891.0042184753565,4.997046947479248,193,5766102125,6247257622,0,"[667234624, 198004153, 667234627, 667234668]",['secondary'],False,"[ false, true ]",11390.506823785354,,,,,,
POINT (520334.2535116459 2801365.29819189),0,387.2597993639447,25.187050168618015,289.8778072629063,12745225329,12742519424,0,1376230480,['unclassified'],False,False,2461.1785321026323,,,,,,,877.8251614794268,4.997046947479248,1610,12745225329,12742519424,0,1376230480,['unclassified'],False,False,2461.1785321026323,,,,,,
POINT (520334.2535116459 2801365.29819189),0,387.2597993639447,25.187050168618015,289.8778072629063,12742519424,12745225329,0,1376230480,['unclassified'],False,True,2461.1785321026314,,,,,,,877.8251614794268,4.997046947479248,1610,12745225329,12742519424,0,1376230480,['unclassified'],False,False,2461.1785321026323,,,,,,
POINT (491358.0426709745 2846795.723506438),0,105.9632333884164,4.963889414511299,293.48600263042334,12646538061,12646473689,0,659589592,['primary'],False,False,2432.1967826773125,,SH16;SH-020,,,SH16,,61.585531267682256,3.118769645690918,3345,12646538061,12646473689,0,659589592,['primary'],False,False,2432.1967826773125,,SH16;SH-020,,,SH16,
POINT (491358.0426709745 2846795.723506438),0,105.9632333884164,4.963889414511299,293.48600263042334,12646473689,12646538061,0,659589592,['primary'],False,True,2432.196782677311,,SH16;SH-020,,,SH16,,61.585531267682256,3.118769645690918,3345,12646538061,12646473689,0,659589592,['primary'],False,False,2432.1967826773125,,SH16;SH-020,,,SH16,
POINT (534228.9734927815 2782851.5802145107),0,740.2587638407622,38.004357484399655,86.32473089589533,12200364894,6247910647,0,"[1318233506, 1318233507, 1318233508]",['tertiary' 'primary'],False,True,9891.024778612013,,NH137G,['1'],,,,1721.6293161887177,4.997046947479248,930,12200364894,6247910647,0,"[1318233506, 1318233507, 1318233508]",['tertiary' 'primary'],False,True,9891.024778612013,,NH137G,['1'],,,
POINT (534228.9734927815 2782851.5802145107),0,740.2587638407622,38.004357484399655,86.32473089589533,6247910647,12200364894,0,"[1318233506, 1318233507, 1318233508]",['tertiary' 'primary'],False,False,9891.02477861201,,NH137G,['1'],,,,1721.6293161887177,4.997046947479248,930,12200364894,6247910647,0,"[1318233506, 1318233507, 1318233508]",['tertiary' 'primary'],False,True,9891.024778612013,,NH137G,['1'],,,
POINT (493955.8828927145 2829297.2932873014),0,126.8955933344987,13.749923172340132,77.10243456041854,12688678650,6175514514,0,659589591,['primary'],False,True,1232.567166034385,,SH16;SH-020,,,SH16,,400.83353269621955,3.475105047225952,3384,12688678650,6175514514,0,659589591,['primary'],False,True,1232.567166034385,,SH16;SH-020,,,SH16,
POINT (493955.8828927145 2829297.2932873014),0,126.8955933344987,13.749923172340132,77.10243456041854,6175514514,12688678650,0,659589591,['primary'],False,False,1232.5671660343853,,SH16;SH-020,,,SH16,,400.83353269621955,3.475105047225952,3384,12688678650,6175514514,0,659589591,['primary'],False,True,1232.567166034385,,SH16;SH-020,,,SH16,
POINT (535887.3102079876 2802616.921527578),0,629.3461120501233,29.31193580839497,164.59140934323338,12637352529,12637353340,0,"[1364623497, 1364623498, 1364623499]",['unclassified'],False,False,6685.670328210373,,,,,,,568.9559863046806,4.997046947479248,1544,12637352529,12637353340,0,"[1364623497, 1364623498, 1364623499]",['unclassified'],False,False,6685.670328210373,,,,,,
POINT (535887.3102079876 2802616.921527578),0,629.3461120501233,29.31193580839497,164.59140934323338,12637353340,12637352529,0,"[1364623497, 1364623498, 1364623499]",['unclassified'],False,True,6685.6703282103745,,,,,,,568.9559863046806,4.997046947479248,1544,12637352529,12637353340,0,"[1364623497, 1364623498, 1364623499]",['unclassified'],False,False,6685.670328210373,,,,,,
POINT (506138.71351717506 2775429.1268182965),0,1207.094376181618,19.214217980333927,112.43952195852796,5451398655,2468741426,0,"[1316252011, 1379309755, 1316252012]",['trunk'],True,False,2304.2881225441365,yes,NH27,['2'],,,,4444.992940029136,8.054644584655762,187,5451398655,2468741426,0,"[1316252011, 1379309755, 1316252012]",['trunk'],True,False,2304.2881225441365,yes,NH27,['2'],,,
POINT (508459.48692437325 2829892.1465250514),0,216.29783136470397,6.386198721324485,254.80264938873864,6336198769,7869367545,0,676629957,['unclassified'],False,True,1790.1575129966418,,,,,,,1024.4453113255477,3.475105047225952,1895,6336198769,7869367545,0,676629957,['unclassified'],False,True,1790.1575129966418,,,,,,
POINT (508459.48692437325 2829892.1465250514),0,216.29783136470397,6.386198721324485,254.80264938873864,7869367545,6336198769,0,676629957,['unclassified'],False,False,1790.1575129966418,,,,,,,1024.4453113255477,3.475105047225952,1895,6336198769,7869367545,0,676629957,['unclassified'],False,True,1790.1575129966418,,,,,,
POINT (512926.2266544343 2843686.591348863),0,212.94097477273607,10.614068259032102,296.9953417929944,12677705845,7869322543,0,"[843621725, 843621717]",['trunk'],True,False,16915.63850868844,,NH27,,,,,279.77260682022296,2.765881299972534,1971,12677705845,7869322543,0,"[843621725, 843621717]",['trunk'],True,False,16915.63850868844,,NH27,,,,
POINT (482142.4337319414 2806348.021858103),0,912.0707624911738,22.5068308325807,44.73141305367015,12187249935,12626600689,0,1316817074,['unclassified'],False,False,13789.613151626014,,,,,,,830.6632434099052,7.570275783538818,2266,12187249935,12626600689,0,1316817074,['unclassified'],False,False,13789.613151626014,,,,,,
POINT (482142.4337319414 2806348.021858103),0,912.0707624911738,22.5068308325807,44.73141305367015,12626600689,12187249935,0,1316817074,['unclassified'],False,True,13789.61315162602,,,,,,,830.6632434099052,7.570275783538818,2266,12187249935,12626600689,0,1316817074,['unclassified'],False,False,13789.613151626014,,,,,,
POINT (503422.52821595065 2834989.611427378),0,340.23456270958536,6.975509223558831,138.52200047434346,12677777486,12677779703,0,1368873442,['unclassified'],False,False,3149.9064263512964,,,,,,,2915.6139494583276,3.118769645690918,1986,12677777486,12677779703,0,1368873442,['unclassified'],False,False,3149.9064263512964,,,,,,
POINT (503422.52821595065 2834989.611427378),0,340.23456270958536,6.975509223558831,138.52200047434346,12677779703,12677777486,0,1368873442,['unclassified'],False,True,3149.906426351296,,,,,,,2915.6139494583276,3.118769645690918,1986,12677777486,12677779703,0,1368873442,['unclassified'],False,False,3149.9064263512964,,,,,,
POINT (471263.83595034794 2781869.8794971164),0,1540.8362568525208,7.338933929921193,58.37402759374905,9784668878,9784693312,0,1065429366,['residential'],False,True,635.6722594912972,,,,,,,10076.97520125413,7.570275783538818,2170,9784668878,9784693312,0,1065429366,['residential'],False,True,635.6722594912972,,,,,,
POINT (471263.83595034794 2781869.8794971164),0,1540.8362568525208,7.338933929921193,58.37402759374905,9784693312,9784668878,0,1065429366,['residential'],False,False,635.672259491297,,,,,,,10076.97520125413,7.570275783538818,2170,9784668878,9784693312,0,1065429366,['residential'],False,True,635.6722594912972,,,,,,
POINT (516433.6866276271 2776836.0271641216),0,966.117290968865,21.870720820830087,109.79961256589755,12205923119,6176986588,0,"[1318880722, 1317723906, 1317723911, 1318880719]",['unclassified' 'primary'],False,"[ false, true ]",20482.149425382428,,SH37;SH-022,['1'],,,,534.7376596108849,7.2444376945495605,936,12205923119,6176986588,0,"[1318880722, 1317723906, 1317723911, 1318880719]",['unclassified' 'primary'],False,"[ false, true ]",20482.149425382428,,SH37;SH-022,['1'],,,
POINT (516433.6866276271 2776836.0271641216),0,966.117290968865,21.870720820830087,109.79961256589755,6176986588,12205923119,0,"[1318880722, 1317723906, 1318880719, 1317723911]",['unclassified' 'primary'],False,"[ false, true ]",20482.14942538242,,SH37;SH-022,['1'],,,,534.7376596108849,7.2444376945495605,936,12205923119,6176986588,0,"[1318880722, 1317723906, 1317723911, 1318880719]",['unclassified' 'primary'],False,"[ false, true ]",20482.149425382428,,SH37;SH-022,['1'],,,
POINT (502619.9734608151 2833789.4158447827),0,252.78080156415305,11.311447886327397,252.5301576865156,12677780009,12677779749,0,1368873446,['unclassified'],False,False,7574.243371869928,,,,,,,3854.0628395375206,3.475105047225952,2002,12677780009,12677779749,0,1368873446,['unclassified'],False,False,7574.243371869928,,,,,,
POINT (502619.9734608151 2833789.4158447827),0,252.78080156415305,11.311447886327397,252.5301576865156,12677779749,12677780009,0,1368873446,['unclassified'],False,True,7574.243371869934,,,,,,,3854.0628395375206,3.475105047225952,2002,12677780009,12677779749,0,1368873446,['unclassified'],False,False,7574.243371869928,,,,,,
POINT (482283.67203288956 2803640.7448817412),0,861.3999012003686,17.907476285767704,154.63769671305278,12187249935,12187250966,0,1316817096,['tertiary'],False,False,5298.594340293424,,,,,,,853.2257578128025,7.570275783538818,2267,12187249935,12187250966,0,1316817096,['tertiary'],False,False,5298.594340293424,,,,,,
POINT (482283.67203288956 2803640.7448817412),0,861.3999012003686,17.907476285767704,154.63769671305278,12187250966,12187249935,0,1316817096,['tertiary'],False,True,5298.594340293426,,,,,,,853.2257578128025,7.570275783538818,2267,12187249935,12187250966,0,1316817096,['tertiary'],False,False,5298.594340293424,,,,,,
POINT (499649.9599330141 2793136.871794875),0,286.92482418315495,18.708655431039336,286.2281314864619,12517051381,12517051380,0,"[1352780189, 1352780190, 1352780191]",['unclassified'],False,True,4370.518063446728,yes,,,,,,555.4890209519299,6.778076648712158,963,12517051381,12517051380,0,"[1352780189, 1352780190, 1352780191]",['unclassified'],False,True,4370.518063446728,yes,,,,,
POINT (499649.9599330141 2793136.871794875),0,286.92482418315495,18.708655431039336,286.2281314864619,12517051380,12517051381,0,"[1352780189, 1352780190, 1352780191]",['unclassified'],False,False,4370.518063446726,yes,,,,,,555.4890209519299,6.778076648712158,963,12517051381,12517051380,0,"[1352780189, 1352780190, 1352780191]",['unclassified'],False,True,4370.518063446728,yes,,,,,
POINT (521056.50569514756 2796511.2333823647),0,406.97627681798957,15.699724182330732,173.13627418969457,12742519759,12742423382,0,"[1376230483, 1376230484]",['residential' 'unclassified'],False,False,1895.5838619679746,,,,,,,821.5210067662108,4.997046947479248,1591,12742519759,12742423382,0,"[1376230483, 1376230484]",['residential' 'unclassified'],False,False,1895.5838619679746,,,,,,
POINT (521056.50569514756 2796511.2333823647),0,406.97627681798957,15.699724182330732,173.13627418969457,12742423382,12742519759,0,"[1376230483, 1376230484]",['residential' 'unclassified'],False,True,1895.5838619679746,,,,,,,821.5210067662108,4.997046947479248,1591,12742519759,12742423382,0,"[1376230483, 1376230484]",['residential' 'unclassified'],False,False,1895.5838619679746,,,,,,
POINT (500326.6968350462 2816854.332216114),0,142.72337281710463,9.489765353106948,312.99484368421514,12626599211,12626597151,0,"[1363686818, 1363686921, 1363686583, 1363686584, 1363686585]",['unclassified'],False,True,3095.3959788866346,,,,,,,1941.5854126980767,3.475105047225952,1943,12626599211,12626597151,0,"[1363686818, 1363686921, 1363686583, 1363686584, 1363686585]",['unclassified'],False,True,3095.3959788866346,,,,,,
POINT (500326.6968350462 2816854.332216114),0,142.72337281710463,9.489765353106948,312.99484368421514,12626597151,12626599211,0,"[1363686818, 1363686921, 1363686583, 1363686584, 1363686585]",['unclassified'],False,False,3095.395978886635,,,,,,,1941.5854126980767,3.475105047225952,1943,12626599211,12626597151,0,"[1363686818, 1363686921, 1363686583, 1363686584, 1363686585]",['unclassified'],False,True,3095.3959788866346,,,,,,
POINT (503161.54089318786 2773551.123281479),0,1492.0462862527265,12.512489464481337,146.9487451377522,2926094673,2468741432,0,"[239060064, 566144644, 1424944040, 1424944041, 1319045367, 1319045368, 1319045369, 1319045370]",['trunk'],False,True,7472.82741254349,yes,NH27,,,,,4356.682638815714,8.054644584655762,2030,2926094673,2468741432,0,"[239060064, 566144644, 1424944040, 1424944041, 1319045367, 1319045368, 1319045369, 1319045370]",['trunk'],False,True,7472.82741254349,yes,NH27,,,,
POINT (503161.54089318786 2773551.123281479),0,1492.0462862527265,12.512489464481337,146.9487451377522,2468741432,2926094673,0,"[239060064, 566144644, 1424944040, 1424944041, 1319045367, 1319045368, 1319045369, 1319045370]",['trunk'],False,False,7472.827412543473,yes,NH27,,,,,4356.682638815714,8.054644584655762,2030,2926094673,2468741432,0,"[239060064, 566144644, 1424944040, 1424944041, 1319045367, 1319045368, 1319045369, 1319045370]",['trunk'],False,True,7472.82741254349,yes,NH27,,,,
POINT (483825.9532981652 2780551.7320948793),0,739.9109325156473,15.250091086852704,89.38402367561643,12187249614,12187249428,0,"[1316816999, 1316817001, 1316817004, 1316817005, 1316817007]",['unclassified'],False,False,2674.7538491257637,,,,,Lumding - Silchar MG Line,,1894.9585119058963,7.570275783538818,2265,12187249614,12187249428,0,"[1316816999, 1316817001, 1316817004, 1316817005, 1316817007]",['unclassified'],False,False,2674.7538491257637,,,,,Lumding - Silchar MG Line,
POINT (483825.9532981652 2780551.7320948793),0,739.9109325156473,15.250091086852704,89.38402367561643,12187249428,12187249614,0,"[1316816999, 1316817001, 1316817004, 1316817005, 1316817007]",['unclassified'],False,True,2674.7538491257637,,,,,Lumding - Silchar MG Line,,1894.9585119058963,7.570275783538818,2265,12187249614,12187249428,0,"[1316816999, 1316817001, 1316817004, 1316817005, 1316817007]",['unclassified'],False,False,2674.7538491257637,,,,,Lumding - Silchar MG Line,
POINT (470283.59767300123 2781168.3924927916),0,1547.0109574249152,32.80478151583446,250.19788047545057,9784668878,9784693312,0,1065429366,['residential'],False,True,635.6722594912972,,,,,,,10535.51902670597,7.570275783538818,2170,9784668878,9784693312,0,1065429366,['residential'],False,True,635.6722594912972,,,,,,
POINT (470283.59767300123 2781168.3924927916),0,1547.0109574249152,32.80478151583446,250.19788047545057,9784693312,9784668878,0,1065429366,['residential'],False,False,635.672259491297,,,,,,,10535.51902670597,7.570275783538818,2170,9784668878,9784693312,0,1065429366,['residential'],False,True,635.6722594912972,,,,,,
POINT (483088.3848541694 2794548.483147828),0,803.4441676320581,5.047141824951679,105.26841041141293,12187250966,6244446253,0,1316817062,['tertiary'],False,False,18111.095265319484,,,,,,,1807.4763342419762,7.570275783538818,2270,12187250966,6244446253,0,1316817062,['tertiary'],False,False,18111.095265319484,,,,,,
POINT (483088.3848541694 2794548.483147828),0,803.4441676320581,5.047141824951679,105.26841041141293,6244446253,12187250966,0,1316817062,['tertiary'],False,True,18111.095265319484,,,,,,,1807.4763342419762,7.570275783538818,2270,12187250966,6244446253,0,1316817062,['tertiary'],False,False,18111.095265319484,,,,,,
POINT (513752.3818462463 2813754.670727054),0,246.59077371504463,11.583308184792358,163.7618388001001,12628374465,7869361469,0,"[1363831851, 843628173, 1363686576, 1363686578, 843631891, 843631892, 843631894, 843631895, 843631897, 843631899]",['trunk'],True,False,14976.661466194246,yes,NH27,,,,,227.66739210354353,3.0739004611968994,1532,12628374465,7869361469,0,"[1363831851, 843628173, 1363686576, 1363686578, 843631891, 843631892, 843631894, 843631895, 843631897, 843631899]",['trunk'],True,False,14976.661466194246,yes,NH27,,,,
POINT (486041.3862600173 2840051.0007953276),0,154.90483478490455,8.589754773146582,208.5435843342517,6175514972,12184910898,0,659589592,['primary'],False,True,10153.321005849986,,SH16;SH-020,,,SH16,,4581.591832550787,3.3000731468200684,2566,6175514972,12184910898,0,659589592,['primary'],False,True,10153.321005849986,,SH16;SH-020,,,SH16,
POINT (486041.3862600173 2840051.0007953276),0,154.90483478490455,8.589754773146582,208.5435843342517,12184910898,6175514972,0,659589592,['primary'],False,False,10153.321005849999,,SH16;SH-020,,,SH16,,4581.591832550787,3.3000731468200684,2566,6175514972,12184910898,0,659589592,['primary'],False,True,10153.321005849986,,SH16;SH-020,,,SH16,
POINT (531910.095835811 2795071.5404710835),0,948.0497729329825,25.75528818503914,5.923574741363416,12745192588,12745202077,0,1376534380,['unclassified'],False,False,5357.542286669343,,,,,,,2021.5072002338127,4.997046947479248,1604,12745192588,12745202077,0,1376534380,['unclassified'],False,False,5357.542286669343,,,,,,
POINT (531910.095835811 2795071.5404710835),0,948.0497729329825,25.75528818503914,5.923574741363416,12745202077,12745192588,0,1376534380,['unclassified'],False,True,5357.542286669342,,,,,,,2021.5072002338127,4.997046947479248,1604,12745192588,12745202077,0,1376534380,['unclassified'],False,False,5357.542286669343,,,,,,
POINT (519979.0658830434 2798500.44259052),0,401.8434073378786,18.29959378744973,92.98302911318308,12742519616,12742519759,0,1376230482,['unclassified'],False,True,3465.251369491711,,,,,,,103.66680479533395,4.997046947479248,1589,12742519616,12742519759,0,1376230482,['unclassified'],False,True,3465.251369491711,,,,,,
POINT (519979.0658830434 2798500.44259052),0,401.8434073378786,18.29959378744973,92.98302911318308,12742519759,12742519616,0,1376230482,['unclassified'],False,False,3465.251369491709,,,,,,,103.66680479533395,4.997046947479248,1589,12742519616,12742519759,0,1376230482,['unclassified'],False,True,3465.251369491711,,,,,,
POINT (503862.6792904372 2837007.781336527),0,213.4683989660335,16.2646125381584,283.39747491819116,12677777486,12677779703,0,1368873442,['unclassified'],False,False,3149.9064263512964,,,,,,,2350.4577822331244,3.118769645690918,1986,12677777486,12677779703,0,1368873442,['unclassified'],False,False,3149.9064263512964,,,,,,
POINT (503862.6792904372 2837007.781336527),0,213.4683989660335,16.2646125381584,283.39747491819116,12677779703,12677777486,0,1368873442,['unclassified'],False,True,3149.906426351296,,,,,,,2350.4577822331244,3.118769645690918,1986,12677777486,12677779703,0,1368873442,['unclassified'],False,False,3149.9064263512964,,,,,,
POINT (508595.14443935425 2772769.783304673),0,630.1901410659103,21.07359828104937,212.38205842348052,12205992014,12205923119,0,"[1318880720, 1318880676]",['unclassified'],False,True,6124.723716657844,,,,,,,4932.259336042501,8.054644584655762,942,12205992014,12205923119,0,"[1318880720, 1318880676]",['unclassified'],False,True,6124.723716657844,,,,,,
POINT (508595.14443935425 2772769.783304673),0,630.1901410659103,21.07359828104937,212.38205842348052,12205923119,12205992014,0,"[1318880720, 1318880676]",['unclassified'],False,False,6124.723716657842,,,,,,,4932.259336042501,8.054644584655762,942,12205992014,12205923119,0,"[1318880720, 1318880676]",['unclassified'],False,True,6124.723716657844,,,,,,
POINT (509954.06083065295 2805727.9910720526),0,328.9876786958594,9.461492491900765,230.32770133942105,12628341564,12777361867,0,"[1363831817, 1363831818, 1363831823]",['unclassified'],False,True,3196.7553750865764,yes,,,,,,210.86538324979114,6.778076648712158,1483,12628341564,12777361867,0,"[1363831817, 1363831818, 1363831823]",['unclassified'],False,True,3196.7553750865764,yes,,,,,
POINT (509954.06083065295 2805727.9910720526),0,328.9876786958594,9.461492491900765,230.32770133942105,12777361867,12628341564,0,"[1363831817, 1363831818, 1363831823]",['unclassified'],False,False,3196.755375086575,yes,,,,,,210.86538324979114,6.778076648712158,1483,12628341564,12777361867,0,"[1363831817, 1363831818, 1363831823]",['unclassified'],False,True,3196.7553750865764,yes,,,,,
POINT (509410.3857052217 2849061.358198991),0,170.19279035659738,13.190153935690983,35.9681400342528,6240253790,7869322543,0,"[666511125, 713421326, 713421327]",['unclassified'],False,True,1285.2276154950398,,,,,,yes,3925.8646649653356,3.118769645690918,1883,6240253790,7869322543,0,"[666511125, 713421326, 713421327]",['unclassified'],False,True,1285.2276154950398,,,,,,yes
POINT (509410.3857052217 2849061.358198991),0,170.19279035659738,13.190153935690983,35.9681400342528,7869322543,6240253790,0,"[666511125, 713421326, 713421327]",['unclassified'],False,False,1285.22761549504,,,,,,yes,3925.8646649653356,3.118769645690918,1883,6240253790,7869322543,0,"[666511125, 713421326, 713421327]",['unclassified'],False,True,1285.2276154950398,,,,,,yes
POINT (497354.2613044053 2835525.6523576602),0,149.86734108471666,4.23171019568295,119.34081005731028,12184928289,12184928261,0,1316520322,['residential'],False,False,1032.5546815197074,,,,,,,4804.542256684098,3.118769645690918,3265,12184928289,12184928261,0,1316520322,['residential'],False,False,1032.5546815197074,,,,,,
POINT (497354.2613044053 2835525.6523576602),0,149.86734108471666,4.23171019568295,119.34081005731028,12184928261,12184928289,0,1316520322,['residential'],False,True,1032.5546815197076,,,,,,,4804.542256684098,3.118769645690918,3265,12184928289,12184928261,0,1316520322,['residential'],False,False,1032.5546815197074,,,,,,
POINT (466230.2385121936 2826635.1888795896),0,694.3077588093805,6.984259336389934,120.92456763809,13459251058,3173561013,0,1467466680,['unclassified'],False,True,6732.369263844958,,,,,,,1550.7411696245474,3.9780373573303223,3391,13459251058,3173561013,0,1467466680,['unclassified'],False,True,6732.369263844958,,,,,,
POINT (466230.2385121936 2826635.1888795896),0,694.3077588093805,6.984259336389934,120.92456763809,3173561013,13459251058,0,1467466680,['unclassified'],False,False,6732.369263844956,,,,,,,1550.7411696245474,3.9780373573303223,3391,13459251058,3173561013,0,1467466680,['unclassified'],False,True,6732.369263844958,,,,,,
POINT (512435.136223114 2813284.474876976),0,213.7574753254521,10.009598753857976,115.67445621945353,12628374465,7869361469,0,"[1363831851, 843628173, 1363686576, 1363686578, 843631891, 843631892, 843631894, 843631895, 843631897, 843631899]",['trunk'],True,False,14976.661466194246,yes,NH27,,,,,1529.2196377801934,3.475105047225952,1532,12628374465,7869361469,0,"[1363831851, 843628173, 1363686576, 1363686578, 843631891, 843631892, 843631894, 843631895, 843631897, 843631899]",['trunk'],True,False,14976.661466194246,yes,NH27,,,,
POINT (480205.63886007335 2783903.1950896992),0,1214.37326226821,18.132495992843985,9.240254318614873,6244446892,6244446902,0,1316817049,['residential'],False,True,363.91077447319196,,,,,,,1470.0266051694493,7.570275783538818,2067,6244446892,6244446902,0,1316817049,['residential'],False,True,363.91077447319196,,,,,,
POINT (480205.63886007335 2783903.1950896992),0,1214.37326226821,18.132495992843985,9.240254318614873,6244446902,6244446892,0,1316817049,['residential'],False,False,363.91077447319196,,,,,,,1470.0266051694493,7.570275783538818,2067,6244446892,6244446902,0,1316817049,['residential'],False,True,363.91077447319196,,,,,,
POINT (531164.5070957113 2788948.334561158),0,1115.3606283188378,18.70027305075426,110.55587876508811,12200357872,5160769995,0,"[1411969912, 1411969913, 667234662]",['secondary'],False,True,5037.842040220645,yes,,,,,,424.1686261864721,4.997046947479248,910,12200357872,5160769995,0,"[1411969912, 1411969913, 667234662]",['secondary'],False,True,5037.842040220645,yes,,,,,
POINT (531164.5070957113 2788948.334561158),0,1115.3606283188378,18.70027305075426,110.55587876508811,5160769995,12200357872,0,"[1411969912, 1411969913, 667234662]",['secondary'],False,False,5037.8420402206475,yes,,,,,,424.1686261864721,4.997046947479248,910,12200357872,5160769995,0,"[1411969912, 1411969913, 667234662]",['secondary'],False,True,5037.842040220645,yes,,,,,
POINT (501856.74957160495 2851289.092370278),0,108.8402054801181,2.357456447387515,131.26657548195863,5760444136,5760444177,0,607936876,['tertiary'],False,False,7415.229677633651,,,,,,,109.70349148109776,3.118769645690918,1877,5760444136,5760444177,0,607936876,['tertiary'],False,False,7415.229677633651,,,,,,
POINT (501856.74957160495 2851289.092370278),0,108.8402054801181,2.357456447387515,131.26657548195863,5760444177,5760444136,0,607936876,['tertiary'],False,True,7415.229677633648,,,,,,,109.70349148109776,3.118769645690918,1877,5760444136,5760444177,0,607936876,['tertiary'],False,False,7415.229677633651,,,,,,
POINT (477416.20746400673 2810778.4648680124),0,968.1887699265699,1.3333267151630606,14.356720164157544,3878573975,12186828560,0,"[384545269, 1316993878]",['trunk'],False,True,7481.283986399139,,NH627,['1'],,,,396.66612222342667,3.9780373573303223,2538,3878573975,12186828560,0,"[384545269, 1316993878]",['trunk'],False,True,7481.283986399139,,NH627,['1'],,,
POINT (477416.20746400673 2810778.4648680124),0,968.1887699265699,1.3333267151630606,14.356720164157544,12186828560,3878573975,0,"[384545269, 1316993878]",['trunk'],False,False,7481.283986399141,,NH627,['1'],,,,396.66612222342667,3.9780373573303223,2538,3878573975,12186828560,0,"[384545269, 1316993878]",['trunk'],False,True,7481.283986399139,,NH627,['1'],,,
POINT (481967.7478574242 2794598.6448633843),0,972.9569971883654,15.747924188037874,38.303570432013906,6244446253,12187250966,0,1316817062,['tertiary'],False,True,18111.095265319484,,,,,,,733.9259172265483,7.570275783538818,2059,6244446253,12187250966,0,1316817062,['tertiary'],False,True,18111.095265319484,,,,,,
POINT (481967.7478574242 2794598.6448633843),0,972.9569971883654,15.747924188037874,38.303570432013906,12187250966,6244446253,0,1316817062,['tertiary'],False,False,18111.095265319484,,,,,,,733.9259172265483,7.570275783538818,2059,6244446253,12187250966,0,1316817062,['tertiary'],False,True,18111.095265319484,,,,,,
POINT (516058.74703535845 2811570.787352517),0,246.5158198491316,12.636751991577155,150.1359243060304,7869412358,12628374466,0,"[1363831853, 1363686577, 1363686579, 843631893, 843631896, 843631900]",['trunk'],True,False,13977.214526006808,yes,NH27,,,,,2078.229306744505,3.0739004611968994,1915,7869412358,12628374466,0,"[1363831853, 1363686577, 1363686579, 843631893, 843631896, 843631900]",['trunk'],True,False,13977.214526006808,yes,NH27,,,,
POINT (509026.0082304432 2795969.603801844),0,332.15523438004556,10.540993346748397,187.95596982226814,12777362960,12610495876,0,"[1380121796, 1380121750, 1380121751, 1380121752, 1380121753]",['unclassified'],False,False,4198.591766900106,low_water_crossing,,,,,,578.0351062156938,6.778076648712158,1686,12777362960,12610495876,0,"[1380121796, 1380121750, 1380121751, 1380121752, 1380121753]",['unclassified'],False,False,4198.591766900106,low_water_crossing,,,,,
POINT (509026.0082304432 2795969.603801844),0,332.15523438004556,10.540993346748397,187.95596982226814,12610495876,12777362960,0,"[1380121796, 1380121750, 1380121751, 1380121752, 1380121753]",['unclassified'],False,True,4198.591766900106,low_water_crossing,,,,,,578.0351062156938,6.778076648712158,1686,12777362960,12610495876,0,"[1380121796, 1380121750, 1380121751, 1380121752, 1380121753]",['unclassified'],False,False,4198.591766900106,low_water_crossing,,,,,
POINT (500564.37650561176 2807379.659366439),0,399.6712265475345,13.142627059317554,234.88331770580777,12626405432,12626403890,0,"[1363666829, 1363666830]",['residential' 'unclassified'],False,True,2502.744524836595,,,,,,,87.6261596786394,3.475105047225952,1467,12626405432,12626403890,0,"[1363666829, 1363666830]",['residential' 'unclassified'],False,True,2502.744524836595,,,,,,
POINT (500564.37650561176 2807379.659366439),0,399.6712265475345,13.142627059317554,234.88331770580777,12626403890,12626405432,0,"[1363666829, 1363666830]",['residential' 'unclassified'],False,False,2502.744524836595,,,,,,,87.6261596786394,3.475105047225952,1467,12626405432,12626403890,0,"[1363666829, 1363666830]",['residential' 'unclassified'],False,True,2502.744524836595,,,,,,
POINT (513016.194962857 2836068.8912401525),0,365.2322847643934,11.199571603646795,16.0254539422224,12677705845,7869322543,0,"[843621725, 843621717]",['trunk'],True,False,16915.63850868844,,NH27,,,,,985.5273044448587,2.765881299972534,1971,12677705845,7869322543,0,"[843621725, 843621717]",['trunk'],True,False,16915.63850868844,,NH27,,,,
POINT (531422.6336265292 2819756.276257432),0,481.0381782093169,9.165756455448674,110.6225077340729,6251456748,12758430608,0,1377899539,['unclassified'],False,False,2568.3101426472404,,,,,,,5291.5040292309495,3.0739004611968994,1890,6251456748,12758430608,0,1377899539,['unclassified'],False,False,2568.3101426472404,,,,,,
POINT (531422.6336265292 2819756.276257432),0,481.0381782093169,9.165756455448674,110.6225077340729,12758430608,6251456748,0,1377899539,['unclassified'],False,True,2568.3101426472394,,,,,,,5291.5040292309495,3.0739004611968994,1890,6251456748,12758430608,0,1377899539,['unclassified'],False,False,2568.3101426472404,,,,,,
POINT (517789.5977018479 2813249.7138620634),0,330.39878772662695,9.647710363929857,209.00834715707578,7869412358,12628374466,0,"[1363831853, 1363686577, 1363686579, 843631893, 843631896, 843631900]",['trunk'],True,False,13977.214526006808,yes,NH27,,,,,3548.8850498364477,3.0739004611968994,1915,7869412358,12628374466,0,"[1363831853, 1363686577, 1363686579, 843631893, 843631896, 843631900]",['trunk'],True,False,13977.214526006808,yes,NH27,,,,
POINT (501464.97323136096 2822833.345818265),0,137.61264018729253,12.146588554316535,220.12928889808782,12688689684,6175514257,0,1370107261,['unclassified'],False,True,7458.776834779078,,,,,,,383.42566062763893,3.475105047225952,2006,12688689684,6175514257,0,1370107261,['unclassified'],False,True,7458.776834779078,,,,,,
POINT (501464.97323136096 2822833.345818265),0,137.61264018729253,12.146588554316535,220.12928889808782,6175514257,12688689684,0,1370107261,['unclassified'],False,False,7458.7768347790825,,,,,,,383.42566062763893,3.475105047225952,2006,12688689684,6175514257,0,1370107261,['unclassified'],False,True,7458.776834779078,,,,,,
POINT (476468.91515499883 2826363.4858285533),0,506.369235688544,3.847443437751786,211.40671515210005,12688677442,6253845481,0,384532055,['trunk'],False,True,10341.595656351685,,NH627,['2'],,,,755.2415802193409,3.9780373573303223,3381,12688677442,6253845481,0,384532055,['trunk'],False,True,10341.595656351685,,NH627,['2'],,,
POINT (503327.8099395462 2814061.2785819108),0,175.1785949908564,14.374584956543604,161.43022184532492,12626600308,12626600431,0,"[1363686824, 1363686825, 1363686826]",['unclassified'],False,True,6788.170643932414,yes,,,,,,1515.8922994019072,3.475105047225952,1956,12626600308,12626600431,0,"[1363686824, 1363686825, 1363686826]",['unclassified'],False,True,6788.170643932414,yes,,,,,
POINT (503327.8099395462 2814061.2785819108),0,175.1785949908564,14.374584956543604,161.43022184532492,12626600431,12626600308,0,"[1363686824, 1363686825, 1363686826]",['unclassified'],False,False,6788.170643932416,yes,,,,,,1515.8922994019072,3.475105047225952,1956,12626600308,12626600431,0,"[1363686824, 1363686825, 1363686826]",['unclassified'],False,True,6788.170643932414,yes,,,,,
POINT (469221.09374626254 2828035.210204008),0,649.9532929390716,6.054078775071167,234.86307337116276,6253845465,13459251605,0,1467466692,['unclassified'],False,True,11310.021598087043,,,,,,,1545.88651943122,3.9780373573303223,2579,6253845465,13459251605,0,1467466692,['unclassified'],False,True,11310.021598087043,,,,,,
POINT (469221.09374626254 2828035.210204008),0,649.9532929390716,6.054078775071167,234.86307337116276,13459251605,6253845465,0,1467466692,['unclassified'],False,False,11310.021598087043,,,,,,,1545.88651943122,3.9780373573303223,2579,6253845465,13459251605,0,1467466692,['unclassified'],False,True,11310.021598087043,,,,,,
POINT (476650.4351251393 2807163.335694635),0,949.4148956678193,3.121898190912172,134.33380554194633,12186828560,12187249935,0,"[1316817097, 1316761148]",['tertiary'],False,"[ false, true ]",9396.99189789558,,,,,,,2077.582424604927,3.9780373573303223,2255,12186828560,12187249935,0,"[1316817097, 1316761148]",['tertiary'],False,"[ false, true ]",9396.99189789558,,,,,,
POINT (476650.4351251393 2807163.335694635),0,949.4148956678193,3.121898190912172,134.33380554194633,12187249935,12186828560,0,"[1316817097, 1316761148]",['tertiary'],False,"[ false, true ]",9396.99189789559,,,,,,,2077.582424604927,3.9780373573303223,2255,12186828560,12187249935,0,"[1316817097, 1316761148]",['tertiary'],False,"[ false, true ]",9396.99189789558,,,,,,
POINT (506031.52802960074 2803326.242425677),0,309.72659632771683,23.060654542172166,212.72190024423634,12610474216,12610458534,0,"[1362028904, 1362028905, 1362028930]",['unclassified'],False,False,8859.488617556844,yes,,,,,,1014.539966090585,6.778076648712158,1433,12610474216,12610458534,0,"[1362028904, 1362028905, 1362028930]",['unclassified'],False,False,8859.488617556844,yes,,,,,
POINT (488229.5497117164 2800379.991941793),0,469.7327219308202,23.093657363602173,122.82473108588388,12187249935,12626600689,0,1316817074,['unclassified'],False,False,13789.613151626014,,,,,,,1933.3893298775688,6.778076648712158,2266,12187249935,12626600689,0,1316817074,['unclassified'],False,False,13789.613151626014,,,,,,
POINT (488229.5497117164 2800379.991941793),0,469.7327219308202,23.093657363602173,122.82473108588388,12626600689,12187249935,0,1316817074,['unclassified'],False,True,13789.61315162602,,,,,,,1933.3893298775688,6.778076648712158,2266,12187249935,12626600689,0,1316817074,['unclassified'],False,False,13789.613151626014,,,,,,
POINT (510531.50400873314 2814988.5082997135),0,273.0003394843916,5.447700007604384,295.0530997188126,12628374465,7869361469,0,"[1363831851, 843628173, 1363686576, 1363686578, 843631891, 843631892, 843631894, 843631895, 843631897, 843631899]",['trunk'],True,False,14976.661466194246,yes,NH27,,,,,3420.8964415748214,3.475105047225952,1532,12628374465,7869361469,0,"[1363831851, 843628173, 1363686576, 1363686578, 843631891, 843631892, 843631894, 843631895, 843631897, 843631899]",['trunk'],True,False,14976.661466194246,yes,NH27,,,,
POINT (494908.24264854734 2798480.9286666205),0,484.59281422194204,15.214005392563987,63.05626369071462,12542560862,12542561365,0,1352780060,['unclassified'],False,True,4539.894227180016,,,,,,,1563.8967602622547,6.778076648712158,2391,12542560862,12542561365,0,1352780060,['unclassified'],False,True,4539.894227180016,,,,,,
POINT (494908.24264854734 2798480.9286666205),0,484.59281422194204,15.214005392563987,63.05626369071462,12542561365,12542560862,0,1352780060,['unclassified'],False,False,4539.894227180017,,,,,,,1563.8967602622547,6.778076648712158,2391,12542560862,12542561365,0,1352780060,['unclassified'],False,True,4539.894227180016,,,,,,
POINT (494641.2317066728 2798033.8389389003),0,524.7952532212258,5.272728546571135,24.84761695816783,12542560862,12542561365,0,1352780060,['unclassified'],False,True,4539.894227180016,,,,,,,1565.4024269465503,6.778076648712158,2391,12542560862,12542561365,0,1352780060,['unclassified'],False,True,4539.894227180016,,,,,,
POINT (494641.2317066728 2798033.8389389003),0,524.7952532212258,5.272728546571135,24.84761695816783,12542561365,12542560862,0,1352780060,['unclassified'],False,False,4539.894227180017,,,,,,,1565.4024269465503,6.778076648712158,2391,12542560862,12542561365,0,1352780060,['unclassified'],False,True,4539.894227180016,,,,,,
POINT (495414.856957705 2790789.554389366),0,786.3294884028537,3.1540304708212448,114.80935605464846,12583154272,12570689478,0,"[1358317012, 1358316967]",['residential' 'unclassified'],False,True,2769.488652569616,,,,,,,287.6549287042406,6.778076648712158,2427,12583154272,12570689478,0,"[1358317012, 1358316967]",['residential' 'unclassified'],False,True,2769.488652569616,,,,,,
POINT (495414.856957705 2790789.554389366),0,786.3294884028537,3.1540304708212448,114.80935605464846,12570689478,12583154272,0,"[1358317012, 1358316967]",['residential' 'unclassified'],False,False,2769.4886525696143,,,,,,,287.6549287042406,6.778076648712158,2427,12583154272,12570689478,0,"[1358317012, 1358316967]",['residential' 'unclassified'],False,True,2769.488652569616,,,,,,
POINT (508561.46785264707 2789068.398372801),0,383.01974587722776,15.313419938591519,117.11515656303735,12777302897,12777302896,0,1380116569,['residential'],False,True,1376.6080724131727,,,,,,,1516.9433729495013,6.778076648712158,1675,12777302897,12777302896,0,1380116569,['residential'],False,True,1376.6080724131727,,,,,,
POINT (508561.46785264707 2789068.398372801),0,383.01974587722776,15.313419938591519,117.11515656303735,12777302896,12777302897,0,1380116569,['residential'],False,False,1376.6080724131725,,,,,,,1516.9433729495013,6.778076648712158,1675,12777302897,12777302896,0,1380116569,['residential'],False,True,1376.6080724131727,,,,,,
POINT (504323.9378760656 2842244.5015431778),0,242.71521824385076,21.054703584849495,35.79110666753221,12677777486,12677779703,0,1368873442,['unclassified'],False,False,3149.9064263512964,,,,,,,6175.696847115969,3.118769645690918,1986,12677777486,12677779703,0,1368873442,['unclassified'],False,False,3149.9064263512964,,,,,,
POINT (504323.9378760656 2842244.5015431778),0,242.71521824385076,21.054703584849495,35.79110666753221,12677779703,12677777486,0,1368873442,['unclassified'],False,True,3149.906426351296,,,,,,,6175.696847115969,3.118769645690918,1986,12677777486,12677779703,0,1368873442,['unclassified'],False,False,3149.9064263512964,,,,,,
POINT (496799.9008036219 2784051.0570055502),0,910.9510985324388,20.70980317472336,278.51392198307053,12542547349,12542601214,0,1355253021,['unclassified'],False,False,4447.150949256268,,,,,,,544.3109708661522,6.778076648712158,2390,12542547349,12542601214,0,1355253021,['unclassified'],False,False,4447.150949256268,,,,,,
POINT (496799.9008036219 2784051.0570055502),0,910.9510985324388,20.70980317472336,278.51392198307053,12542601214,12542547349,0,1355253021,['unclassified'],False,True,4447.150949256264,,,,,,,544.3109708661522,6.778076648712158,2390,12542547349,12542601214,0,1355253021,['unclassified'],False,False,4447.150949256268,,,,,,
POINT (492169.8282621349 2814528.0598454573),0,454.78479347457414,15.013375737118304,38.35822079864959,3878590404,12187251357,0,"[384547304, 384547305, 384547306, 384545268]",['trunk'],False,False,24098.021607759852,,NH627;SH-1020,,,,,726.4299080780677,3.475105047225952,2546,3878590404,12187251357,0,"[384547304, 384547305, 384547306, 384545268]",['trunk'],False,False,24098.021607759852,,NH627;SH-1020,,,,
POINT (492169.8282621349 2814528.0598454573),0,454.78479347457414,15.013375737118304,38.35822079864959,12187251357,3878590404,0,"[384547304, 384547305, 384547306, 384545268]",['trunk'],False,True,24098.021607759867,,NH627;SH-1020,,,,,726.4299080780677,3.475105047225952,2546,3878590404,12187251357,0,"[384547304, 384547305, 384547306, 384545268]",['trunk'],False,False,24098.021607759852,,NH627;SH-1020,,,,
POINT (505408.4688697136 2769273.8401344153),0,456.6476319183821,29.94523866387158,290.89740426572257,12205992014,12205991116,0,1318888660,['unclassified'],False,False,4117.778053829975,,,,,,,6439.964929019126,8.054644584655762,943,12205992014,12205991116,0,1318888660,['unclassified'],False,False,4117.778053829975,,,,,,
POINT (505408.4688697136 2769273.8401344153),0,456.6476319183821,29.94523866387158,290.89740426572257,12205991116,12205992014,0,1318888660,['unclassified'],False,True,4117.778053829976,,,,,,,6439.964929019126,8.054644584655762,943,12205992014,12205991116,0,1318888660,['unclassified'],False,False,4117.778053829975,,,,,,
POINT (533949.1409528025 2791549.0299136858),0,1473.0392814701295,15.749716326618545,107.18175500512655,13404741298,13404748103,0,1461545805,['residential'],False,True,289.75574091074935,,,,,,,254.86989219027683,4.997046947479248,1791,13404741298,13404748103,0,1461545805,['residential'],False,True,289.75574091074935,,,,,,
POINT (533949.1409528025 2791549.0299136858),0,1473.0392814701295,15.749716326618545,107.18175500512655,13404748103,13404741298,0,1461545805,['residential'],False,False,289.7557409107493,,,,,,,254.86989219027683,4.997046947479248,1791,13404741298,13404748103,0,1461545805,['residential'],False,True,289.75574091074935,,,,,,
POINT (524477.6361119472 2799278.140255539),0,763.4394610042614,18.79459615088617,17.345966251932612,12745226117,12745200080,0,1376534386,['residential'],False,False,3118.814066732372,,,,,,,2107.1370829042653,4.997046947479248,1614,12745226117,12745200080,0,1376534386,['residential'],False,False,3118.814066732372,,,,,,
POINT (524477.6361119472 2799278.140255539),0,763.4394610042614,18.79459615088617,17.345966251932612,12745200080,12745226117,0,1376534386,['residential'],False,True,3118.8140667323746,,,,,,,2107.1370829042653,4.997046947479248,1614,12745226117,12745200080,0,1376534386,['residential'],False,False,3118.814066732372,,,,,,
POINT (540986.8748584499 2794836.12855185),0,908.1076730205427,20.567997760075897,129.35244391297942,12785867486,12785834347,0,1381133556,['unclassified'],False,False,9168.357141098228,,,,,,,217.95372760055807,3.708545684814453,1690,12785867486,12785834347,0,1381133556,['unclassified'],False,False,9168.357141098228,,,,,,
POINT (540986.8748584499 2794836.12855185),0,908.1076730205427,20.567997760075897,129.35244391297942,12785834347,12785867486,0,1381133556,['unclassified'],False,True,9168.35714109823,,,,,,,217.95372760055807,3.708545684814453,1690,12785867486,12785834347,0,1381133556,['unclassified'],False,False,9168.357141098228,,,,,,
POINT (473537.21867575735 2814772.3259133687),0,765.9818389954607,21.3934446624951,75.55004015697978,3878463742,12188935880,0,1003959491,['trunk'],False,True,2535.8961788288216,,NH627,['1'],,,,367.4014364520475,3.9780373573303223,2506,3878463742,12188935880,0,1003959491,['trunk'],False,True,2535.8961788288216,,NH627,['1'],,,
POINT (473537.21867575735 2814772.3259133687),0,765.9818389954607,21.3934446624951,75.55004015697978,12188935880,3878463742,0,1003959491,['trunk'],False,False,2535.896178828824,,NH627,['1'],,,,367.4014364520475,3.9780373573303223,2506,3878463742,12188935880,0,1003959491,['trunk'],False,True,2535.8961788288216,,NH627,['1'],,,
POINT (510738.7886110042 2831698.380948595),0,260.44272383255156,9.815924586014583,49.00694531152564,7869367544,12677783544,0,"[1368873648, 843621716, 843626038, 1368873647]",['trunk'],True,False,14289.410171104708,yes,NH27,,,,,828.3920967952388,3.475105047225952,1903,7869367544,12677783544,0,"[1368873648, 843621716, 843626038, 1368873647]",['trunk'],True,False,14289.410171104708,yes,NH27,,,,
POINT (525597.2102743923 2813455.616579161),0,457.6938107986216,21.42731457373397,10.45678005999136,6251456792,6251457266,0,"[667660353, 667660355, 667660357, 667660360, 667660364, 667660342, 667660345]",['secondary'],False,True,16213.67090978031,yes,Nc-M-1,,,,,4114.254698585321,3.0739004611968994,1894,6251456792,6251457266,0,"[667660353, 667660355, 667660357, 667660360, 667660364, 667660342, 667660345]",['secondary'],False,True,16213.67090978031,yes,Nc-M-1,,,,
POINT (525597.2102743923 2813455.616579161),0,457.6938107986216,21.42731457373397,10.45678005999136,6251457266,6251456792,0,"[667660353, 667660355, 667660357, 667660360, 667660364, 667660342, 667660345]",['secondary'],False,False,16213.67090978031,yes,Nc-M-1,,,,,4114.254698585321,3.0739004611968994,1894,6251456792,6251457266,0,"[667660353, 667660355, 667660357, 667660360, 667660364, 667660342, 667660345]",['secondary'],False,True,16213.67090978031,yes,Nc-M-1,,,,
POINT (511220.6447831322 2780560.8898549015),0,1450.0723661846519,19.80164228805429,102.58394032713696,12770440791,12770442580,0,1379123740,['unclassified'],False,True,5767.119828876454,,,,,,,890.8693480467185,6.778076648712158,1631,12770440791,12770442580,0,1379123740,['unclassified'],False,True,5767.119828876454,,,,,,
POINT (511220.6447831322 2780560.8898549015),0,1450.0723661846519,19.80164228805429,102.58394032713696,12770442580,12770440791,0,1379123740,['unclassified'],False,False,5767.119828876457,,,,,,,890.8693480467185,6.778076648712158,1631,12770440791,12770442580,0,1379123740,['unclassified'],False,True,5767.119828876454,,,,,,
POINT (504889.8086710234 2788229.4281832795),0,598.785846284814,10.896639334386906,78.33112271447033,12776978629,12777302896,0,1380082636,['unclassified'],False,False,12832.137127775612,,,,,,,164.80163174045813,6.778076648712158,1658,12776978629,12777302896,0,1380082636,['unclassified'],False,False,12832.137127775612,,,,,,
POINT (504889.8086710234 2788229.4281832795),0,598.785846284814,10.896639334386906,78.33112271447033,12777302896,12776978629,0,1380082636,['unclassified'],False,True,12832.137127775604,,,,,,,164.80163174045813,6.778076648712158,1658,12776978629,12777302896,0,1380082636,['unclassified'],False,False,12832.137127775612,,,,,,
POINT (513466.8122002031 2775340.9836237985),0,1001.9537558896961,27.831043339424603,207.790571883593,12205923119,6176986588,0,"[1318880722, 1317723906, 1317723911, 1318880719]",['unclassified' 'primary'],False,"[ false, true ]",20482.149425382428,,SH37;SH-022,['1'],,,,2272.497119599662,7.2444376945495605,936,12205923119,6176986588,0,"[1318880722, 1317723906, 1317723911, 1318880719]",['unclassified' 'primary'],False,"[ false, true ]",20482.149425382428,,SH37;SH-022,['1'],,,
POINT (513466.8122002031 2775340.9836237985),0,1001.9537558896961,27.831043339424603,207.790571883593,6176986588,12205923119,0,"[1318880722, 1317723906, 1318880719, 1317723911]",['unclassified' 'primary'],False,"[ false, true ]",20482.14942538242,,SH37;SH-022,['1'],,,,2272.497119599662,7.2444376945495605,936,12205923119,6176986588,0,"[1318880722, 1317723906, 1317723911, 1318880719]",['unclassified' 'primary'],False,"[ false, true ]",20482.149425382428,,SH37;SH-022,['1'],,,
POINT (452547.6830371074 2778103.882260622),0,421.36493876243986,36.7943975773902,285.9345495449279,9784622508,9784757148,0,1065443140,['residential'],False,True,88.43284230269639,,,,,,,26721.71952853128,8.737245559692383,2082,9784622508,9784757148,0,1065443140,['residential'],False,True,88.43284230269639,,,,,,
POINT (452547.6830371074 2778103.882260622),0,421.36493876243986,36.7943975773902,285.9345495449279,9784757148,9784622508,0,1065443140,['residential'],False,False,88.43284230269639,,,,,,,26721.71952853128,8.737245559692383,2082,9784622508,9784757148,0,1065443140,['residential'],False,True,88.43284230269639,,,,,,
POINT (533078.5565035237 2803157.2244803393),0,475.56515462278486,18.33073223609665,214.202314039044,6251241995,6251241407,0,667636162,['tertiary'],False,False,1545.4586949539678,,,,,,,2034.83497928759,4.997046947479248,590,6251241995,6251241407,0,667636162,['tertiary'],False,False,1545.4586949539678,,,,,,
POINT (533078.5565035237 2803157.2244803393),0,475.56515462278486,18.33073223609665,214.202314039044,6251241407,6251241995,0,667636162,['tertiary'],False,True,1545.458694953967,,,,,,,2034.83497928759,4.997046947479248,590,6251241995,6251241407,0,667636162,['tertiary'],False,False,1545.4586949539678,,,,,,
POINT (519607.64617324003 2791792.355103309),0,460.1647154218019,14.29558238289863,256.6198510670564,6246654977,6246654933,0,667166454,['unclassified'],False,False,2881.8595783361225,,,,,,,983.8020835601934,4.997046947479248,542,6246654977,6246654933,0,667166454,['unclassified'],False,False,2881.8595783361225,,,,,,
POINT (519607.64617324003 2791792.355103309),0,460.1647154218019,14.29558238289863,256.6198510670564,6246654933,6246654977,0,667166454,['unclassified'],False,True,2881.8595783361225,,,,,,,983.8020835601934,4.997046947479248,542,6246654977,6246654933,0,667166454,['unclassified'],False,False,2881.8595783361225,,,,,,
POINT (541525.4683927882 2809278.427440002),0,526.8654047406155,22.093789433815893,218.89843055499028,12637355148,12637354659,0,"[1364623569, 1364623570, 1364623571]",['unclassified'],False,False,3353.176279518066,yes,,,,,,331.53109818734555,3.314725637435913,1557,12637355148,12637354659,0,"[1364623569, 1364623570, 1364623571]",['unclassified'],False,False,3353.176279518066,yes,,,,,
POINT (541525.4683927882 2809278.427440002),0,526.8654047406155,22.093789433815893,218.89843055499028,12637354659,12637355148,0,"[1364623569, 1364623570, 1364623571]",['unclassified'],False,True,3353.176279518067,yes,,,,,,331.53109818734555,3.314725637435913,1557,12637355148,12637354659,0,"[1364623569, 1364623570, 1364623571]",['unclassified'],False,False,3353.176279518066,yes,,,,,
POINT (514068.57635889563 2783508.964461462),0,824.3157179351036,15.746406390342544,320.6449956437309,12205923119,6176986588,0,"[1318880722, 1317723906, 1317723911, 1318880719]",['unclassified' 'primary'],False,"[ false, true ]",20482.149425382428,,SH37;SH-022,['1'],,,,729.9326178572728,4.997046947479248,936,12205923119,6176986588,0,"[1318880722, 1317723906, 1317723911, 1318880719]",['unclassified' 'primary'],False,"[ false, true ]",20482.149425382428,,SH37;SH-022,['1'],,,
POINT (514068.57635889563 2783508.964461462),0,824.3157179351036,15.746406390342544,320.6449956437309,6176986588,12205923119,0,"[1318880722, 1317723906, 1318880719, 1317723911]",['unclassified' 'primary'],False,"[ false, true ]",20482.14942538242,,SH37;SH-022,['1'],,,,729.9326178572728,4.997046947479248,936,12205923119,6176986588,0,"[1318880722, 1317723906, 1317723911, 1318880719]",['unclassified' 'primary'],False,"[ false, true ]",20482.149425382428,,SH37;SH-022,['1'],,,
POINT (480720.44327042147 2842021.658749428),0,162.79526145389718,3.856863474097021,240.65932020435505,6253845481,6175515523,0,"[1365630635, 1365630636, 1365630637, 1365630638, 384532055]",['trunk'],False,True,27418.676099295448,yes,NH627,['2'],,,,346.1368725803749,3.3000731468200684,2581,6253845481,6175515523,0,"[1365630635, 1365630636, 1365630637, 1365630638, 384532055]",['trunk'],False,True,27418.676099295448,yes,NH627,['2'],,,
POINT (480720.44327042147 2842021.658749428),0,162.79526145389718,3.856863474097021,240.65932020435505,6175515523,6253845481,0,"[1365630635, 1365630636, 1365630637, 1365630638, 384532055]",['trunk'],False,False,27418.67609929543,yes,NH627,['2'],,,,346.1368725803749,3.3000731468200684,2581,6253845481,6175515523,0,"[1365630635, 1365630636, 1365630637, 1365630638, 384532055]",['trunk'],False,True,27418.676099295448,yes,NH627,['2'],,,
POINT (479080.68144485774 2784210.133467595),0,1241.253090812658,8.789583896782066,112.27114190967883,6244446892,6244446902,0,1316817049,['residential'],False,True,363.91077447319196,,,,,,,2305.96037980604,7.570275783538818,2067,6244446892,6244446902,0,1316817049,['residential'],False,True,363.91077447319196,,,,,,
POINT (479080.68144485774 2784210.133467595),0,1241.253090812658,8.789583896782066,112.27114190967883,6244446902,6244446892,0,1316817049,['residential'],False,False,363.91077447319196,,,,,,,2305.96037980604,7.570275783538818,2067,6244446892,6244446902,0,1316817049,['residential'],False,True,363.91077447319196,,,,,,
POINT (496009.61495886085 2820771.4534743284),0,302.2542603641689,16.752676074730175,55.289574940968535,6175514257,6175513760,0,659589584,['primary'],False,False,9606.840802348159,,SH16;SH-020,,,SH16,,410.44868048249054,3.475105047225952,1881,6175514257,6175513760,0,659589584,['primary'],False,False,9606.840802348159,,SH16;SH-020,,,SH16,
POINT (496009.61495886085 2820771.4534743284),0,302.2542603641689,16.752676074730175,55.289574940968535,6175513760,6175514257,0,659589584,['primary'],False,True,9606.840802348164,,SH16;SH-020,,,SH16,,410.44868048249054,3.475105047225952,1881,6175514257,6175513760,0,659589584,['primary'],False,False,9606.840802348159,,SH16;SH-020,,,SH16,
POINT (505495.95954683167 2821617.4856404206),0,156.239880244286,8.614416118072873,188.74277906406374,12677705858,12677769829,0,"[1368873448, 1368873449]",['unclassified'],False,True,3522.9582143941775,,,,,,,2920.1646005130247,3.475105047225952,1977,12677705858,12677769829,0,"[1368873448, 1368873449]",['unclassified'],False,True,3522.9582143941775,,,,,,
POINT (505495.95954683167 2821617.4856404206),0,156.239880244286,8.614416118072873,188.74277906406374,12677769829,12677705858,0,"[1368873448, 1368873449]",['unclassified'],False,False,3522.9582143941766,,,,,,,2920.1646005130247,3.475105047225952,1977,12677705858,12677769829,0,"[1368873448, 1368873449]",['unclassified'],False,True,3522.9582143941775,,,,,,
POINT (509333.47800322186 2836903.9773996347),0,211.29982197910067,3.3341323408581034,133.09666711333273,12677705845,7869322543,0,"[843621725, 843621717]",['trunk'],True,False,16915.63850868844,,NH27,,,,,1275.446915931941,3.118769645690918,1971,12677705845,7869322543,0,"[843621725, 843621717]",['trunk'],True,False,16915.63850868844,,NH27,,,,
POINT (518359.28750779293 2808759.8965674103),0,293.3540129386562,5.9708141454198005,91.88191280123968,12527885618,6251457266,0,"[1353799885, 1353799886, 667660366, 667660368, 667660369, 1353799887]",['secondary'],False,False,18768.317961884473,yes,Nc-M-1,,,,,1972.912410683646,3.0739004611968994,1010,12527885618,6251457266,0,"[1353799885, 1353799886, 667660366, 667660368, 667660369, 1353799887]",['secondary'],False,False,18768.317961884473,yes,Nc-M-1,,,,
POINT (518359.28750779293 2808759.8965674103),0,293.3540129386562,5.9708141454198005,91.88191280123968,6251457266,12527885618,0,"[1353799885, 1353799886, 1353799887, 667660368, 667660369, 667660366]",['secondary'],False,True,18768.317961884473,yes,Nc-M-1,,,,,1972.912410683646,3.0739004611968994,1010,12527885618,6251457266,0,"[1353799885, 1353799886, 667660366, 667660368, 667660369, 1353799887]",['secondary'],False,False,18768.317961884473,yes,Nc-M-1,,,,
POINT (512327.6892188837 2774921.1785757607),0,858.0003319009556,18.8885517378205,176.74056151247197,12205923119,12205891492,0,1318880721,['residential'],False,False,312.2228935326396,,,,,,,2914.8062891513,8.054644584655762,937,12205923119,12205891492,0,1318880721,['residential'],False,False,312.2228935326396,,,,,,
POINT (512327.6892188837 2774921.1785757607),0,858.0003319009556,18.8885517378205,176.74056151247197,12205891492,12205923119,0,1318880721,['residential'],False,True,312.22289353263955,,,,,,,2914.8062891513,8.054644584655762,937,12205923119,12205891492,0,1318880721,['residential'],False,False,312.2228935326396,,,,,,
POINT (490205.19860840775 2777135.4754241244),0,233.724816501529,13.498897826498903,12.871041128928288,6244305053,2926095087,0,"[1316530145, 1316530146, 1319045370, 656974446, 666910992, 666910993, 666910995, 666910996, 666911000, 666911002]",['trunk'],False,"[ false, true ]",12763.345598644233,yes,NH27,,,,,206.54105784190725,8.054644584655762,2044,6244305053,2926095087,0,"[1316530145, 1316530146, 1319045370, 656974446, 666910992, 666910993, 666910995, 666910996, 666911000, 666911002]",['trunk'],False,"[ false, true ]",12763.345598644233,yes,NH27,,,,
POINT (490205.19860840775 2777135.4754241244),0,233.724816501529,13.498897826498903,12.871041128928288,2926095087,6244305053,0,"[1316530145, 1316530146, 666911002, 656974446, 666910992, 666910993, 666910995, 666910996, 666911000, 1319045370]",['trunk'],False,"[ false, true ]",12763.345598644211,yes,NH27,,,,,206.54105784190725,8.054644584655762,2044,6244305053,2926095087,0,"[1316530145, 1316530146, 1319045370, 656974446, 666910992, 666910993, 666910995, 666910996, 666911000, 666911002]",['trunk'],False,"[ false, true ]",12763.345598644233,yes,NH27,,,,
POINT (507888.5422492143 2816370.797702803),0,176.31798042591834,7.6571379347100885,281.276484608155,12677705858,12677769829,0,"[1368873448, 1368873449]",['unclassified'],False,True,3522.9582143941775,,,,,,,4061.137637501547,3.475105047225952,1977,12677705858,12677769829,0,"[1368873448, 1368873449]",['unclassified'],False,True,3522.9582143941775,,,,,,
POINT (507888.5422492143 2816370.797702803),0,176.31798042591834,7.6571379347100885,281.276484608155,12677769829,12677705858,0,"[1368873448, 1368873449]",['unclassified'],False,False,3522.9582143941766,,,,,,,4061.137637501547,3.475105047225952,1977,12677705858,12677769829,0,"[1368873448, 1368873449]",['unclassified'],False,True,3522.9582143941775,,,,,,
POINT (524723.8190458735 2788262.9652874335),0,1144.7864333411253,22.025743570783458,232.68736430037558,5766102125,6247257622,0,"[667234624, 198004153, 667234627, 667234668]",['secondary'],False,"[ false, true ]",11390.506823785354,,,,,,,1240.268203644662,4.997046947479248,193,5766102125,6247257622,0,"[667234624, 198004153, 667234627, 667234668]",['secondary'],False,"[ false, true ]",11390.506823785354,,,,,,
POINT (524723.8190458735 2788262.9652874335),0,1144.7864333411253,22.025743570783458,232.68736430037558,6247257622,5766102125,0,"[667234624, 198004153, 667234627, 667234668]",['secondary'],False,"[ false, true ]",11390.50682378533,,,,,,,1240.268203644662,4.997046947479248,193,5766102125,6247257622,0,"[667234624, 198004153, 667234627, 667234668]",['secondary'],False,"[ false, true ]",11390.506823785354,,,,,,
POINT (489213.555771356 2806694.477035275),0,520.6543529115114,7.660817075185478,52.92025443330703,12187249935,12626600689,0,1316817074,['unclassified'],False,False,13789.613151626014,,,,,,,2437.609708519019,3.475105047225952,2266,12187249935,12626600689,0,1316817074,['unclassified'],False,False,13789.613151626014,,,,,,
POINT (489213.555771356 2806694.477035275),0,520.6543529115114,7.660817075185478,52.92025443330703,12626600689,12187249935,0,1316817074,['unclassified'],False,True,13789.61315162602,,,,,,,2437.609708519019,3.475105047225952,2266,12187249935,12626600689,0,1316817074,['unclassified'],False,False,13789.613151626014,,,,,,
POINT (517547.74823614804 2797389.2755899467),0,350.6634518150767,10.90957862930334,128.24764471159148,12742459433,12742459431,0,1376230485,['residential'],False,True,1243.7426891730308,,,,,,,348.9221273478568,4.997046947479248,1564,12742459433,12742459431,0,1376230485,['residential'],False,True,1243.7426891730308,,,,,,
POINT (517547.74823614804 2797389.2755899467),0,350.6634518150767,10.90957862930334,128.24764471159148,12742459431,12742459433,0,1376230485,['residential'],False,False,1243.7426891730315,,,,,,,348.9221273478568,4.997046947479248,1564,12742459433,12742459431,0,1376230485,['residential'],False,True,1243.7426891730308,,,,,,
POINT (476163.90437723114 2783511.1792891133),0,1399.0993878807494,14.637103160725502,286.4756489285407,6244446892,6244446902,0,1316817049,['residential'],False,True,363.91077447319196,,,,,,,5301.9017029991655,7.570275783538818,2067,6244446892,6244446902,0,1316817049,['residential'],False,True,363.91077447319196,,,,,,
POINT (476163.90437723114 2783511.1792891133),0,1399.0993878807494,14.637103160725502,286.4756489285407,6244446902,6244446892,0,1316817049,['residential'],False,False,363.91077447319196,,,,,,,5301.9017029991655,7.570275783538818,2067,6244446892,6244446902,0,1316817049,['residential'],False,True,363.91077447319196,,,,,,
POINT (480317.0963324329 2776411.622302268),0,191.96518593162745,4.53808665938612,155.29253063166493,9784656016,9784646575,0,"[1065429368, 1065426153, 1065429369]",['residential'],False,True,1864.9590266614423,yes,,,,,,29.88741985075624,8.142277717590332,2134,9784656016,9784646575,0,"[1065429368, 1065426153, 1065429369]",['residential'],False,True,1864.9590266614423,yes,,,,,
POINT (493352.5887129508 2808821.1157935085),0,459.03256856716877,17.971797981730045,199.98706267986216,3878590404,12626568082,0,"[1363686813, 1363686814]",['residential' 'unclassified'],False,False,2261.795754461202,,,,,,,2469.0787211554807,3.475105047225952,2548,3878590404,12626568082,0,"[1363686813, 1363686814]",['residential' 'unclassified'],False,False,2261.795754461202,,,,,,
POINT (493352.5887129508 2808821.1157935085),0,459.03256856716877,17.971797981730045,199.98706267986216,12626568082,3878590404,0,"[1363686813, 1363686814]",['residential' 'unclassified'],False,True,2261.7957544612023,,,,,,,2469.0787211554807,3.475105047225952,2548,3878590404,12626568082,0,"[1363686813, 1363686814]",['residential' 'unclassified'],False,False,2261.795754461202,,,,,,
POINT (504860.4427300298 2817652.2375195464),0,278.2774780598254,9.406578675294288,113.74337005488661,12626599211,12626597151,0,"[1363686818, 1363686921, 1363686583, 1363686584, 1363686585]",['unclassified'],False,True,3095.3959788866346,,,,,,,4601.967966856753,3.475105047225952,1943,12626599211,12626597151,0,"[1363686818, 1363686921, 1363686583, 1363686584, 1363686585]",['unclassified'],False,True,3095.3959788866346,,,,,,
POINT (504860.4427300298 2817652.2375195464),0,278.2774780598254,9.406578675294288,113.74337005488661,12626597151,12626599211,0,"[1363686818, 1363686921, 1363686583, 1363686584, 1363686585]",['unclassified'],False,False,3095.395978886635,,,,,,,4601.967966856753,3.475105047225952,1943,12626599211,12626597151,0,"[1363686818, 1363686921, 1363686583, 1363686584, 1363686585]",['unclassified'],False,True,3095.3959788866346,,,,,,
POINT (496087.93882215 2841561.3667832073),0,137.11583767972027,3.528200419919139,80.92428525825095,12646473689,12646536432,0,"[1365624556, 1365624558]",['residential' 'unclassified'],False,False,8287.488909603735,,,,,,,976.4590044719948,3.118769645690918,3340,12646473689,12646536432,0,"[1365624556, 1365624558]",['residential' 'unclassified'],False,False,8287.488909603735,,,,,,
POINT (525836.2303174933 2777458.0994257284),0,978.0451073754593,27.789523437670454,250.49921312521982,12200325654,12200325653,0,1318233487,['unclassified'],False,True,1742.2611709801681,,,,,,,2341.015020479365,7.2444376945495605,898,12200325654,12200325653,0,1318233487,['unclassified'],False,True,1742.2611709801681,,,,,,
POINT (525836.2303174933 2777458.0994257284),0,978.0451073754593,27.789523437670454,250.49921312521982,12200325653,12200325654,0,1318233487,['unclassified'],False,False,1742.2611709801672,,,,,,,2341.015020479365,7.2444376945495605,898,12200325654,12200325653,0,1318233487,['unclassified'],False,True,1742.2611709801681,,,,,,
POINT (507909.09027742076 2833276.4436501632),0,283.3347007300067,8.365998984479356,56.59608414825044,12677780009,12677779749,0,1368873446,['unclassified'],False,False,7574.243371869928,,,,,,,202.20969195104743,3.475105047225952,2002,12677780009,12677779749,0,1368873446,['unclassified'],False,False,7574.243371869928,,,,,,
POINT (507909.09027742076 2833276.4436501632),0,283.3347007300067,8.365998984479356,56.59608414825044,12677779749,12677780009,0,1368873446,['unclassified'],False,True,7574.243371869934,,,,,,,202.20969195104743,3.475105047225952,2002,12677780009,12677779749,0,1368873446,['unclassified'],False,False,7574.243371869928,,,,,,
POINT (510257.28574467567 2807431.644679358),0,349.04606433121273,16.78036092181968,134.39965024608867,12628341564,12628373876,0,1363831806,['unclassified'],False,True,5568.93847314733,,,,,,,813.8019546171039,3.475105047225952,1482,12628341564,12628373876,0,1363831806,['unclassified'],False,True,5568.93847314733,,,,,,
POINT (510257.28574467567 2807431.644679358),0,349.04606433121273,16.78036092181968,134.39965024608867,12628373876,12628341564,0,1363831806,['unclassified'],False,False,5568.938473147334,,,,,,,813.8019546171039,3.475105047225952,1482,12628341564,12628373876,0,1363831806,['unclassified'],False,True,5568.93847314733,,,,,,
POINT (475396.34919087176 2825089.8296319204),0,587.7779288203674,14.004011642702505,103.49411523726124,12688677442,6253845481,0,384532055,['trunk'],False,True,10341.595656351685,,NH627,['2'],,,,1167.8264666692667,3.9780373573303223,3381,12688677442,6253845481,0,384532055,['trunk'],False,True,10341.595656351685,,NH627,['2'],,,
POINT (475396.34919087176 2825089.8296319204),0,587.7779288203674,14.004011642702505,103.49411523726124,6253845481,12688677442,0,384532055,['trunk'],False,False,10341.59565635169,,NH627,['2'],,,,1167.8264666692667,3.9780373573303223,3381,12688677442,6253845481,0,384532055,['trunk'],False,True,10341.595656351685,,NH627,['2'],,,
POINT (530594.6205746261 2805459.5607285523),0,311.62499751935314,2.5310332983190316,99.23285935992963,6251241407,6251457266,0,"[667636170, 667636162, 667636156]",['tertiary'],False,"[ false, true ]",6270.75969907136,,,,,,,427.81844750809205,4.997046947479248,588,6251241407,6251457266,0,"[667636170, 667636162, 667636156]",['tertiary'],False,"[ false, true ]",6270.75969907136,,,,,,
POINT (530594.6205746261 2805459.5607285523),0,311.62499751935314,2.5310332983190316,99.23285935992963,6251457266,6251241407,0,"[667636162, 667636170, 667636156]",['tertiary'],False,"[ false, true ]",6270.759699071358,,,,,,,427.81844750809205,4.997046947479248,588,6251241407,6251457266,0,"[667636170, 667636162, 667636156]",['tertiary'],False,"[ false, true ]",6270.75969907136,,,,,,
POINT (496236.15059977846 2827995.334841566),0,130.7529528946003,7.5224411900219685,342.1676718324539,6175514257,12688678650,0,"[659589584, 659589591]",['primary'],False,True,5954.47312333069,,SH16;SH-020,,,SH16,,667.6749808170528,3.475105047225952,1882,6175514257,12688678650,0,"[659589584, 659589591]",['primary'],False,True,5954.47312333069,,SH16;SH-020,,,SH16,
POINT (496236.15059977846 2827995.334841566),0,130.7529528946003,7.5224411900219685,342.1676718324539,12688678650,6175514257,0,"[659589584, 659589591]",['primary'],False,False,5954.473123330688,,SH16;SH-020,,,SH16,,667.6749808170528,3.475105047225952,1882,6175514257,12688678650,0,"[659589584, 659589591]",['primary'],False,True,5954.47312333069,,SH16;SH-020,,,SH16,
POINT (507048.088464123 2809689.265488025),0,296.5647887717769,11.05600409077055,86.93713811997546,12626600308,12626600431,0,"[1363686824, 1363686825, 1363686826]",['unclassified'],False,True,6788.170643932414,yes,,,,,,2003.16855620496,3.475105047225952,1956,12626600308,12626600431,0,"[1363686824, 1363686825, 1363686826]",['unclassified'],False,True,6788.170643932414,yes,,,,,
POINT (507048.088464123 2809689.265488025),0,296.5647887717769,11.05600409077055,86.93713811997546,12626600431,12626600308,0,"[1363686824, 1363686825, 1363686826]",['unclassified'],False,False,6788.170643932416,yes,,,,,,2003.16855620496,3.475105047225952,1956,12626600308,12626600431,0,"[1363686824, 1363686825, 1363686826]",['unclassified'],False,True,6788.170643932414,yes,,,,,
POINT (506548.6496784992 2795173.2232697564),0,424.79672239923207,20.207815109637647,10.436374221882907,12777060302,3173586493,0,"[1379367425, 1380090093]",['residential' 'unclassified'],False,"[ false, true ]",3139.916345247395,,,,,,,2038.7422685791498,6.778076648712158,1668,12777060302,3173586493,0,"[1379367425, 1380090093]",['residential' 'unclassified'],False,"[ false, true ]",3139.916345247395,,,,,,
POINT (506548.6496784992 2795173.2232697564),0,424.79672239923207,20.207815109637647,10.436374221882907,3173586493,12777060302,0,"[1379367425, 1380090093]",['residential' 'unclassified'],False,"[ false, true ]",3139.9163452473954,,,,,,,2038.7422685791498,6.778076648712158,1668,12777060302,3173586493,0,"[1379367425, 1380090093]",['residential' 'unclassified'],False,"[ false, true ]",3139.916345247395,,,,,,
POINT (527660.5843017283 2806872.776753882),0,316.480924312437,4.7172908222701855,249.0707467312852,6251241407,6251457266,0,"[667636170, 667636162, 667636156]",['tertiary'],False,"[ false, true ]",6270.75969907136,,,,,,,309.05463225462637,3.0739004611968994,588,6251241407,6251457266,0,"[667636170, 667636162, 667636156]",['tertiary'],False,"[ false, true ]",6270.75969907136,,,,,,
POINT (518703.15077750885 2814517.5444931737),0,361.38439780068626,17.714466153069047,44.25324191099402,12677769879,12677780000,0,1368873454,['residential'],False,True,220.59784974915266,,,,,,,4197.667600820274,3.0739004611968994,1983,12677769879,12677780000,0,1368873454,['residential'],False,True,220.59784974915266,,,,,,
POINT (518703.15077750885 2814517.5444931737),0,361.38439780068626,17.714466153069047,44.25324191099402,12677780000,12677769879,0,1368873454,['residential'],False,False,220.59784974915266,,,,,,,4197.667600820274,3.0739004611968994,1983,12677769879,12677780000,0,1368873454,['residential'],False,True,220.59784974915266,,,,,,
POINT (488199.1273525292 2780049.0256187916),0,794.3973575923576,31.225848627981982,194.11486177533538,6244305037,2926095396,0,666910999,['residential'],False,True,279.9868569978285,,,,,,,2775.9964285065166,6.778076648712158,2041,6244305037,2926095396,0,666910999,['residential'],False,True,279.9868569978285,,,,,,
POINT (488199.1273525292 2780049.0256187916),0,794.3973575923576,31.225848627981982,194.11486177533538,2926095396,6244305037,0,666910999,['residential'],False,False,279.9868569978285,,,,,,,2775.9964285065166,6.778076648712158,2041,6244305037,2926095396,0,666910999,['residential'],False,True,279.9868569978285,,,,,,
POINT (469702.6602902265 2824985.6787653007),0,660.1184407896711,4.952765772898367,130.70186172933185,6253845465,13459251605,0,1467466692,['unclassified'],False,True,11310.021598087043,,,,,,,207.99790004950447,3.9780373573303223,2579,6253845465,13459251605,0,1467466692,['unclassified'],False,True,11310.021598087043,,,,,,
POINT (469702.6602902265 2824985.6787653007),0,660.1184407896711,4.952765772898367,130.70186172933185,13459251605,6253845465,0,1467466692,['unclassified'],False,False,11310.021598087043,,,,,,,207.99790004950447,3.9780373573303223,2579,6253845465,13459251605,0,1467466692,['unclassified'],False,True,11310.021598087043,,,,,,
POINT (521672.0386468251 2810329.7303282088),0,427.9850582809685,12.496311763110214,117.88507422712215,12527885618,6251457266,0,"[1353799885, 1353799886, 667660366, 667660368, 667660369, 1353799887]",['secondary'],False,False,18768.317961884473,yes,Nc-M-1,,,,,3253.7697058713406,3.0739004611968994,1010,12527885618,6251457266,0,"[1353799885, 1353799886, 667660366, 667660368, 667660369, 1353799887]",['secondary'],False,False,18768.317961884473,yes,Nc-M-1,,,,
POINT (521672.0386468251 2810329.7303282088),0,427.9850582809685,12.496311763110214,117.88507422712215,6251457266,12527885618,0,"[1353799885, 1353799886, 1353799887, 667660368, 667660369, 667660366]",['secondary'],False,True,18768.317961884473,yes,Nc-M-1,,,,,3253.7697058713406,3.0739004611968994,1010,12527885618,6251457266,0,"[1353799885, 1353799886, 667660366, 667660368, 667660369, 1353799887]",['secondary'],False,False,18768.317961884473,yes,Nc-M-1,,,,
POINT (479637.8663009717 2812005.490659282),0,935.1433663863763,16.29422831910447,304.1593232274989,12187251357,12187198379,0,1316817077,['unclassified'],False,False,4982.307031196439,,,,,,,615.3119304844898,3.9780373573303223,3300,12187251357,12187198379,0,1316817077,['unclassified'],False,False,4982.307031196439,,,,,,
POINT (479637.8663009717 2812005.490659282),0,935.1433663863763,16.29422831910447,304.1593232274989,12187198379,12187251357,0,1316817077,['unclassified'],False,True,4982.3070311964375,,,,,,,615.3119304844898,3.9780373573303223,3300,12187251357,12187198379,0,1316817077,['unclassified'],False,False,4982.307031196439,,,,,,
POINT (503312.7247441234 2784637.9110270725),0,465.14287398736644,31.329401515471748,283.35293117224734,12532128350,12532128371,0,1354222412,['residential'],False,False,118.29602761817794,,,,,,,462.372180516312,6.778076648712158,1235,12532128350,12532128371,0,1354222412,['residential'],False,False,118.29602761817794,,,,,,
POINT (503312.7247441234 2784637.9110270725),0,465.14287398736644,31.329401515471748,283.35293117224734,12532128371,12532128350,0,1354222412,['residential'],False,True,118.29602761817793,,,,,,,462.372180516312,6.778076648712158,1235,12532128350,12532128371,0,1354222412,['residential'],False,False,118.29602761817794,,,,,,
POINT (512048.71273172216 2847584.7577706156),0,170.1903660765984,5.683624869105064,296.5706057786001,6240253790,7869322543,0,"[666511125, 713421326, 713421327]",['unclassified'],False,True,1285.2276154950398,,,,,,yes,902.4584858590933,3.118769645690918,1883,6240253790,7869322543,0,"[666511125, 713421326, 713421327]",['unclassified'],False,True,1285.2276154950398,,,,,,yes
POINT (512048.71273172216 2847584.7577706156),0,170.1903660765984,5.683624869105064,296.5706057786001,7869322543,6240253790,0,"[666511125, 713421326, 713421327]",['unclassified'],False,False,1285.22761549504,,,,,,yes,902.4584858590933,3.118769645690918,1883,6240253790,7869322543,0,"[666511125, 713421326, 713421327]",['unclassified'],False,True,1285.2276154950398,,,,,,yes
POINT (523240.40206599416 2805964.5896387636),0,409.6406212419879,17.675686042836897,127.19199233079877,12527885618,6251457266,0,"[1353799885, 1353799886, 667660366, 667660368, 667660369, 1353799887]",['secondary'],False,False,18768.317961884473,yes,Nc-M-1,,,,,1427.5737136510934,4.997046947479248,1010,12527885618,6251457266,0,"[1353799885, 1353799886, 667660366, 667660368, 667660369, 1353799887]",['secondary'],False,False,18768.317961884473,yes,Nc-M-1,,,,
POINT (523240.40206599416 2805964.5896387636),0,409.6406212419879,17.675686042836897,127.19199233079877,6251457266,12527885618,0,"[1353799885, 1353799886, 1353799887, 667660368, 667660369, 667660366]",['secondary'],False,True,18768.317961884473,yes,Nc-M-1,,,,,1427.5737136510934,4.997046947479248,1010,12527885618,6251457266,0,"[1353799885, 1353799886, 667660366, 667660368, 667660369, 1353799887]",['secondary'],False,False,18768.317961884473,yes,Nc-M-1,,,,
POINT (497285.7281739682 2788142.7669816623),0,793.3226229763222,6.873174745760574,5.751690350750045,12516640697,12542601214,0,1352734263,['tertiary'],False,False,3136.989328240844,,,,,,,211.82872402658134,6.778076648712158,957,12516640697,12542601214,0,1352734263,['tertiary'],False,False,3136.989328240844,,,,,,
POINT (497285.7281739682 2788142.7669816623),0,793.3226229763222,6.873174745760574,5.751690350750045,12542601214,12516640697,0,1352734263,['tertiary'],False,True,3136.9893282408434,,,,,,,211.82872402658134,6.778076648712158,957,12516640697,12542601214,0,1352734263,['tertiary'],False,False,3136.989328240844,,,,,,
POINT (515927.379232694 2791118.8242305447),0,449.1212284726326,7.131333665463781,139.23940192679174,3897171521,7869434966,0,"[843633969, 386397330, 386397334]",['trunk'],False,True,7113.676278732177,,NH27,,,,yes,1325.100097890791,4.997046947479248,164,3897171521,7869434966,0,"[843633969, 386397330, 386397334]",['trunk'],False,True,7113.676278732177,,NH27,,,,yes
POINT (490730.3685730099 2832854.661447302),0,188.5485942827414,7.237697652457227,105.17899536659608,6175514664,12646601168,0,1365630625,['unclassified'],False,True,7217.771483103449,,,,,,,1243.141559572905,3.475105047225952,2564,6175514664,12646601168,0,1365630625,['unclassified'],False,True,7217.771483103449,,,,,,
POINT (490730.3685730099 2832854.661447302),0,188.5485942827414,7.237697652457227,105.17899536659608,12646601168,6175514664,0,1365630625,['unclassified'],False,False,7217.771483103441,,,,,,,1243.141559572905,3.475105047225952,2564,6175514664,12646601168,0,1365630625,['unclassified'],False,True,7217.771483103449,,,,,,
POINT (513811.3827264888 2802576.865941376),0,288.28901504959833,6.000720173477977,185.2214131942334,12628363785,12742520069,0,"[1363831800, 1376230488]",['unclassified'],False,False,7637.369993216524,,,,,,,180.35138703652254,4.997046947479248,1486,12628363785,12742520069,0,"[1363831800, 1376230488]",['unclassified'],False,False,7637.369993216524,,,,,,
POINT (513811.3827264888 2802576.865941376),0,288.28901504959833,6.000720173477977,185.2214131942334,12742520069,12628363785,0,"[1376230488, 1363831800]",['unclassified'],False,True,7637.369993216526,,,,,,,180.35138703652254,4.997046947479248,1486,12628363785,12742520069,0,"[1363831800, 1376230488]",['unclassified'],False,False,7637.369993216524,,,,,,
POINT (495985.8902506411 2822903.990025962),0,170.3497234480201,15.760253404327301,325.2910632246636,6175514257,6175513760,0,659589584,['primary'],False,False,9606.840802348159,,SH16;SH-020,,,SH16,,1325.8819673390128,3.475105047225952,1881,6175514257,6175513760,0,659589584,['primary'],False,False,9606.840802348159,,SH16;SH-020,,,SH16,
POINT (495985.8902506411 2822903.990025962),0,170.3497234480201,15.760253404327301,325.2910632246636,6175513760,6175514257,0,659589584,['primary'],False,True,9606.840802348164,,SH16;SH-020,,,SH16,,1325.8819673390128,3.475105047225952,1881,6175514257,6175513760,0,659589584,['primary'],False,False,9606.840802348159,,SH16;SH-020,,,SH16,
POINT (503987.78764441377 2777703.164612224),0,868.6045212773058,39.15220089523763,308.02557605279003,5451398655,2468741426,0,"[1316252011, 1379309755, 1316252012]",['trunk'],True,False,2304.2881225441365,yes,NH27,['2'],,,,1329.0611927341945,8.054644584655762,187,5451398655,2468741426,0,"[1316252011, 1379309755, 1316252012]",['trunk'],True,False,2304.2881225441365,yes,NH27,['2'],,,
POINT (507632.40334315336 2847909.5051479037),0,117.89122461529041,3.3132118997679014,139.41835232693197,5760444136,5760444177,0,607936876,['tertiary'],False,False,7415.229677633651,,,,,,,3158.953891652048,3.118769645690918,1877,5760444136,5760444177,0,607936876,['tertiary'],False,False,7415.229677633651,,,,,,
POINT (507632.40334315336 2847909.5051479037),0,117.89122461529041,3.3132118997679014,139.41835232693197,5760444177,5760444136,0,607936876,['tertiary'],False,True,7415.229677633648,,,,,,,3158.953891652048,3.118769645690918,1877,5760444136,5760444177,0,607936876,['tertiary'],False,False,7415.229677633651,,,,,,
POINT (491614.84957605426 2794583.373022362),0,722.2712924776754,7.428054329240998,98.28616971684272,12517043834,12542510537,0,1352780056,['tertiary'],False,True,3849.354409027668,,,,,,,778.5569439184584,6.778076648712158,2328,12517043834,12542510537,0,1352780056,['tertiary'],False,True,3849.354409027668,,,,,,
POINT (491614.84957605426 2794583.373022362),0,722.2712924776754,7.428054329240998,98.28616971684272,12542510537,12517043834,0,1352780056,['tertiary'],False,False,3849.354409027667,,,,,,,778.5569439184584,6.778076648712158,2328,12517043834,12542510537,0,1352780056,['tertiary'],False,True,3849.354409027668,,,,,,
POINT (512553.2626444492 2794980.312661078),0,368.77839422459994,19.086638856007397,290.5327754788315,12777266772,12777302940,0,"[1380116426, 1380116427]",['residential' 'unclassified'],False,True,5591.9850594286745,,,,,,,1694.7772317271647,6.778076648712158,1669,12777266772,12777302940,0,"[1380116426, 1380116427]",['residential' 'unclassified'],False,True,5591.9850594286745,,,,,,
POINT (512553.2626444492 2794980.312661078),0,368.77839422459994,19.086638856007397,290.5327754788315,12777302940,12777266772,0,"[1380116426, 1380116427]",['residential' 'unclassified'],False,False,5591.985059428677,,,,,,,1694.7772317271647,6.778076648712158,1669,12777266772,12777302940,0,"[1380116426, 1380116427]",['residential' 'unclassified'],False,True,5591.9850594286745,,,,,,
POINT (494214.1498028261 2817299.411216863),0,378.63179161995646,14.03484001515037,144.70507826127454,12186828270,6175513760,0,"[1316761141, 1316761142]",['unclassified'],False,False,3895.41948303036,,,['1'],,,,386.38443035237077,3.475105047225952,3276,12186828270,6175513760,0,"[1316761141, 1316761142]",['unclassified'],False,False,3895.41948303036,,,['1'],,,
POINT (494214.1498028261 2817299.411216863),0,378.63179161995646,14.03484001515037,144.70507826127454,6175513760,12186828270,0,"[1316761141, 1316761142]",['unclassified'],False,True,3895.4194830303604,,,['1'],,,,386.38443035237077,3.475105047225952,3276,12186828270,6175513760,0,"[1316761141, 1316761142]",['unclassified'],False,False,3895.41948303036,,,['1'],,,
POINT (544652.0577933339 2810502.7726978543),0,576.3902660003846,9.757126017518491,277.0527363232621,12637334502,12637354659,0,1364623489,['unclassified'],False,True,4048.066084034685,,,,,,,1159.3322144497893,3.314725637435913,1541,12637334502,12637354659,0,1364623489,['unclassified'],False,True,4048.066084034685,,,,,,
POINT (544652.0577933339 2810502.7726978543),0,576.3902660003846,9.757126017518491,277.0527363232621,12637354659,12637334502,0,1364623489,['unclassified'],False,False,4048.066084034683,,,,,,,1159.3322144497893,3.314725637435913,1541,12637334502,12637354659,0,1364623489,['unclassified'],False,True,4048.066084034685,,,,,,
POINT (517128.0745716512 2811975.4824690735),0,285.8840741560921,16.1098553318553,122.49161393654323,7869412358,12628374466,0,"[1363831853, 1363686577, 1363686579, 843631893, 843631896, 843631900]",['trunk'],True,False,13977.214526006808,yes,NH27,,,,,2961.926069507348,3.0739004611968994,1915,7869412358,12628374466,0,"[1363831853, 1363686577, 1363686579, 843631893, 843631896, 843631900]",['trunk'],True,False,13977.214526006808,yes,NH27,,,,
POINT (526010.9435652673 2797525.6239313614),0,1001.8454008250658,9.461269081464494,316.25881453783956,12745226117,12745200080,0,1376534386,['residential'],False,False,3118.814066732372,,,,,,,1370.4702785691136,4.997046947479248,1614,12745226117,12745200080,0,1376534386,['residential'],False,False,3118.814066732372,,,,,,
POINT (526010.9435652673 2797525.6239313614),0,1001.8454008250658,9.461269081464494,316.25881453783956,12745200080,12745226117,0,1376534386,['residential'],False,True,3118.8140667323746,,,,,,,1370.4702785691136,4.997046947479248,1614,12745226117,12745200080,0,1376534386,['residential'],False,False,3118.814066732372,,,,,,
POINT (531400.9665697557 2773732.580235041),0,320.23431559044474,42.64657151961709,150.94443042101588,12197522498,12200325654,0,"[1317946659, 1317946660, 1317946661, 1318233509, 1318233488, 1318233489, 1318233491, 1318233492, 1318233493]",['tertiary'],False,"[ false, true ]",21587.602050418463,yes,NH137G,['1'],,,,1942.4119392722716,7.2444376945495605,891,12197522498,12200325654,0,"[1317946659, 1317946660, 1317946661, 1318233509, 1318233488, 1318233489, 1318233491, 1318233492, 1318233493]",['tertiary'],False,"[ false, true ]",21587.602050418463,yes,NH137G,['1'],,,
POINT (531400.9665697557 2773732.580235041),0,320.23431559044474,42.64657151961709,150.94443042101588,12200325654,12197522498,0,"[1317946659, 1317946660, 1317946661, 1318233509, 1318233488, 1318233489, 1318233491, 1318233492, 1318233493]",['tertiary'],False,"[ false, true ]",21587.602050418496,yes,NH137G,['1'],,,,1942.4119392722716,7.2444376945495605,891,12197522498,12200325654,0,"[1317946659, 1317946660, 1317946661, 1318233509, 1318233488, 1318233489, 1318233491, 1318233492, 1318233493]",['tertiary'],False,"[ false, true ]",21587.602050418463,yes,NH137G,['1'],,,
POINT (486661.9275622742 2818811.6572566596),0,491.768581514819,24.90006122157654,140.89902074569477,3878590404,12187251357,0,"[384547304, 384547305, 384547306, 384545268]",['trunk'],False,False,24098.021607759852,,NH627;SH-1020,,,,,5283.404636853901,3.9780373573303223,2546,3878590404,12187251357,0,"[384547304, 384547305, 384547306, 384545268]",['trunk'],False,False,24098.021607759852,,NH627;SH-1020,,,,
POINT (486661.9275622742 2818811.6572566596),0,491.768581514819,24.90006122157654,140.89902074569477,12187251357,3878590404,0,"[384547304, 384547305, 384547306, 384545268]",['trunk'],False,True,24098.021607759867,,NH627;SH-1020,,,,,5283.404636853901,3.9780373573303223,2546,3878590404,12187251357,0,"[384547304, 384547305, 384547306, 384545268]",['trunk'],False,False,24098.021607759852,,NH627;SH-1020,,,,
POINT (515903.0951692211 2800629.290578151),0,329.90983378089186,15.229792723127057,240.38474557763766,12628363785,12742520069,0,"[1363831800, 1376230488]",['unclassified'],False,False,7637.369993216524,,,,,,,1255.7563727805834,4.997046947479248,1486,12628363785,12742520069,0,"[1363831800, 1376230488]",['unclassified'],False,False,7637.369993216524,,,,,,
POINT (515903.0951692211 2800629.290578151),0,329.90983378089186,15.229792723127057,240.38474557763766,12742520069,12628363785,0,"[1376230488, 1363831800]",['unclassified'],False,True,7637.369993216526,,,,,,,1255.7563727805834,4.997046947479248,1486,12628363785,12742520069,0,"[1363831800, 1376230488]",['unclassified'],False,False,7637.369993216524,,,,,,
POINT (469424.7371849962 2810428.9435797376),0,805.1431318769642,15.417177788668347,293.2182323053323,3173561465,3878463742,0,311652626,['tertiary'],False,True,16898.20238393974,,,,,,,2837.4319906448745,3.9780373573303223,2498,3173561465,3878463742,0,311652626,['tertiary'],False,True,16898.20238393974,,,,,,
POINT (469424.7371849962 2810428.9435797376),0,805.1431318769642,15.417177788668347,293.2182323053323,3878463742,3173561465,0,311652626,['tertiary'],False,False,16898.202383939722,,,,,,,2837.4319906448745,3.9780373573303223,2498,3173561465,3878463742,0,311652626,['tertiary'],False,True,16898.20238393974,,,,,,
POINT (503045.42253514874 2799594.2308932333),0,455.2087302855067,6.105993476834415,157.51128191735222,3878619642,12610487297,0,"[613381484, 1362031487]",['unclassified' 'tertiary'],False,False,4822.982515973946,,,,,,,843.3896917995327,6.778076648712158,149,3878619642,12610487297,0,"[613381484, 1362031487]",['unclassified' 'tertiary'],False,False,4822.982515973946,,,,,,
POINT (503045.42253514874 2799594.2308932333),0,455.2087302855067,6.105993476834415,157.51128191735222,12610487297,3878619642,0,"[613381484, 1362031487]",['tertiary' 'unclassified'],False,True,4822.982515973948,,,,,,,843.3896917995327,6.778076648712158,149,3878619642,12610487297,0,"[613381484, 1362031487]",['unclassified' 'tertiary'],False,False,4822.982515973946,,,,,,
POINT (513112.5942084604 2824492.574842072),0,256.9743815749807,6.497981704073393,27.23634760930606,7869367544,12677783544,0,"[1368873648, 843621716, 843626038, 1368873647]",['trunk'],True,False,14289.410171104708,yes,NH27,,,,,2516.7599441601055,3.0739004611968994,1903,7869367544,12677783544,0,"[1368873648, 843621716, 843626038, 1368873647]",['trunk'],True,False,14289.410171104708,yes,NH27,,,,
POINT (518395.5154575375 2829442.050556728),0,238.6694758201138,4.091108210180403,99.78902704553666,6246547630,6246548011,0,"[667147364, 667147365]",['unclassified'],False,"[ false, true ]",10011.565743669315,,,,,,,7399.2812583129635,3.0739004611968994,1884,6246547630,6246548011,0,"[667147364, 667147365]",['unclassified'],False,"[ false, true ]",10011.565743669315,,,,,,
POINT (518395.5154575375 2829442.050556728),0,238.6694758201138,4.091108210180403,99.78902704553666,6246548011,6246547630,0,"[667147364, 667147365]",['unclassified'],False,"[ false, true ]",10011.565743669309,,,,,,,7399.2812583129635,3.0739004611968994,1884,6246547630,6246548011,0,"[667147364, 667147365]",['unclassified'],False,"[ false, true ]",10011.565743669315,,,,,,
POINT (483914.69888472895 2843025.7072738586),0,158.83424388267434,3.163256420577402,70.01404086104606,6253845481,6175515523,0,"[1365630635, 1365630636, 1365630637, 1365630638, 384532055]",['trunk'],False,True,27418.676099295448,yes,NH627,['2'],,,,2046.3608541715992,3.3000731468200684,2581,6253845481,6175515523,0,"[1365630635, 1365630636, 1365630637, 1365630638, 384532055]",['trunk'],False,True,27418.676099295448,yes,NH627,['2'],,,
POINT (483914.69888472895 2843025.7072738586),0,158.83424388267434,3.163256420577402,70.01404086104606,6175515523,6253845481,0,"[1365630635, 1365630636, 1365630637, 1365630638, 384532055]",['trunk'],False,False,27418.67609929543,yes,NH627,['2'],,,,2046.3608541715992,3.3000731468200684,2581,6253845481,6175515523,0,"[1365630635, 1365630636, 1365630637, 1365630638, 384532055]",['trunk'],False,True,27418.676099295448,yes,NH627,['2'],,,
POINT (474294.302237233 2824518.37201553),0,513.9936019682368,9.9596807962647,348.78390317424896,9263694080,9263692553,0,1003959483,['primary'],False,False,662.9061014233505,,SH-021,,,,,2191.898157036492,3.9780373573303223,2697,9263694080,9263692553,0,1003959483,['primary'],False,False,662.9061014233505,,SH-021,,,,
POINT (474294.302237233 2824518.37201553),0,513.9936019682368,9.9596807962647,348.78390317424896,9263692553,9263694080,0,1003959483,['primary'],False,True,662.9061014233504,,SH-021,,,,,2191.898157036492,3.9780373573303223,2697,9263694080,9263692553,0,1003959483,['primary'],False,False,662.9061014233505,,SH-021,,,,
POINT (500949.106010272 2801997.783626542),0,445.4462342109611,11.163934451413095,88.51720849743049,12626590027,12626601816,0,1363687036,['residential'],False,False,1160.2360912216207,,,,,,,668.6038289351995,6.778076648712158,1473,12626590027,12626601816,0,1363687036,['residential'],False,False,1160.2360912216207,,,,,,
POINT (500949.106010272 2801997.783626542),0,445.4462342109611,11.163934451413095,88.51720849743049,12626601816,12626590027,0,1363687036,['residential'],False,True,1160.2360912216216,,,,,,,668.6038289351995,6.778076648712158,1473,12626590027,12626601816,0,1363687036,['residential'],False,False,1160.2360912216207,,,,,,
POINT (513803.3301273386 2801622.84369589),0,239.170177794771,4.575416157598942,102.19751047101624,12628374352,12628374318,0,843631884,['trunk'],True,False,1094.446659948192,,NH27,,,,,252.193330391515,4.997046947479248,1507,12628374352,12628374318,0,843631884,['trunk'],True,False,1094.446659948192,,NH27,,,,
POINT (488727.4297385786 2843458.866542243),0,142.52692591571312,3.760421336128167,285.5279399924521,12184965414,12184900283,0,1316520318,['unclassified'],False,True,2606.0883400859266,,,,,,,492.724937953734,3.118769645690918,3267,12184965414,12184900283,0,1316520318,['unclassified'],False,True,2606.0883400859266,,,,,,
POINT (488727.4297385786 2843458.866542243),0,142.52692591571312,3.760421336128167,285.5279399924521,12184900283,12184965414,0,1316520318,['unclassified'],False,False,2606.0883400859275,,,,,,,492.724937953734,3.118769645690918,3267,12184965414,12184900283,0,1316520318,['unclassified'],False,True,2606.0883400859266,,,,,,
POINT (487849.3251720173 2829672.2851079474),0,202.10425677223796,7.7672064699122165,215.71588074960934,6175514664,12646601168,0,1365630625,['unclassified'],False,True,7217.771483103449,,,,,,,1477.0735332524291,3.475105047225952,2564,6175514664,12646601168,0,1365630625,['unclassified'],False,True,7217.771483103449,,,,,,
POINT (487849.3251720173 2829672.2851079474),0,202.10425677223796,7.7672064699122165,215.71588074960934,12646601168,6175514664,0,1365630625,['unclassified'],False,False,7217.771483103441,,,,,,,1477.0735332524291,3.475105047225952,2564,6175514664,12646601168,0,1365630625,['unclassified'],False,True,7217.771483103449,,,,,,
POINT (536773.8991700535 2818056.5727397893),0,475.1252698510177,22.70807649884616,75.54178280003697,12527887242,12637355670,1,1353799882,['secondary'],False,False,12802.5074444507,,Nc-M-1,,,,,1517.1198719168874,3.0739004611968994,1927,12527887242,12637355670,1,1353799882,['secondary'],False,False,12802.5074444507,,Nc-M-1,,,,
POINT (536773.8991700535 2818056.5727397893),0,475.1252698510177,22.70807649884616,75.54178280003697,12637355670,12527887242,1,1353799882,['secondary'],False,True,12802.507444450715,,Nc-M-1,,,,,1517.1198719168874,3.0739004611968994,1927,12527887242,12637355670,1,1353799882,['secondary'],False,False,12802.5074444507,,Nc-M-1,,,,
POINT (509027.70717622753 2802810.987417973),0,222.97321359314182,6.601543151481783,127.6134980987614,12777349784,12777361867,0,1380121719,['unclassified'],False,True,2826.672762222215,,,,,,,395.875643670735,6.778076648712158,1682,12777349784,12777361867,0,1380121719,['unclassified'],False,True,2826.672762222215,,,,,,
POINT (535997.8646786025 2817882.8206706885),0,374.9178019506053,13.020722879424847,208.29368573121047,12527887242,12637355670,1,1353799882,['secondary'],False,False,12802.5074444507,,Nc-M-1,,,,,2069.4817086241496,3.0739004611968994,1927,12527887242,12637355670,1,1353799882,['secondary'],False,False,12802.5074444507,,Nc-M-1,,,,
POINT (535997.8646786025 2817882.8206706885),0,374.9178019506053,13.020722879424847,208.29368573121047,12637355670,12527887242,1,1353799882,['secondary'],False,True,12802.507444450715,,Nc-M-1,,,,,2069.4817086241496,3.0739004611968994,1927,12527887242,12637355670,1,1353799882,['secondary'],False,False,12802.5074444507,,Nc-M-1,,,,
POINT (521287.04198127566 2767554.969207556),0,158.18254313445323,18.924219774579385,120.56995529289512,6263645228,9784732486,0,1065432835,['unclassified'],False,False,7667.455888864098,,,,,,,1099.5205316413728,7.2444376945495605,600,6263645228,9784732486,0,1065432835,['unclassified'],False,False,7667.455888864098,,,,,,
POINT (521287.04198127566 2767554.969207556),0,158.18254313445323,18.924219774579385,120.56995529289512,9784732486,6263645228,0,1065432835,['unclassified'],False,True,7667.455888864109,,,,,,,1099.5205316413728,7.2444376945495605,600,6263645228,9784732486,0,1065432835,['unclassified'],False,False,7667.455888864098,,,,,,
POINT (495556.2061294782 2813591.1321349177),0,380.0900236698344,12.688719722314904,183.39152431805513,12626600171,3878590404,0,384547304,['trunk'],False,False,4765.256655913709,,NH627;SH-1020,,,,,6.407010042424787,3.475105047225952,3335,12626600171,3878590404,0,384547304,['trunk'],False,False,4765.256655913709,,NH627;SH-1020,,,,
POINT (495556.2061294782 2813591.1321349177),0,380.0900236698344,12.688719722314904,183.39152431805513,3878590404,12626600171,0,384547304,['trunk'],False,True,4765.25665591371,,NH627;SH-1020,,,,,6.407010042424787,3.475105047225952,3335,12626600171,3878590404,0,384547304,['trunk'],False,False,4765.256655913709,,NH627;SH-1020,,,,
POINT (497697.2658727759 2798534.305862866),0,349.4069721006563,6.7461798826268655,137.7673719821469,12542560862,12542561365,0,1352780060,['unclassified'],False,True,4539.894227180016,,,,,,,1204.2690001687688,6.778076648712158,2391,12542560862,12542561365,0,1352780060,['unclassified'],False,True,4539.894227180016,,,,,,
POINT (497697.2658727759 2798534.305862866),0,349.4069721006563,6.7461798826268655,137.7673719821469,12542561365,12542560862,0,1352780060,['unclassified'],False,False,4539.894227180017,,,,,,,1204.2690001687688,6.778076648712158,2391,12542560862,12542561365,0,1352780060,['unclassified'],False,True,4539.894227180016,,,,,,
POINT (509383.19901352667 2806981.587376854),0,445.1896190092875,15.714366961715113,49.95711844928843,12628341564,12628373876,0,1363831806,['unclassified'],False,True,5568.93847314733,,,,,,,16.82871070966045,3.475105047225952,1482,12628341564,12628373876,0,1363831806,['unclassified'],False,True,5568.93847314733,,,,,,
POINT (509383.19901352667 2806981.587376854),0,445.1896190092875,15.714366961715113,49.95711844928843,12628373876,12628341564,0,1363831806,['unclassified'],False,False,5568.938473147334,,,,,,,16.82871070966045,3.475105047225952,1482,12628341564,12628373876,0,1363831806,['unclassified'],False,True,5568.93847314733,,,,,,
POINT (511975.4381154934 2766761.714192318),0,669.0006642974007,25.449052882258922,210.3063258153253,12205992014,12205991116,0,1318888660,['unclassified'],False,False,4117.778053829975,,,,,,,428.3787446577374,8.054644584655762,943,12205992014,12205991116,0,1318888660,['unclassified'],False,False,4117.778053829975,,,,,,
POINT (511975.4381154934 2766761.714192318),0,669.0006642974007,25.449052882258922,210.3063258153253,12205991116,12205992014,0,1318888660,['unclassified'],False,True,4117.778053829976,,,,,,,428.3787446577374,8.054644584655762,943,12205992014,12205991116,0,1318888660,['unclassified'],False,False,4117.778053829975,,,,,,
POINT (507200.8691390617 2776646.331344388),0,1324.9458068819165,26.15184983966984,138.45363340618823,5451398655,2468741426,0,"[1316252011, 1379309755, 1316252012]",['trunk'],True,False,2304.2881225441365,yes,NH27,['2'],,,,4136.505208957179,8.054644584655762,187,5451398655,2468741426,0,"[1316252011, 1379309755, 1316252012]",['trunk'],True,False,2304.2881225441365,yes,NH27,['2'],,,
POINT (528878.4490341388 2792165.6538742576),0,1046.4023358008087,13.120701641418542,141.01097860286686,12837601602,12837601700,0,"[1386682488, 1386682489]",['residential' 'unclassified'],False,True,2137.0397531103436,,,,,,,154.0807461387105,4.997046947479248,1705,12837601602,12837601700,0,"[1386682488, 1386682489]",['residential' 'unclassified'],False,True,2137.0397531103436,,,,,,
POINT (528878.4490341388 2792165.6538742576),0,1046.4023358008087,13.120701641418542,141.01097860286686,12837601700,12837601602,0,"[1386682488, 1386682489]",['residential' 'unclassified'],False,False,2137.0397531103445,,,,,,,154.0807461387105,4.997046947479248,1705,12837601602,12837601700,0,"[1386682488, 1386682489]",['residential' 'unclassified'],False,True,2137.0397531103436,,,,,,
POINT (545718.1702590596 2812154.884747523),0,540.2405100195832,14.178568417013004,84.52367275688644,12637355670,12637355208,0,"[1364623578, 1364623579]",['residential' 'unclassified'],False,False,4991.465614228053,,,,,,,2166.905742113298,3.314725637435913,1969,12637355670,12637355208,0,"[1364623578, 1364623579]",['residential' 'unclassified'],False,False,4991.465614228053,,,,,,
POINT (545718.1702590596 2812154.884747523),0,540.2405100195832,14.178568417013004,84.52367275688644,12637355208,12637355670,0,"[1364623578, 1364623579]",['residential' 'unclassified'],False,True,4991.46561422805,,,,,,,2166.905742113298,3.314725637435913,1969,12637355670,12637355208,0,"[1364623578, 1364623579]",['residential' 'unclassified'],False,False,4991.465614228053,,,,,,
POINT (513393.61615652405 2787352.4098170735),0,648.5492520955868,17.201790592903787,109.66859807806962,3897171521,7869434966,0,"[843633969, 386397330, 386397334]",['trunk'],False,True,7113.676278732177,,NH27,,,,yes,452.9902689316299,4.997046947479248,164,3897171521,7869434966,0,"[843633969, 386397330, 386397334]",['trunk'],False,True,7113.676278732177,,NH27,,,,yes
POINT (513393.61615652405 2787352.4098170735),0,648.5492520955868,17.201790592903787,109.66859807806962,7869434966,3897171521,0,"[843633969, 386397330, 386397334]",['trunk'],False,False,7113.676278732173,,NH27,,,,yes,452.9902689316299,4.997046947479248,164,3897171521,7869434966,0,"[843633969, 386397330, 386397334]",['trunk'],False,True,7113.676278732177,,NH27,,,,yes
POINT (470881.02722709405 2826377.4222850613),0,637.2093659663369,14.402675045765497,145.35998961302192,6253845465,13459251605,0,1467466692,['unclassified'],False,True,11310.021598087043,,,,,,,423.20974259119123,3.9780373573303223,2579,6253845465,13459251605,0,1467466692,['unclassified'],False,True,11310.021598087043,,,,,,
POINT (470881.02722709405 2826377.4222850613),0,637.2093659663369,14.402675045765497,145.35998961302192,13459251605,6253845465,0,1467466692,['unclassified'],False,False,11310.021598087043,,,,,,,423.20974259119123,3.9780373573303223,2579,6253845465,13459251605,0,1467466692,['unclassified'],False,True,11310.021598087043,,,,,,
POINT (485926.7800210917 2818050.83525502),0,552.422908288024,26.44568118971423,244.54188655978638,3878590404,12187251357,0,"[384547304, 384547305, 384547306, 384545268]",['trunk'],False,False,24098.021607759852,,NH627;SH-1020,,,,,5083.434024214179,3.9780373573303223,2546,3878590404,12187251357,0,"[384547304, 384547305, 384547306, 384545268]",['trunk'],False,False,24098.021607759852,,NH627;SH-1020,,,,
POINT (485926.7800210917 2818050.83525502),0,552.422908288024,26.44568118971423,244.54188655978638,12187251357,3878590404,0,"[384547304, 384547305, 384547306, 384545268]",['trunk'],False,True,24098.021607759867,,NH627;SH-1020,,,,,5083.434024214179,3.9780373573303223,2546,3878590404,12187251357,0,"[384547304, 384547305, 384547306, 384545268]",['trunk'],False,False,24098.021607759852,,NH627;SH-1020,,,,
POINT (510290.4165356363 2769655.7840758106),0,535.7524909374933,18.470663680996424,262.1371133793424,12205992013,12205992014,0,1318888663,['residential'],False,False,497.5646580387938,,,,,,,2072.420424064081,8.054644584655762,941,12205992013,12205992014,0,1318888663,['residential'],False,False,497.5646580387938,,,,,,
POINT (510290.4165356363 2769655.7840758106),0,535.7524909374933,18.470663680996424,262.1371133793424,12205992014,12205992013,0,1318888663,['residential'],False,True,497.5646580387939,,,,,,,2072.420424064081,8.054644584655762,941,12205992013,12205992014,0,1318888663,['residential'],False,False,497.5646580387938,,,,,,
POINT (521044.4409240003 2813391.3664451283),0,301.85989190578306,6.808808615332364,4.298295846934225,6246547630,6246548011,0,"[667147364, 667147365]",['unclassified'],False,"[ false, true ]",10011.565743669315,,,,,,,5746.434771163243,3.0739004611968994,1884,6246547630,6246548011,0,"[667147364, 667147365]",['unclassified'],False,"[ false, true ]",10011.565743669315,,,,,,
POINT (521044.4409240003 2813391.3664451283),0,301.85989190578306,6.808808615332364,4.298295846934225,6246548011,6246547630,0,"[667147364, 667147365]",['unclassified'],False,"[ false, true ]",10011.565743669309,,,,,,,5746.434771163243,3.0739004611968994,1884,6246547630,6246548011,0,"[667147364, 667147365]",['unclassified'],False,"[ false, true ]",10011.565743669315,,,,,,
POINT (513706.95714060543 2819925.0100811785),0,180.35317070667043,4.16490274176232,317.0839634412273,7869378040,7869361463,0,"[843628170, 843628171, 1368873669]",['trunk'],True,False,3667.7870814380385,yes,NH27,,,,,532.894586133102,3.0739004611968994,1912,7869378040,7869361463,0,"[843628170, 843628171, 1368873669]",['trunk'],True,False,3667.7870814380385,yes,NH27,,,,
POINT (529256.5069478126 2817085.9358417955),0,522.081933320417,12.94984366396595,133.0885332824017,6251456748,12758430608,0,1377899539,['unclassified'],False,False,2568.3101426472404,,,,,,,4890.561467920735,3.0739004611968994,1890,6251456748,12758430608,0,1377899539,['unclassified'],False,False,2568.3101426472404,,,,,,
POINT (529256.5069478126 2817085.9358417955),0,522.081933320417,12.94984366396595,133.0885332824017,12758430608,6251456748,0,1377899539,['unclassified'],False,True,2568.3101426472394,,,,,,,4890.561467920735,3.0739004611968994,1890,6251456748,12758430608,0,1377899539,['unclassified'],False,False,2568.3101426472404,,,,,,
POINT (470433.65471431526 2810065.7119312254),0,794.7066299155387,8.953289057193619,321.1447466207522,12188935038,12188935037,0,1317004594,['unclassified'],False,True,5.531573396591523,,,,,,,2738.6819369178306,3.9780373573303223,3316,12188935038,12188935037,0,1317004594,['unclassified'],False,True,5.531573396591523,,,,,,
POINT (470433.65471431526 2810065.7119312254),0,794.7066299155387,8.953289057193619,321.1447466207522,12188935037,12188935038,0,1317004594,['unclassified'],False,False,5.531573396591523,,,,,,,2738.6819369178306,3.9780373573303223,3316,12188935038,12188935037,0,1317004594,['unclassified'],False,True,5.531573396591523,,,,,,
POINT (497958.09794835345 2850754.343697501),0,106.66145480797505,8.29565039354419,66.11895574883731,5760444136,3878444017,0,607936876,['tertiary'],False,True,8940.805930270248,,,,,,,227.45136690549586,3.118769645690918,1878,5760444136,3878444017,0,607936876,['tertiary'],False,True,8940.805930270248,,,,,,
POINT (497958.09794835345 2850754.343697501),0,106.66145480797505,8.29565039354419,66.11895574883731,3878444017,5760444136,0,607936876,['tertiary'],False,False,8940.80593027025,,,,,,,227.45136690549586,3.118769645690918,1878,5760444136,3878444017,0,607936876,['tertiary'],False,True,8940.805930270248,,,,,,
POINT (519013.603926857 2780120.4283162225),0,648.6277917092293,26.57138981228806,289.46454251129825,12205923119,6176986588,0,"[1318880722, 1317723906, 1317723911, 1318880719]",['unclassified' 'primary'],False,"[ false, true ]",20482.149425382428,,SH37;SH-022,['1'],,,,3165.876161802127,4.997046947479248,936,12205923119,6176986588,0,"[1318880722, 1317723906, 1317723911, 1318880719]",['unclassified' 'primary'],False,"[ false, true ]",20482.149425382428,,SH37;SH-022,['1'],,,
POINT (519013.603926857 2780120.4283162225),0,648.6277917092293,26.57138981228806,289.46454251129825,6176986588,12205923119,0,"[1318880722, 1317723906, 1318880719, 1317723911]",['unclassified' 'primary'],False,"[ false, true ]",20482.14942538242,,SH37;SH-022,['1'],,,,3165.876161802127,4.997046947479248,936,12205923119,6176986588,0,"[1318880722, 1317723906, 1317723911, 1318880719]",['unclassified' 'primary'],False,"[ false, true ]",20482.149425382428,,SH37;SH-022,['1'],,,
POINT (480506.67797958734 2796454.0919997795),0,1077.2175408502626,8.935821872480659,150.97817355331097,6244446253,12187250966,0,1316817062,['tertiary'],False,True,18111.095265319484,,,,,,,88.49549380613088,7.570275783538818,2059,6244446253,12187250966,0,1316817062,['tertiary'],False,True,18111.095265319484,,,,,,
POINT (480506.67797958734 2796454.0919997795),0,1077.2175408502626,8.935821872480659,150.97817355331097,12187250966,6244446253,0,1316817062,['tertiary'],False,False,18111.095265319484,,,,,,,88.49549380613088,7.570275783538818,2059,6244446253,12187250966,0,1316817062,['tertiary'],False,True,18111.095265319484,,,,,,
POINT (509967.36711404694 2805877.2188513577),0,356.5874911851424,11.241125355434882,180.96407385243734,12628341564,12777361867,0,"[1363831817, 1363831818, 1363831823]",['unclassified'],False,True,3196.7553750865764,yes,,,,,,278.1597792025658,6.778076648712158,1483,12628341564,12777361867,0,"[1363831817, 1363831818, 1363831823]",['unclassified'],False,True,3196.7553750865764,yes,,,,,
POINT (509967.36711404694 2805877.2188513577),0,356.5874911851424,11.241125355434882,180.96407385243734,12777361867,12628341564,0,"[1363831817, 1363831818, 1363831823]",['unclassified'],False,False,3196.755375086575,yes,,,,,,278.1597792025658,6.778076648712158,1483,12628341564,12777361867,0,"[1363831817, 1363831818, 1363831823]",['unclassified'],False,True,3196.7553750865764,yes,,,,,
POINT (531773.2776632565 2786836.332747631),0,1127.855072167376,21.50525340093654,184.42897102509488,6247910042,12837605756,0,1386682604,['residential'],False,True,449.627448371103,,,,,,,479.002773079584,4.997046947479248,573,6247910042,12837605756,0,1386682604,['residential'],False,True,449.627448371103,,,,,,
POINT (531773.2776632565 2786836.332747631),0,1127.855072167376,21.50525340093654,184.42897102509488,12837605756,6247910042,0,1386682604,['residential'],False,False,449.627448371103,,,,,,,479.002773079584,4.997046947479248,573,6247910042,12837605756,0,1386682604,['residential'],False,True,449.627448371103,,,,,,
POINT (479030.751808572 2790417.9948621932),0,1101.892804818424,9.88741437229019,162.4636180127917,6244446253,12187250966,0,1316817062,['tertiary'],False,True,18111.095265319484,,,,,,,1168.9412603396147,7.570275783538818,2059,6244446253,12187250966,0,1316817062,['tertiary'],False,True,18111.095265319484,,,,,,
POINT (479030.751808572 2790417.9948621932),0,1101.892804818424,9.88741437229019,162.4636180127917,12187250966,6244446253,0,1316817062,['tertiary'],False,False,18111.095265319484,,,,,,,1168.9412603396147,7.570275783538818,2059,6244446253,12187250966,0,1316817062,['tertiary'],False,True,18111.095265319484,,,,,,
POINT (479921.93551091285 2787644.8387489347),0,1116.8868168687918,18.43770230894807,222.92067674335158,6244446892,6244446581,0,666921874,['tertiary'],False,False,5123.3397727997835,,,,,,,1482.8326496842162,7.570275783538818,2065,6244446892,6244446581,0,666921874,['tertiary'],False,False,5123.3397727997835,,,,,,
POINT (479921.93551091285 2787644.8387489347),0,1116.8868168687918,18.43770230894807,222.92067674335158,6244446581,6244446892,0,666921874,['tertiary'],False,True,5123.339772799784,,,,,,,1482.8326496842162,7.570275783538818,2065,6244446892,6244446581,0,666921874,['tertiary'],False,False,5123.3397727997835,,,,,,
POINT (525391.4868744619 2771679.4764492656),0,478.3312806026142,26.29254334702768,151.09758637668494,6263644084,12200325654,0,"[1318233488, 668863289]",['tertiary' 'unclassified'],False,"[ false, true ]",8409.742710189792,,NH137G,['1'],,,,1136.0764379293616,7.2444376945495605,596,6263644084,12200325654,0,"[1318233488, 668863289]",['tertiary' 'unclassified'],False,"[ false, true ]",8409.742710189792,,NH137G,['1'],,,
POINT (525391.4868744619 2771679.4764492656),0,478.3312806026142,26.29254334702768,151.09758637668494,12200325654,6263644084,0,"[1318233488, 668863289]",['unclassified' 'tertiary'],False,"[ false, true ]",8409.742710189796,,NH137G,['1'],,,,1136.0764379293616,7.2444376945495605,596,6263644084,12200325654,0,"[1318233488, 668863289]",['tertiary' 'unclassified'],False,"[ false, true ]",8409.742710189792,,NH137G,['1'],,,
POINT (522079.8689434781 2767898.8921469375),0,259.986687542835,9.937847253955413,156.66631866001615,6263645228,9784732486,0,1065432835,['unclassified'],False,False,7667.455888864098,,,,,,,1848.2859216804734,7.2444376945495605,600,6263645228,9784732486,0,1065432835,['unclassified'],False,False,7667.455888864098,,,,,,
POINT (522079.8689434781 2767898.8921469375),0,259.986687542835,9.937847253955413,156.66631866001615,9784732486,6263645228,0,1065432835,['unclassified'],False,True,7667.455888864109,,,,,,,1848.2859216804734,7.2444376945495605,600,6263645228,9784732486,0,1065432835,['unclassified'],False,False,7667.455888864098,,,,,,
POINT (492652.90527122596 2776913.631951989),0,285.1948475069905,28.065027060360645,357.2093029619001,6244305053,2926095087,0,"[1316530145, 1316530146, 1319045370, 656974446, 666910992, 666910993, 666910995, 666910996, 666911000, 666911002]",['trunk'],False,"[ false, true ]",12763.345598644233,yes,NH27,,,,,133.15872242216017,8.054644584655762,2044,6244305053,2926095087,0,"[1316530145, 1316530146, 1319045370, 656974446, 666910992, 666910993, 666910995, 666910996, 666911000, 666911002]",['trunk'],False,"[ false, true ]",12763.345598644233,yes,NH27,,,,
POINT (492652.90527122596 2776913.631951989),0,285.1948475069905,28.065027060360645,357.2093029619001,2926095087,6244305053,0,"[1316530145, 1316530146, 666911002, 656974446, 666910992, 666910993, 666910995, 666910996, 666911000, 1319045370]",['trunk'],False,"[ false, true ]",12763.345598644211,yes,NH27,,,,,133.15872242216017,8.054644584655762,2044,6244305053,2926095087,0,"[1316530145, 1316530146, 1319045370, 656974446, 666910992, 666910993, 666910995, 666910996, 666911000, 666911002]",['trunk'],False,"[ false, true ]",12763.345598644233,yes,NH27,,,,
POINT (487929.2706665014 2848261.1049804254),0,83.51719469489254,5.246601872456392,320.12131884627996,6253845481,6175515523,0,"[1365630635, 1365630636, 1365630637, 1365630638, 384532055]",['trunk'],False,True,27418.676099295448,yes,NH627,['2'],,,,921.1815955437755,3.118769645690918,2581,6253845481,6175515523,0,"[1365630635, 1365630636, 1365630637, 1365630638, 384532055]",['trunk'],False,True,27418.676099295448,yes,NH627,['2'],,,
POINT (487929.2706665014 2848261.1049804254),0,83.51719469489254,5.246601872456392,320.12131884627996,6175515523,6253845481,0,"[1365630635, 1365630636, 1365630637, 1365630638, 384532055]",['trunk'],False,False,27418.67609929543,yes,NH627,['2'],,,,921.1815955437755,3.118769645690918,2581,6253845481,6175515523,0,"[1365630635, 1365630636, 1365630637, 1365630638, 384532055]",['trunk'],False,True,27418.676099295448,yes,NH627,['2'],,,
POINT (506034.49556418194 2774573.9602045934),0,1317.5442770433485,37.083190682544014,92.78204980011058,5451398655,2468741426,0,"[1316252011, 1379309755, 1316252012]",['trunk'],True,False,2304.2881225441365,yes,NH27,['2'],,,,5068.16278891,8.054644584655762,187,5451398655,2468741426,0,"[1316252011, 1379309755, 1316252012]",['trunk'],True,False,2304.2881225441365,yes,NH27,['2'],,,
POINT (500444.1579670929 2826013.8388297036),0,133.62564827649658,12.537280214865289,182.97429319520532,12688689684,6175514257,0,1370107261,['unclassified'],False,True,7458.776834779078,,,,,,,2471.4524611736215,3.475105047225952,2006,12688689684,6175514257,0,1370107261,['unclassified'],False,True,7458.776834779078,,,,,,
POINT (500444.1579670929 2826013.8388297036),0,133.62564827649658,12.537280214865289,182.97429319520532,6175514257,12688689684,0,1370107261,['unclassified'],False,False,7458.7768347790825,,,,,,,2471.4524611736215,3.475105047225952,2006,12688689684,6175514257,0,1370107261,['unclassified'],False,True,7458.776834779078,,,,,,
POINT (487002.49864341976 2820125.165471118),0,548.5157087609498,7.337618725610863,104.03603510831479,12688675929,12688675440,0,1370106052,['unclassified'],False,False,11869.46543884255,,,,,,,5556.438923314185,3.9780373573303223,3372,12688675929,12688675440,0,1370106052,['unclassified'],False,False,11869.46543884255,,,,,,
POINT (487002.49864341976 2820125.165471118),0,548.5157087609498,7.337618725610863,104.03603510831479,12688675440,12688675929,0,1370106052,['unclassified'],False,True,11869.465438842553,,,,,,,5556.438923314185,3.9780373573303223,3372,12688675929,12688675440,0,1370106052,['unclassified'],False,False,11869.46543884255,,,,,,
POINT (540137.1937871324 2802730.11207191),0,721.6846865997343,13.273866033560191,150.185631187336,12637352529,12637352785,0,1364623493,['unclassified'],False,False,2291.649007824194,,,,,,,842.9216748014803,3.708545684814453,1543,12637352529,12637352785,0,1364623493,['unclassified'],False,False,2291.649007824194,,,,,,
POINT (540137.1937871324 2802730.11207191),0,721.6846865997343,13.273866033560191,150.185631187336,12637352785,12637352529,0,1364623493,['unclassified'],False,True,2291.649007824193,,,,,,,842.9216748014803,3.708545684814453,1543,12637352529,12637352785,0,1364623493,['unclassified'],False,False,2291.649007824194,,,,,,
POINT (489120.6071291941 2846403.975858928),0,103.95031154523794,1.152910856324941,177.76401953570698,12184965482,12184965414,0,1316520319,['unclassified'],False,False,2328.7761921299157,,,,,,,292.482859135554,3.118769645690918,3269,12184965482,12184965414,0,1316520319,['unclassified'],False,False,2328.7761921299157,,,,,,
POINT (510278.4165856761 2793839.3888010974),0,499.0079128696634,20.14044917304222,167.748057016173,12777266772,12777302940,0,"[1380116426, 1380116427]",['residential' 'unclassified'],False,True,5591.9850594286745,,,,,,,1465.8280534787382,6.778076648712158,1669,12777266772,12777302940,0,"[1380116426, 1380116427]",['residential' 'unclassified'],False,True,5591.9850594286745,,,,,,
POINT (510278.4165856761 2793839.3888010974),0,499.0079128696634,20.14044917304222,167.748057016173,12777302940,12777266772,0,"[1380116426, 1380116427]",['residential' 'unclassified'],False,False,5591.985059428677,,,,,,,1465.8280534787382,6.778076648712158,1669,12777266772,12777302940,0,"[1380116426, 1380116427]",['residential' 'unclassified'],False,True,5591.9850594286745,,,,,,
POINT (526263.5018427223 2790770.588860077),0,1240.4261799389753,17.916548020991232,69.54572692625177,12837601700,12837606301,0,1386682597,['unclassified'],False,False,845.3561348232736,,,,,,,1333.3765493273693,4.997046947479248,1707,12837601700,12837606301,0,1386682597,['unclassified'],False,False,845.3561348232736,,,,,,
POINT (526263.5018427223 2790770.588860077),0,1240.4261799389753,17.916548020991232,69.54572692625177,12837606301,12837601700,0,1386682597,['unclassified'],False,True,845.3561348232738,,,,,,,1333.3765493273693,4.997046947479248,1707,12837601700,12837606301,0,1386682597,['unclassified'],False,False,845.3561348232736,,,,,,
POINT (542602.6907119261 2802003.125671776),0,1242.3682668118904,36.38226777788322,301.6263091184279,12637352529,12637352785,0,1364623493,['unclassified'],False,False,2291.649007824194,,,,,,,3149.0206972213114,3.708545684814453,1543,12637352529,12637352785,0,1364623493,['unclassified'],False,False,2291.649007824194,,,,,,
POINT (542602.6907119261 2802003.125671776),0,1242.3682668118904,36.38226777788322,301.6263091184279,12637352785,12637352529,0,1364623493,['unclassified'],False,True,2291.649007824193,,,,,,,3149.0206972213114,3.708545684814453,1543,12637352529,12637352785,0,1364623493,['unclassified'],False,False,2291.649007824194,,,,,,
POINT (500456.40651711286 2786676.187884298),0,602.7951771151904,23.335319778987163,28.535986921279754,6246436122,6246436141,0,667131703,['unclassified'],False,True,571.3891832913728,,,,,,,71.44230356481738,6.778076648712158,487,6246436122,6246436141,0,667131703,['unclassified'],False,True,571.3891832913728,,,,,,
POINT (500456.40651711286 2786676.187884298),0,602.7951771151904,23.335319778987163,28.535986921279754,6246436141,6246436122,0,667131703,['unclassified'],False,False,571.389183291373,,,,,,,71.44230356481738,6.778076648712158,487,6246436122,6246436141,0,667131703,['unclassified'],False,True,571.3891832913728,,,,,,
POINT (485438.6998808681 2844335.1727589834),0,136.82221059623797,4.385803707986436,189.41085387394656,6253845481,6175515523,0,"[1365630635, 1365630636, 1365630637, 1365630638, 384532055]",['trunk'],False,True,27418.676099295448,yes,NH627,['2'],,,,2097.7742008081486,3.3000731468200684,2581,6253845481,6175515523,0,"[1365630635, 1365630636, 1365630637, 1365630638, 384532055]",['trunk'],False,True,27418.676099295448,yes,NH627,['2'],,,
POINT (485438.6998808681 2844335.1727589834),0,136.82221059623797,4.385803707986436,189.41085387394656,6175515523,6253845481,0,"[1365630635, 1365630636, 1365630637, 1365630638, 384532055]",['trunk'],False,False,27418.67609929543,yes,NH627,['2'],,,,2097.7742008081486,3.3000731468200684,2581,6253845481,6175515523,0,"[1365630635, 1365630636, 1365630637, 1365630638, 384532055]",['trunk'],False,True,27418.676099295448,yes,NH627,['2'],,,
POINT (482533.10804057634 2833058.8114983346),0,302.0694278243627,2.876088300848303,42.14312819305442,6253845481,6175515523,0,"[1365630635, 1365630636, 1365630637, 1365630638, 384532055]",['trunk'],False,True,27418.676099295448,yes,NH627,['2'],,,,4220.026141318169,3.9780373573303223,2581,6253845481,6175515523,0,"[1365630635, 1365630636, 1365630637, 1365630638, 384532055]",['trunk'],False,True,27418.676099295448,yes,NH627,['2'],,,
POINT (482533.10804057634 2833058.8114983346),0,302.0694278243627,2.876088300848303,42.14312819305442,6175515523,6253845481,0,"[1365630635, 1365630636, 1365630637, 1365630638, 384532055]",['trunk'],False,False,27418.67609929543,yes,NH627,['2'],,,,4220.026141318169,3.9780373573303223,2581,6253845481,6175515523,0,"[1365630635, 1365630636, 1365630637, 1365630638, 384532055]",['trunk'],False,True,27418.676099295448,yes,NH627,['2'],,,
POINT (501112.58910283446 2850717.3208458093),0,108.54469978588168,5.052116278213643,108.60119455390686,5760444136,5760444177,0,607936876,['tertiary'],False,False,7415.229677633651,,,,,,,896.1611672709561,3.118769645690918,1877,5760444136,5760444177,0,607936876,['tertiary'],False,False,7415.229677633651,,,,,,
POINT (501112.58910283446 2850717.3208458093),0,108.54469978588168,5.052116278213643,108.60119455390686,5760444177,5760444136,0,607936876,['tertiary'],False,True,7415.229677633648,,,,,,,896.1611672709561,3.118769645690918,1877,5760444136,5760444177,0,607936876,['tertiary'],False,False,7415.229677633651,,,,,,
POINT (524779.6006854528 2800344.4674627786),0,584.5602032765273,13.899605575489119,239.64633179286093,12745226117,12745200080,0,1376534386,['residential'],False,False,3118.814066732372,,,,,,,3164.719249406324,4.997046947479248,1614,12745226117,12745200080,0,1376534386,['residential'],False,False,3118.814066732372,,,,,,
POINT (524779.6006854528 2800344.4674627786),0,584.5602032765273,13.899605575489119,239.64633179286093,12745200080,12745226117,0,1376534386,['residential'],False,True,3118.8140667323746,,,,,,,3164.719249406324,4.997046947479248,1614,12745226117,12745200080,0,1376534386,['residential'],False,False,3118.814066732372,,,,,,
POINT (485745.70842338173 2802424.158227595),0,732.8412418844073,13.786174741888825,136.3856025336358,12187249935,12626600689,0,1316817074,['unclassified'],False,False,13789.613151626014,,,,,,,2672.2885670547907,7.570275783538818,2266,12187249935,12626600689,0,1316817074,['unclassified'],False,False,13789.613151626014,,,,,,
POINT (485745.70842338173 2802424.158227595),0,732.8412418844073,13.786174741888825,136.3856025336358,12626600689,12187249935,0,1316817074,['unclassified'],False,True,13789.61315162602,,,,,,,2672.2885670547907,7.570275783538818,2266,12187249935,12626600689,0,1316817074,['unclassified'],False,False,13789.613151626014,,,,,,
POINT (477379.6352163024 2786233.2590520736),0,1255.2699840122798,1.4681396648184364,137.8710074586342,6244446892,6244446902,0,1316817049,['residential'],False,True,363.91077447319196,,,,,,,4117.809121028656,7.570275783538818,2067,6244446892,6244446902,0,1316817049,['residential'],False,True,363.91077447319196,,,,,,
POINT (477379.6352163024 2786233.2590520736),0,1255.2699840122798,1.4681396648184364,137.8710074586342,6244446902,6244446892,0,1316817049,['residential'],False,False,363.91077447319196,,,,,,,4117.809121028656,7.570275783538818,2067,6244446892,6244446902,0,1316817049,['residential'],False,True,363.91077447319196,,,,,,
POINT (488335.206849127 2805081.220107127),0,611.525741997044,22.16248668171356,84.53016576829228,12187249935,12626600689,0,1316817074,['unclassified'],False,False,13789.613151626014,,,,,,,775.803870276047,6.778076648712158,2266,12187249935,12626600689,0,1316817074,['unclassified'],False,False,13789.613151626014,,,,,,
POINT (488335.206849127 2805081.220107127),0,611.525741997044,22.16248668171356,84.53016576829228,12626600689,12187249935,0,1316817074,['unclassified'],False,True,13789.61315162602,,,,,,,775.803870276047,6.778076648712158,2266,12187249935,12626600689,0,1316817074,['unclassified'],False,False,13789.613151626014,,,,,,
POINT (509688.4238149588 2833525.525568569),0,227.32422931716792,4.8808587509128065,187.553896789114,12677705846,7869367544,0,843621716,['trunk'],True,False,2688.0151601431567,,NH27,,,,,58.255767572412665,3.475105047225952,1974,12677705846,7869367544,0,843621716,['trunk'],True,False,2688.0151601431567,,NH27,,,,
POINT (489965.752520601 2808181.8477195967),0,569.709418889062,24.445883073587268,167.0053296633588,3878590404,12187251357,0,"[384547304, 384547305, 384547306, 384545268]",['trunk'],False,False,24098.021607759852,,NH627;SH-1020,,,,,3588.5505966515407,3.475105047225952,2546,3878590404,12187251357,0,"[384547304, 384547305, 384547306, 384545268]",['trunk'],False,False,24098.021607759852,,NH627;SH-1020,,,,
POINT (489965.752520601 2808181.8477195967),0,569.709418889062,24.445883073587268,167.0053296633588,12187251357,3878590404,0,"[384547304, 384547305, 384547306, 384545268]",['trunk'],False,True,24098.021607759867,,NH627;SH-1020,,,,,3588.5505966515407,3.475105047225952,2546,3878590404,12187251357,0,"[384547304, 384547305, 384547306, 384545268]",['trunk'],False,False,24098.021607759852,,NH627;SH-1020,,,,
POINT (518258.7486097853 2814458.1430641217),0,432.157228524294,4.374540031051048,116.41384293032378,7869412358,12628374466,0,"[1363831853, 1363686577, 1363686579, 843631893, 843631896, 843631900]",['trunk'],True,False,13977.214526006808,yes,NH27,,,,,3822.855406876569,3.0739004611968994,1915,7869412358,12628374466,0,"[1363831853, 1363686577, 1363686579, 843631893, 843631896, 843631900]",['trunk'],True,False,13977.214526006808,yes,NH27,,,,
POINT (504301.6653811376 2832636.749020721),0,266.9961128832814,15.321206036180662,230.36225078500902,12677780009,12677779749,0,1368873446,['unclassified'],False,False,7574.243371869928,,,,,,,1951.7940994325393,3.475105047225952,2002,12677780009,12677779749,0,1368873446,['unclassified'],False,False,7574.243371869928,,,,,,
POINT (504301.6653811376 2832636.749020721),0,266.9961128832814,15.321206036180662,230.36225078500902,12677779749,12677780009,0,1368873446,['unclassified'],False,True,7574.243371869934,,,,,,,1951.7940994325393,3.475105047225952,2002,12677780009,12677779749,0,1368873446,['unclassified'],False,False,7574.243371869928,,,,,,
POINT (500286.935610722 2827804.987555118),0,120.0,1.679483853288795,128.37689314655833,6175514257,12688678650,0,"[659589584, 659589591]",['primary'],False,True,5954.47312333069,,SH16;SH-020,,,SH16,,3008.816568828885,3.475105047225952,1882,6175514257,12688678650,0,"[659589584, 659589591]",['primary'],False,True,5954.47312333069,,SH16;SH-020,,,SH16,
POINT (500286.935610722 2827804.987555118),0,120.0,1.679483853288795,128.37689314655833,12688678650,6175514257,0,"[659589584, 659589591]",['primary'],False,False,5954.473123330688,,SH16;SH-020,,,SH16,,3008.816568828885,3.475105047225952,1882,6175514257,12688678650,0,"[659589584, 659589591]",['primary'],False,True,5954.47312333069,,SH16;SH-020,,,SH16,
POINT (532840.1722554489 2793553.4556297427),0,1382.2759496012663,28.272555234071636,274.2945712190197,13404741298,13404748103,0,1461545805,['residential'],False,True,289.75574091074935,,,,,,,2543.279417652814,4.997046947479248,1791,13404741298,13404748103,0,1461545805,['residential'],False,True,289.75574091074935,,,,,,
POINT (532840.1722554489 2793553.4556297427),0,1382.2759496012663,28.272555234071636,274.2945712190197,13404748103,13404741298,0,1461545805,['residential'],False,False,289.7557409107493,,,,,,,2543.279417652814,4.997046947479248,1791,13404741298,13404748103,0,1461545805,['residential'],False,True,289.75574091074935,,,,,,
POINT (489140.33152159036 2786275.131357655),0,873.5252717795665,8.746961060648319,24.44787975452305,12542650880,12542650910,0,1355258186,['unclassified'],False,False,13610.760423639327,,,,,,,1993.3181853219,6.778076648712158,2407,12542650880,12542650910,0,1355258186,['unclassified'],False,False,13610.760423639327,,,,,,
POINT (489140.33152159036 2786275.131357655),0,873.5252717795665,8.746961060648319,24.44787975452305,12542650910,12542650880,0,1355258186,['unclassified'],False,True,13610.760423639329,,,,,,,1993.3181853219,6.778076648712158,2407,12542650880,12542650910,0,1355258186,['unclassified'],False,False,13610.760423639327,,,,,,
POINT (545446.0640412343 2797521.8944492727),0,1123.0686745269365,11.265223473571213,161.43938299785248,13341514107,13341514143,1,1454785954,['unclassified'],False,True,534.7342005736062,,,,,,,2246.214919364067,3.708545684814453,1751,13341514107,13341514143,1,1454785954,['unclassified'],False,True,534.7342005736062,,,,,,
POINT (545446.0640412343 2797521.8944492727),0,1123.0686745269365,11.265223473571213,161.43938299785248,13341514143,13341514107,1,1454785954,['unclassified'],False,False,534.7342005736065,,,,,,,2246.214919364067,3.708545684814453,1751,13341514107,13341514143,1,1454785954,['unclassified'],False,True,534.7342005736062,,,,,,
POINT (527200.134731138 2818908.7259492744),0,253.8576951612104,5.177453010537608,70.75067718882127,6246547630,6246548011,0,"[667147364, 667147365]",['unclassified'],False,"[ false, true ]",10011.565743669315,,,,,,,6065.603781325965,3.0739004611968994,1884,6246547630,6246548011,0,"[667147364, 667147365]",['unclassified'],False,"[ false, true ]",10011.565743669315,,,,,,
POINT (527200.134731138 2818908.7259492744),0,253.8576951612104,5.177453010537608,70.75067718882127,6246548011,6246547630,0,"[667147364, 667147365]",['unclassified'],False,"[ false, true ]",10011.565743669309,,,,,,,6065.603781325965,3.0739004611968994,1884,6246547630,6246548011,0,"[667147364, 667147365]",['unclassified'],False,"[ false, true ]",10011.565743669315,,,,,,
POINT (503630.7391607582 2851892.47152641),0,96.5382616861147,2.190095901489258,153.43495178222656,5760444136,5760444177,0,607936876,['tertiary'],False,False,7415.229677633651,,,,,,,284.6976636265284,3.118769645690918,1877,5760444136,5760444177,0,607936876,['tertiary'],False,False,7415.229677633651,,,,,,
POINT (503630.7391607582 2851892.47152641),0,96.5382616861147,2.190095901489258,153.43495178222656,5760444177,5760444136,0,607936876,['tertiary'],False,True,7415.229677633648,,,,,,,284.6976636265284,3.118769645690918,1877,5760444136,5760444177,0,607936876,['tertiary'],False,False,7415.229677633651,,,,,,
POINT (531458.5759354173 2785146.111010006),0,1249.924879258613,30.000909329444067,179.5155261821295,12200364894,6247910647,0,"[1318233506, 1318233507, 1318233508]",['tertiary' 'primary'],False,True,9891.024778612013,,NH137G,['1'],,,,371.8747137471004,4.997046947479248,930,12200364894,6247910647,0,"[1318233506, 1318233507, 1318233508]",['tertiary' 'primary'],False,True,9891.024778612013,,NH137G,['1'],,,
POINT (531458.5759354173 2785146.111010006),0,1249.924879258613,30.000909329444067,179.5155261821295,6247910647,12200364894,0,"[1318233506, 1318233507, 1318233508]",['tertiary' 'primary'],False,False,9891.02477861201,,NH137G,['1'],,,,371.8747137471004,4.997046947479248,930,12200364894,6247910647,0,"[1318233506, 1318233507, 1318233508]",['tertiary' 'primary'],False,True,9891.024778612013,,NH137G,['1'],,,
POINT (502153.8911873539 2809139.6350089074),0,297.65205391428935,12.656823827621913,45.73468482883525,12626405432,12626359897,0,1363666828,['residential'],False,False,1105.2650487843691,,,,,,,1736.367318462978,3.475105047225952,1465,12626405432,12626359897,0,1363666828,['residential'],False,False,1105.2650487843691,,,,,,
POINT (502153.8911873539 2809139.6350089074),0,297.65205391428935,12.656823827621913,45.73468482883525,12626359897,12626405432,0,1363666828,['residential'],False,True,1105.2650487843691,,,,,,,1736.367318462978,3.475105047225952,1465,12626405432,12626359897,0,1363666828,['residential'],False,False,1105.2650487843691,,,,,,
POINT (524039.52184265223 2810715.2568211667),0,699.6438393807821,10.665216757669857,73.63041017833628,6251456792,6251457266,0,"[667660353, 667660355, 667660357, 667660360, 667660364, 667660342, 667660345]",['secondary'],False,True,16213.67090978031,yes,Nc-M-1,,,,,3979.3865206213686,3.0739004611968994,1894,6251456792,6251457266,0,"[667660353, 667660355, 667660357, 667660360, 667660364, 667660342, 667660345]",['secondary'],False,True,16213.67090978031,yes,Nc-M-1,,,,
POINT (524039.52184265223 2810715.2568211667),0,699.6438393807821,10.665216757669857,73.63041017833628,6251457266,6251456792,0,"[667660353, 667660355, 667660357, 667660360, 667660364, 667660342, 667660345]",['secondary'],False,False,16213.67090978031,yes,Nc-M-1,,,,,3979.3865206213686,3.0739004611968994,1894,6251456792,6251457266,0,"[667660353, 667660355, 667660357, 667660360, 667660364, 667660342, 667660345]",['secondary'],False,True,16213.67090978031,yes,Nc-M-1,,,,
POINT (528493.990731963 2795542.556283564),0,911.6563534362025,19.36317214109946,33.386525716021985,12745226117,12745192588,0,1376534380,['unclassified'],False,False,7410.787567566349,,,,,,,505.8866295546555,4.997046947479248,1613,12745226117,12745192588,0,1376534380,['unclassified'],False,False,7410.787567566349,,,,,,
POINT (528493.990731963 2795542.556283564),0,911.6563534362025,19.36317214109946,33.386525716021985,12745192588,12745226117,0,1376534380,['unclassified'],False,True,7410.787567566354,,,,,,,505.8866295546555,4.997046947479248,1613,12745226117,12745192588,0,1376534380,['unclassified'],False,False,7410.787567566349,,,,,,
POINT (498093.93117223575 2787403.410759509),0,780.6792188086089,18.191763971244303,92.28789544998295,12542601767,12516640697,0,"[1355253022, 1355253023]",['residential'],False,False,3120.64467545499,,,,,,,177.23371779808394,6.778076648712158,2403,12542601767,12516640697,0,"[1355253022, 1355253023]",['residential'],False,False,3120.64467545499,,,,,,
POINT (498093.93117223575 2787403.410759509),0,780.6792188086089,18.191763971244303,92.28789544998295,12516640697,12542601767,0,"[1355253022, 1355253023]",['residential'],False,True,3120.6446754549884,,,,,,,177.23371779808394,6.778076648712158,2403,12542601767,12516640697,0,"[1355253022, 1355253023]",['residential'],False,False,3120.64467545499,,,,,,
POINT (533026.2862599412 2818034.248193898),0,475.18397418817653,6.059987061840464,257.56222063251,6251456748,12758430608,0,1377899539,['unclassified'],False,False,2568.3101426472404,,,,,,,3137.4203988243053,3.0739004611968994,1890,6251456748,12758430608,0,1377899539,['unclassified'],False,False,2568.3101426472404,,,,,,
POINT (533026.2862599412 2818034.248193898),0,475.18397418817653,6.059987061840464,257.56222063251,12758430608,6251456748,0,1377899539,['unclassified'],False,True,2568.3101426472394,,,,,,,3137.4203988243053,3.0739004611968994,1890,6251456748,12758430608,0,1377899539,['unclassified'],False,False,2568.3101426472404,,,,,,
POINT (522160.22624684736 2769616.65181721),0,321.7984684084477,12.209093567050447,163.99928932036656,6263644084,6263645228,0,668863302,['unclassified'],False,False,5337.318473627562,,NH137G,,,,,1495.8530277515613,7.2444376945495605,597,6263644084,6263645228,0,668863302,['unclassified'],False,False,5337.318473627562,,NH137G,,,,
POINT (522160.22624684736 2769616.65181721),0,321.7984684084477,12.209093567050447,163.99928932036656,6263645228,6263644084,0,668863302,['unclassified'],False,True,5337.318473627558,,NH137G,,,,,1495.8530277515613,7.2444376945495605,597,6263644084,6263645228,0,668863302,['unclassified'],False,False,5337.318473627562,,NH137G,,,,
POINT (506225.62611501216 2810046.597037638),0,356.76794830045554,16.31330137395561,342.2014499551089,12626600308,12626600431,0,"[1363686824, 1363686825, 1363686826]",['unclassified'],False,True,6788.170643932414,yes,,,,,,1140.463065109199,3.475105047225952,1956,12626600308,12626600431,0,"[1363686824, 1363686825, 1363686826]",['unclassified'],False,True,6788.170643932414,yes,,,,,
POINT (506225.62611501216 2810046.597037638),0,356.76794830045554,16.31330137395561,342.2014499551089,12626600431,12626600308,0,"[1363686824, 1363686825, 1363686826]",['unclassified'],False,False,6788.170643932416,yes,,,,,,1140.463065109199,3.475105047225952,1956,12626600308,12626600431,0,"[1363686824, 1363686825, 1363686826]",['unclassified'],False,True,6788.170643932414,yes,,,,,
POINT (486632.612602768 2780714.2252277937),0,1149.5376315831234,17.510363486602774,174.9527912714014,6244305132,12187249401,0,"[666911018, 1319226252, 1319226254]",['tertiary'],False,False,547.5109630342847,yes,,,,Lumding - Silchar MG Line,,2520.070122614326,7.570275783538818,2048,6244305132,12187249401,0,"[666911018, 1319226252, 1319226254]",['tertiary'],False,False,547.5109630342847,yes,,,,Lumding - Silchar MG Line,
POINT (486632.612602768 2780714.2252277937),0,1149.5376315831234,17.510363486602774,174.9527912714014,12187249401,6244305132,0,"[666911018, 1319226252, 1319226254]",['tertiary'],False,True,547.5109630342847,yes,,,,Lumding - Silchar MG Line,,2520.070122614326,7.570275783538818,2048,6244305132,12187249401,0,"[666911018, 1319226252, 1319226254]",['tertiary'],False,False,547.5109630342847,yes,,,,Lumding - Silchar MG Line,
POINT (506417.51194033935 2769608.4537269752),0,547.5231245593477,24.216303341883027,174.0769433475933,12205992014,12205991116,0,1318888660,['unclassified'],False,False,4117.778053829975,,,,,,,5662.686863921389,8.054644584655762,943,12205992014,12205991116,0,1318888660,['unclassified'],False,False,4117.778053829975,,,,,,
POINT (506417.51194033935 2769608.4537269752),0,547.5231245593477,24.216303341883027,174.0769433475933,12205991116,12205992014,0,1318888660,['unclassified'],False,True,4117.778053829976,,,,,,,5662.686863921389,8.054644584655762,943,12205992014,12205991116,0,1318888660,['unclassified'],False,False,4117.778053829975,,,,,,
POINT (518410.2838067925 2793017.6037202463),0,411.99744780963397,12.893941421743156,297.00840730829543,6246654977,6246654933,0,667166454,['unclassified'],False,False,2881.8595783361225,,,,,,,679.2899319740499,4.997046947479248,542,6246654977,6246654933,0,667166454,['unclassified'],False,False,2881.8595783361225,,,,,,
POINT (518410.2838067925 2793017.6037202463),0,411.99744780963397,12.893941421743156,297.00840730829543,6246654933,6246654977,0,667166454,['unclassified'],False,True,2881.8595783361225,,,,,,,679.2899319740499,4.997046947479248,542,6246654977,6246654933,0,667166454,['unclassified'],False,False,2881.8595783361225,,,,,,
POINT (500676.16684105963 2807120.514031563),0,391.00946949140416,6.196698627343238,138.916798033972,12626405432,12626403890,0,"[1363666829, 1363666830]",['residential' 'unclassified'],False,True,2502.744524836595,,,,,,,168.9436137469054,3.475105047225952,1467,12626405432,12626403890,0,"[1363666829, 1363666830]",['residential' 'unclassified'],False,True,2502.744524836595,,,,,,
POINT (500676.16684105963 2807120.514031563),0,391.00946949140416,6.196698627343238,138.916798033972,12626403890,12626405432,0,"[1363666829, 1363666830]",['residential' 'unclassified'],False,False,2502.744524836595,,,,,,,168.9436137469054,3.475105047225952,1467,12626405432,12626403890,0,"[1363666829, 1363666830]",['residential' 'unclassified'],False,True,2502.744524836595,,,,,,
POINT (509248.5308808905 2775697.903997001),0,684.163214429791,17.70394041574449,176.37209707161682,12770423195,12770420430,0,1379123738,['unclassified'],False,False,3026.011680193185,,,,,,,5286.237985082878,8.054644584655762,1626,12770423195,12770420430,0,1379123738,['unclassified'],False,False,3026.011680193185,,,,,,
POINT (509248.5308808905 2775697.903997001),0,684.163214429791,17.70394041574449,176.37209707161682,12770420430,12770423195,0,1379123738,['unclassified'],False,True,3026.0116801931854,,,,,,,5286.237985082878,8.054644584655762,1626,12770423195,12770420430,0,1379123738,['unclassified'],False,False,3026.011680193185,,,,,,
POINT (503379.4840688038 2804337.9656785186),0,313.44694870894153,17.318364797707183,270.4615044391305,12626403891,12626403890,0,"[1363666826, 1363666827]",['residential' 'unclassified'],False,True,1707.8467320799239,,,,,,,2214.3970840534694,6.778076648712158,1460,12626403891,12626403890,0,"[1363666826, 1363666827]",['residential' 'unclassified'],False,True,1707.8467320799239,,,,,,
POINT (503379.4840688038 2804337.9656785186),0,313.44694870894153,17.318364797707183,270.4615044391305,12626403890,12626403891,0,"[1363666826, 1363666827]",['residential' 'unclassified'],False,False,1707.8467320799243,,,,,,,2214.3970840534694,6.778076648712158,1460,12626403891,12626403890,0,"[1363666826, 1363666827]",['residential' 'unclassified'],False,True,1707.8467320799239,,,,,,
POINT (531450.5693647909 2812452.5171245364),0,367.8862942630835,7.127320400722381,186.06749875443344,6251456792,6251457266,0,"[667660353, 667660355, 667660357, 667660360, 667660364, 667660342, 667660345]",['secondary'],False,True,16213.67090978031,yes,Nc-M-1,,,,,0.9409035960029102,3.0739004611968994,1894,6251456792,6251457266,0,"[667660353, 667660355, 667660357, 667660360, 667660364, 667660342, 667660345]",['secondary'],False,True,16213.67090978031,yes,Nc-M-1,,,,
POINT (531450.5693647909 2812452.5171245364),0,367.8862942630835,7.127320400722381,186.06749875443344,6251457266,6251456792,0,"[667660353, 667660355, 667660357, 667660360, 667660364, 667660342, 667660345]",['secondary'],False,False,16213.67090978031,yes,Nc-M-1,,,,,0.9409035960029102,3.0739004611968994,1894,6251456792,6251457266,0,"[667660353, 667660355, 667660357, 667660360, 667660364, 667660342, 667660345]",['secondary'],False,True,16213.67090978031,yes,Nc-M-1,,,,
POINT (477441.3020363922 2780111.8484187066),0,763.4493600831868,31.9984907297751,83.6354006085313,9784656008,9784656016,0,1065426153,['residential'],False,True,232.42015209390408,,,,,,,4196.425040735119,7.570275783538818,2132,9784656008,9784656016,0,1065426153,['residential'],False,True,232.42015209390408,,,,,,
POINT (477441.3020363922 2780111.8484187066),0,763.4493600831868,31.9984907297751,83.6354006085313,9784656016,9784656008,0,1065426153,['residential'],False,False,232.42015209390414,,,,,,,4196.425040735119,7.570275783538818,2132,9784656008,9784656016,0,1065426153,['residential'],False,True,232.42015209390408,,,,,,
POINT (485175.699299298 2805476.3997924044),0,786.6419906526826,5.098225786102814,32.04556431917272,12626600689,12187249935,0,1316817074,['unclassified'],False,True,13789.61315162602,,,,,,,61.596544390987084,7.570275783538818,2461,12626600689,12187249935,0,1316817074,['unclassified'],False,True,13789.61315162602,,,,,,
POINT (514924.34215281333 2829778.0914585954),0,268.79268346363676,11.361862737515336,78.65677814717642,7869367544,12677783544,0,"[1368873648, 843621716, 843626038, 1368873647]",['trunk'],True,False,14289.410171104708,yes,NH27,,,,,4702.9448409282395,3.0739004611968994,1903,7869367544,12677783544,0,"[1368873648, 843621716, 843626038, 1368873647]",['trunk'],True,False,14289.410171104708,yes,NH27,,,,
POINT (512843.8433295904 2769750.8351901667),0,878.6784063772419,18.392203701437932,220.81584904322503,12205923119,12205992014,0,"[1318880720, 1318880676]",['unclassified'],False,False,6124.723716657842,,,,,,,23.337443236539873,7.2444376945495605,935,12205923119,12205992014,0,"[1318880720, 1318880676]",['unclassified'],False,False,6124.723716657842,,,,,,
POINT (488591.5196953649 2773996.023958331),0,1053.4798899848774,28.710099712563192,17.916467359530294,2926095072,6244305053,0,666911001,['unclassified'],False,True,1681.3628981119114,,,,,,,2291.0208329495526,8.054644584655762,2031,2926095072,6244305053,0,666911001,['unclassified'],False,True,1681.3628981119114,,,,,,
POINT (488591.5196953649 2773996.023958331),0,1053.4798899848774,28.710099712563192,17.916467359530294,6244305053,2926095072,0,666911001,['unclassified'],False,False,1681.3628981119111,,,,,,,2291.0208329495526,8.054644584655762,2031,2926095072,6244305053,0,666911001,['unclassified'],False,True,1681.3628981119114,,,,,,
POINT (529775.7504169147 2812177.561876766),0,255.0,2.270707620013819,260.1976671648914,6251457266,6251456792,0,"[667660353, 667660355, 667660357, 667660360, 667660364, 667660342, 667660345]",['secondary'],False,False,16213.67090978031,yes,Nc-M-1,,,,,149.3401239776235,3.0739004611968994,592,6251457266,6251456792,0,"[667660353, 667660355, 667660357, 667660360, 667660364, 667660342, 667660345]",['secondary'],False,False,16213.67090978031,yes,Nc-M-1,,,,
POINT (526387.3148940312 2780005.392028991),0,718.721364477966,12.762286985097742,124.10034602469995,12197522498,12200325654,0,"[1317946659, 1317946660, 1317946661, 1318233509, 1318233488, 1318233489, 1318233491, 1318233492, 1318233493]",['tertiary'],False,"[ false, true ]",21587.602050418463,yes,NH137G,['1'],,,,2712.7099536908,4.997046947479248,891,12197522498,12200325654,0,"[1317946659, 1317946660, 1317946661, 1318233509, 1318233488, 1318233489, 1318233491, 1318233492, 1318233493]",['tertiary'],False,"[ false, true ]",21587.602050418463,yes,NH137G,['1'],,,
POINT (526387.3148940312 2780005.392028991),0,718.721364477966,12.762286985097742,124.10034602469995,12200325654,12197522498,0,"[1317946659, 1317946660, 1317946661, 1318233509, 1318233488, 1318233489, 1318233491, 1318233492, 1318233493]",['tertiary'],False,"[ false, true ]",21587.602050418496,yes,NH137G,['1'],,,,2712.7099536908,4.997046947479248,891,12197522498,12200325654,0,"[1317946659, 1317946660, 1317946661, 1318233509, 1318233488, 1318233489, 1318233491, 1318233492, 1318233493]",['tertiary'],False,"[ false, true ]",21587.602050418463,yes,NH137G,['1'],,,
POINT (526695.7702878633 2774625.401185268),0,743.4977900766796,17.87568730825622,111.13533241241649,12197522498,12200325654,0,"[1317946659, 1317946660, 1317946661, 1318233509, 1318233488, 1318233489, 1318233491, 1318233492, 1318233493]",['tertiary'],False,"[ false, true ]",21587.602050418463,yes,NH137G,['1'],,,,181.12243025728202,7.2444376945495605,891,12197522498,12200325654,0,"[1317946659, 1317946660, 1317946661, 1318233509, 1318233488, 1318233489, 1318233491, 1318233492, 1318233493]",['tertiary'],False,"[ false, true ]",21587.602050418463,yes,NH137G,['1'],,,
POINT (526695.7702878633 2774625.401185268),0,743.4977900766796,17.87568730825622,111.13533241241649,12200325654,12197522498,0,"[1317946659, 1317946660, 1317946661, 1318233509, 1318233488, 1318233489, 1318233491, 1318233492, 1318233493]",['tertiary'],False,"[ false, true ]",21587.602050418496,yes,NH137G,['1'],,,,181.12243025728202,7.2444376945495605,891,12197522498,12200325654,0,"[1317946659, 1317946660, 1317946661, 1318233509, 1318233488, 1318233489, 1318233491, 1318233492, 1318233493]",['tertiary'],False,"[ false, true ]",21587.602050418463,yes,NH137G,['1'],,,
POINT (485834.8006112886 2834389.19040525),0,192.40921744754814,10.06794506815816,270.41353205557766,6175514664,12646601168,0,1365630625,['unclassified'],False,True,7217.771483103449,,,,,,,2758.787041090596,3.3000731468200684,2564,6175514664,12646601168,0,1365630625,['unclassified'],False,True,7217.771483103449,,,,,,
POINT (485834.8006112886 2834389.19040525),0,192.40921744754814,10.06794506815816,270.41353205557766,12646601168,6175514664,0,1365630625,['unclassified'],False,False,7217.771483103441,,,,,,,2758.787041090596,3.3000731468200684,2564,6175514664,12646601168,0,1365630625,['unclassified'],False,True,7217.771483103449,,,,,,
POINT (507448.7975008088 2841070.2513467222),0,218.73725801013734,5.131680246964892,90.7347221229873,12677705845,7869322543,0,"[843621725, 843621717]",['trunk'],True,False,16915.63850868844,,NH27,,,,,4178.957457246383,3.118769645690918,1971,12677705845,7869322543,0,"[843621725, 843621717]",['trunk'],True,False,16915.63850868844,,NH27,,,,
POINT (502728.5546987877 2842464.330856808),0,190.84634543641513,6.546505742407394,262.81905205227685,12677777486,12677779703,0,1368873442,['unclassified'],False,False,3149.9064263512964,,,,,,,7022.297596962832,3.118769645690918,1986,12677777486,12677779703,0,1368873442,['unclassified'],False,False,3149.9064263512964,,,,,,
POINT (502728.5546987877 2842464.330856808),0,190.84634543641513,6.546505742407394,262.81905205227685,12677779703,12677777486,0,1368873442,['unclassified'],False,True,3149.906426351296,,,,,,,7022.297596962832,3.118769645690918,1986,12677777486,12677779703,0,1368873442,['unclassified'],False,False,3149.9064263512964,,,,,,
POINT (510169.29567928467 2783363.746878272),0,611.6889513964935,15.061896668260111,112.96797698734065,12770423195,12770442580,0,1379123739,['unclassified'],False,True,2712.9244230130753,,,,,,,933.4409591379111,6.778076648712158,1627,12770423195,12770442580,0,1379123739,['unclassified'],False,True,2712.9244230130753,,,,,,
POINT (510169.29567928467 2783363.746878272),0,611.6889513964935,15.061896668260111,112.96797698734065,12770442580,12770423195,0,1379123739,['unclassified'],False,False,2712.924423013076,,,,,,,933.4409591379111,6.778076648712158,1627,12770423195,12770442580,0,1379123739,['unclassified'],False,True,2712.9244230130753,,,,,,
POINT (519855.66591059533 2816605.25402914),0,406.0698536518096,12.742498460662144,7.12672814027003,6246547630,6246548011,0,"[667147364, 667147365]",['unclassified'],False,"[ false, true ]",10011.565743669315,,,,,,,2706.4506884500156,3.0739004611968994,1884,6246547630,6246548011,0,"[667147364, 667147365]",['unclassified'],False,"[ false, true ]",10011.565743669315,,,,,,
POINT (519855.66591059533 2816605.25402914),0,406.0698536518096,12.742498460662144,7.12672814027003,6246548011,6246547630,0,"[667147364, 667147365]",['unclassified'],False,"[ false, true ]",10011.565743669309,,,,,,,2706.4506884500156,3.0739004611968994,1884,6246547630,6246548011,0,"[667147364, 667147365]",['unclassified'],False,"[ false, true ]",10011.565743669315,,,,,,
POINT (527693.800352747 2787873.074076069),0,1113.5009213774572,14.26802612166513,181.19279336882343,5766102125,6247257622,0,"[667234624, 198004153, 667234627, 667234668]",['secondary'],False,"[ false, true ]",11390.506823785354,,,,,,,715.4707566222542,4.997046947479248,193,5766102125,6247257622,0,"[667234624, 198004153, 667234627, 667234668]",['secondary'],False,"[ false, true ]",11390.506823785354,,,,,,
POINT (527693.800352747 2787873.074076069),0,1113.5009213774572,14.26802612166513,181.19279336882343,6247257622,5766102125,0,"[667234624, 198004153, 667234627, 667234668]",['secondary'],False,"[ false, true ]",11390.50682378533,,,,,,,715.4707566222542,4.997046947479248,193,5766102125,6247257622,0,"[667234624, 198004153, 667234627, 667234668]",['secondary'],False,"[ false, true ]",11390.506823785354,,,,,,
POINT (534238.9165467466 2794061.206859898),0,1515.034844910657,32.72879950572781,306.4479431384823,5160781434,13404398230,0,"[1461519336, 667234619, 667234622]",['tertiary'],False,True,2468.6925199420043,yes,,,,,,2602.855627056544,4.997046947479248,179,5160781434,13404398230,0,"[1461519336, 667234619, 667234622]",['tertiary'],False,True,2468.6925199420043,yes,,,,,
POINT (534238.9165467466 2794061.206859898),0,1515.034844910657,32.72879950572781,306.4479431384823,13404398230,5160781434,0,"[1461519336, 667234619, 667234622]",['tertiary'],False,False,2468.6925199420048,yes,,,,,,2602.855627056544,4.997046947479248,179,5160781434,13404398230,0,"[1461519336, 667234619, 667234622]",['tertiary'],False,True,2468.6925199420043,yes,,,,,
POINT (502492.28743158095 2826118.9473802294),0,156.34458373700622,20.78863449522449,18.78738763068437,12688689684,6175514257,0,1370107261,['unclassified'],False,True,7458.776834779078,,,,,,,3169.7073845090677,3.475105047225952,2006,12688689684,6175514257,0,1370107261,['unclassified'],False,True,7458.776834779078,,,,,,
POINT (502492.28743158095 2826118.9473802294),0,156.34458373700622,20.78863449522449,18.78738763068437,6175514257,12688689684,0,1370107261,['unclassified'],False,False,7458.7768347790825,,,,,,,3169.7073845090677,3.475105047225952,2006,12688689684,6175514257,0,1370107261,['unclassified'],False,True,7458.776834779078,,,,,,
POINT (523762.16169592715 2817183.5665888693),0,193.38552837263356,4.339362518064458,204.77474447371875,6246547630,6246548011,0,"[667147364, 667147365]",['unclassified'],False,"[ false, true ]",10011.565743669315,,,,,,,3287.8528177708367,3.0739004611968994,1884,6246547630,6246548011,0,"[667147364, 667147365]",['unclassified'],False,"[ false, true ]",10011.565743669315,,,,,,
POINT (523762.16169592715 2817183.5665888693),0,193.38552837263356,4.339362518064458,204.77474447371875,6246548011,6246547630,0,"[667147364, 667147365]",['unclassified'],False,"[ false, true ]",10011.565743669309,,,,,,,3287.8528177708367,3.0739004611968994,1884,6246547630,6246548011,0,"[667147364, 667147365]",['unclassified'],False,"[ false, true ]",10011.565743669315,,,,,,
POINT (499360.3501167287 2854801.6974081),0,97.86027508082043,1.0448036733822565,199.34787164230215,5760444136,5760444087,0,607936874,['tertiary'],False,False,4444.154884518342,,,,,,,263.0076153119533,3.118769645690918,1876,5760444136,5760444087,0,607936874,['tertiary'],False,False,4444.154884518342,,,,,,
POINT (499360.3501167287 2854801.6974081),0,97.86027508082043,1.0448036733822565,199.34787164230215,5760444087,5760444136,0,607936874,['tertiary'],False,True,4444.1548845183415,,,,,,,263.0076153119533,3.118769645690918,1876,5760444136,5760444087,0,607936874,['tertiary'],False,False,4444.154884518342,,,,,,
POINT (521978.90622434166 2793401.9961999105),0,468.98963037869186,18.89408730532707,177.16979914145847,12745226117,6246654933,0,"[1376534387, 667166452]",['unclassified'],False,"[ false, true ]",4787.054590592899,,,,,,,984.1767340811392,4.997046947479248,1615,12745226117,6246654933,0,"[1376534387, 667166452]",['unclassified'],False,"[ false, true ]",4787.054590592899,,,,,,
POINT (521978.90622434166 2793401.9961999105),0,468.98963037869186,18.89408730532707,177.16979914145847,6246654933,12745226117,0,"[1376534387, 667166452]",['unclassified'],False,"[ false, true ]",4787.054590592899,,,,,,,984.1767340811392,4.997046947479248,1615,12745226117,6246654933,0,"[1376534387, 667166452]",['unclassified'],False,"[ false, true ]",4787.054590592899,,,,,,
POINT (505493.2897566424 2841504.6109003564),0,273.51131929164154,16.658634071471834,271.14971359599593,12677777486,12677779703,0,1368873442,['unclassified'],False,False,3149.9064263512964,,,,,,,5191.866227565033,3.118769645690918,1986,12677777486,12677779703,0,1368873442,['unclassified'],False,False,3149.9064263512964,,,,,,
POINT (505493.2897566424 2841504.6109003564),0,273.51131929164154,16.658634071471834,271.14971359599593,12677779703,12677777486,0,1368873442,['unclassified'],False,True,3149.906426351296,,,,,,,5191.866227565033,3.118769645690918,1986,12677777486,12677779703,0,1368873442,['unclassified'],False,False,3149.9064263512964,,,,,,
POINT (513082.1157448181 2847496.8977328995),0,131.26055457770678,3.8776982488146383,34.54921538289587,6240253790,7869322543,0,"[666511125, 713421326, 713421327]",['unclassified'],False,True,1285.2276154950398,,,,,,yes,252.30169090694665,2.765881299972534,1883,6240253790,7869322543,0,"[666511125, 713421326, 713421327]",['unclassified'],False,True,1285.2276154950398,,,,,,yes
POINT (513082.1157448181 2847496.8977328995),0,131.26055457770678,3.8776982488146383,34.54921538289587,7869322543,6240253790,0,"[666511125, 713421326, 713421327]",['unclassified'],False,False,1285.22761549504,,,,,,yes,252.30169090694665,2.765881299972534,1883,6240253790,7869322543,0,"[666511125, 713421326, 713421327]",['unclassified'],False,True,1285.2276154950398,,,,,,yes
POINT (536960.2045741876 2819208.1556092044),0,399.28232308077156,18.84964577505372,327.95398256819044,12527887242,12637355670,1,1353799882,['secondary'],False,False,12802.5074444507,,Nc-M-1,,,,,2217.8601651915674,3.0739004611968994,1927,12527887242,12637355670,1,1353799882,['secondary'],False,False,12802.5074444507,,Nc-M-1,,,,
POINT (536960.2045741876 2819208.1556092044),0,399.28232308077156,18.84964577505372,327.95398256819044,12637355670,12527887242,1,1353799882,['secondary'],False,True,12802.507444450715,,Nc-M-1,,,,,2217.8601651915674,3.0739004611968994,1927,12527887242,12637355670,1,1353799882,['secondary'],False,False,12802.5074444507,,Nc-M-1,,,,
POINT (500158.05374207994 2823413.252199342),0,134.47018648587073,5.212281449740942,206.89747939548576,6175514257,12688689684,0,1370107261,['unclassified'],False,False,7458.7768347790825,,,,,,,57.3006094007911,3.475105047225952,1880,6175514257,12688689684,0,1370107261,['unclassified'],False,False,7458.7768347790825,,,,,,
POINT (507515.7831285193 2832053.232486997),0,251.50821840192475,6.175451687544821,229.5605023654389,12677780009,12677779749,0,1368873446,['unclassified'],False,False,7574.243371869928,,,,,,,768.0101510185555,3.475105047225952,2002,12677780009,12677779749,0,1368873446,['unclassified'],False,False,7574.243371869928,,,,,,
POINT (507515.7831285193 2832053.232486997),0,251.50821840192475,6.175451687544821,229.5605023654389,12677779749,12677780009,0,1368873446,['unclassified'],False,True,7574.243371869934,,,,,,,768.0101510185555,3.475105047225952,2002,12677780009,12677779749,0,1368873446,['unclassified'],False,False,7574.243371869928,,,,,,
POINT (521172.91494014184 2798468.087158068),0,429.9920705265357,14.583934784448484,26.849627306178476,12742519526,12742519566,0,1376230481,['residential'],False,True,1296.4220057792747,,,,,,,616.0265346536057,4.997046947479248,1583,12742519526,12742519566,0,1376230481,['residential'],False,True,1296.4220057792747,,,,,,
POINT (521172.91494014184 2798468.087158068),0,429.9920705265357,14.583934784448484,26.849627306178476,12742519566,12742519526,0,1376230481,['residential'],False,False,1296.4220057792743,,,,,,,616.0265346536057,4.997046947479248,1583,12742519526,12742519566,0,1376230481,['residential'],False,True,1296.4220057792747,,,,,,
POINT (522478.5127105854 2815836.775079002),0,382.49869719414687,10.526333410911676,57.47140732323149,6246547630,6246548011,0,"[667147364, 667147365]",['unclassified'],False,"[ false, true ]",10011.565743669315,,,,,,,3570.0541575562447,3.0739004611968994,1884,6246547630,6246548011,0,"[667147364, 667147365]",['unclassified'],False,"[ false, true ]",10011.565743669315,,,,,,
POINT (522478.5127105854 2815836.775079002),0,382.49869719414687,10.526333410911676,57.47140732323149,6246548011,6246547630,0,"[667147364, 667147365]",['unclassified'],False,"[ false, true ]",10011.565743669309,,,,,,,3570.0541575562447,3.0739004611968994,1884,6246547630,6246548011,0,"[667147364, 667147365]",['unclassified'],False,"[ false, true ]",10011.565743669315,,,,,,
POINT (470159.5807646309 2809323.4980065287),0,828.8787538626736,9.54434842011382,335.61926426097114,12188935038,12188935037,0,1317004594,['unclassified'],False,True,5.531573396591523,,,,,,,3233.558880184455,3.9780373573303223,3316,12188935038,12188935037,0,1317004594,['unclassified'],False,True,5.531573396591523,,,,,,
POINT (470159.5807646309 2809323.4980065287),0,828.8787538626736,9.54434842011382,335.61926426097114,12188935037,12188935038,0,1317004594,['unclassified'],False,False,5.531573396591523,,,,,,,3233.558880184455,3.9780373573303223,3316,12188935038,12188935037,0,1317004594,['unclassified'],False,True,5.531573396591523,,,,,,
POINT (500447.1540459261 2829931.874709145),0,178.27280670872386,7.9300831711801205,188.15727061558158,6175514257,12688678650,0,"[659589584, 659589591]",['primary'],False,True,5954.47312333069,,SH16;SH-020,,,SH16,,3813.2879035117758,3.475105047225952,1882,6175514257,12688678650,0,"[659589584, 659589591]",['primary'],False,True,5954.47312333069,,SH16;SH-020,,,SH16,
POINT (500447.1540459261 2829931.874709145),0,178.27280670872386,7.9300831711801205,188.15727061558158,12688678650,6175514257,0,"[659589584, 659589591]",['primary'],False,False,5954.473123330688,,SH16;SH-020,,,SH16,,3813.2879035117758,3.475105047225952,1882,6175514257,12688678650,0,"[659589584, 659589591]",['primary'],False,True,5954.47312333069,,SH16;SH-020,,,SH16,
POINT (487369.19363746175 2808808.48222149),0,603.7844574058322,18.446359789454636,148.62097139406387,3878590404,12187251357,0,"[384547304, 384547305, 384547306, 384545268]",['trunk'],False,False,24098.021607759852,,NH627;SH-1020,,,,,1485.336621355056,3.9780373573303223,2546,3878590404,12187251357,0,"[384547304, 384547305, 384547306, 384545268]",['trunk'],False,False,24098.021607759852,,NH627;SH-1020,,,,
POINT (487369.19363746175 2808808.48222149),0,603.7844574058322,18.446359789454636,148.62097139406387,12187251357,3878590404,0,"[384547304, 384547305, 384547306, 384545268]",['trunk'],False,True,24098.021607759867,,NH627;SH-1020,,,,,1485.336621355056,3.9780373573303223,2546,3878590404,12187251357,0,"[384547304, 384547305, 384547306, 384545268]",['trunk'],False,False,24098.021607759852,,NH627;SH-1020,,,,
POINT (541806.4814753464 2798180.0497189853),0,1230.0902511120125,19.774524867904265,172.2665968916279,12785867486,12785834347,0,1381133556,['unclassified'],False,False,9168.357141098228,,,,,,,1262.6101921759928,3.708545684814453,1690,12785867486,12785834347,0,1381133556,['unclassified'],False,False,9168.357141098228,,,,,,
POINT (541806.4814753464 2798180.0497189853),0,1230.0902511120125,19.774524867904265,172.2665968916279,12785834347,12785867486,0,1381133556,['unclassified'],False,True,9168.35714109823,,,,,,,1262.6101921759928,3.708545684814453,1690,12785867486,12785834347,0,1381133556,['unclassified'],False,False,9168.357141098228,,,,,,
POINT (524855.8782743018 2818700.829567935),0,269.329836583226,16.040856230905483,240.33420963597902,6246547630,6246548011,0,"[667147364, 667147365]",['unclassified'],False,"[ false, true ]",10011.565743669315,,,,,,,3746.095372413009,3.0739004611968994,1884,6246547630,6246548011,0,"[667147364, 667147365]",['unclassified'],False,"[ false, true ]",10011.565743669315,,,,,,
POINT (524855.8782743018 2818700.829567935),0,269.329836583226,16.040856230905483,240.33420963597902,6246548011,6246547630,0,"[667147364, 667147365]",['unclassified'],False,"[ false, true ]",10011.565743669309,,,,,,,3746.095372413009,3.0739004611968994,1884,6246547630,6246548011,0,"[667147364, 667147365]",['unclassified'],False,"[ false, true ]",10011.565743669315,,,,,,
POINT (503997.852035283 2809884.359600136),0,282.3641598201768,19.24197358701122,174.11928496555564,12626600308,12626600431,0,"[1363686824, 1363686825, 1363686826]",['unclassified'],False,True,6788.170643932414,yes,,,,,,271.21406086223686,3.475105047225952,1956,12626600308,12626600431,0,"[1363686824, 1363686825, 1363686826]",['unclassified'],False,True,6788.170643932414,yes,,,,,
POINT (503997.852035283 2809884.359600136),0,282.3641598201768,19.24197358701122,174.11928496555564,12626600431,12626600308,0,"[1363686824, 1363686825, 1363686826]",['unclassified'],False,False,6788.170643932416,yes,,,,,,271.21406086223686,3.475105047225952,1956,12626600308,12626600431,0,"[1363686824, 1363686825, 1363686826]",['unclassified'],False,True,6788.170643932414,yes,,,,,
POINT (475504.4824671185 2817980.9681202355),0,452.8545626299521,8.681229211797458,62.708061216371405,9265704327,12188934920,0,1317004602,['unclassified'],False,True,7153.589578531139,,,,,,,594.9083716161767,3.9780373573303223,3132,9265704327,12188934920,0,1317004602,['unclassified'],False,True,7153.589578531139,,,,,,
POINT (475504.4824671185 2817980.9681202355),0,452.8545626299521,8.681229211797458,62.708061216371405,12188934920,9265704327,0,1317004602,['unclassified'],False,False,7153.58957853114,,,,,,,594.9083716161767,3.9780373573303223,3132,9265704327,12188934920,0,1317004602,['unclassified'],False,True,7153.589578531139,,,,,,
POINT (539959.9511574275 2804619.6425318606),0,593.5498717684723,14.459549505495136,310.70700668405846,12637352529,12637352785,0,1364623493,['unclassified'],False,False,2291.649007824194,,,,,,,368.4616928655803,3.708545684814453,1543,12637352529,12637352785,0,1364623493,['unclassified'],False,False,2291.649007824194,,,,,,
POINT (539959.9511574275 2804619.6425318606),0,593.5498717684723,14.459549505495136,310.70700668405846,12637352785,12637352529,0,1364623493,['unclassified'],False,True,2291.649007824193,,,,,,,368.4616928655803,3.708545684814453,1543,12637352529,12637352785,0,1364623493,['unclassified'],False,False,2291.649007824194,,,,,,
POINT (520252.00489085756 2793441.753432107),0,511.0478459919141,12.226236466557623,108.42268165840366,6246654977,6246654933,0,667166454,['unclassified'],False,False,2881.8595783361225,,,,,,,272.4912182746868,4.997046947479248,542,6246654977,6246654933,0,667166454,['unclassified'],False,False,2881.8595783361225,,,,,,
POINT (529055.970517569 2771484.286898605),0,335.83610357165344,10.390270364766394,198.89459590799748,12197522498,12200325654,0,"[1317946659, 1317946660, 1317946661, 1318233509, 1318233488, 1318233489, 1318233491, 1318233492, 1318233493]",['tertiary'],False,"[ false, true ]",21587.602050418463,yes,NH137G,['1'],,,,3111.463596129793,7.2444376945495605,891,12197522498,12200325654,0,"[1317946659, 1317946660, 1317946661, 1318233509, 1318233488, 1318233489, 1318233491, 1318233492, 1318233493]",['tertiary'],False,"[ false, true ]",21587.602050418463,yes,NH137G,['1'],,,
POINT (529055.970517569 2771484.286898605),0,335.83610357165344,10.390270364766394,198.89459590799748,12200325654,12197522498,0,"[1317946659, 1317946660, 1317946661, 1318233509, 1318233488, 1318233489, 1318233491, 1318233492, 1318233493]",['tertiary'],False,"[ false, true ]",21587.602050418496,yes,NH137G,['1'],,,,3111.463596129793,7.2444376945495605,891,12197522498,12200325654,0,"[1317946659, 1317946660, 1317946661, 1318233509, 1318233488, 1318233489, 1318233491, 1318233492, 1318233493]",['tertiary'],False,"[ false, true ]",21587.602050418463,yes,NH137G,['1'],,,
POINT (512436.63902535086 2809434.7365768626),0,292.9825704710983,13.784232871629063,85.86266131567552,12628374465,7869361469,0,"[1363831851, 843628173, 1363686576, 1363686578, 843631891, 843631892, 843631894, 843631895, 843631897, 843631899]",['trunk'],True,False,14976.661466194246,yes,NH27,,,,,552.8062848597268,3.475105047225952,1532,12628374465,7869361469,0,"[1363831851, 843628173, 1363686576, 1363686578, 843631891, 843631892, 843631894, 843631895, 843631897, 843631899]",['trunk'],True,False,14976.661466194246,yes,NH27,,,,
POINT (497639.47773485334 2851561.9382936433),0,88.97968019805933,1.8886968430073017,209.66541409967047,5760444136,3878444017,0,607936876,['tertiary'],False,True,8940.805930270248,,,,,,,208.7884171539385,3.118769645690918,1878,5760444136,3878444017,0,607936876,['tertiary'],False,True,8940.805930270248,,,,,,
POINT (497639.47773485334 2851561.9382936433),0,88.97968019805933,1.8886968430073017,209.66541409967047,3878444017,5760444136,0,607936876,['tertiary'],False,False,8940.80593027025,,,,,,,208.7884171539385,3.118769645690918,1878,5760444136,3878444017,0,607936876,['tertiary'],False,True,8940.805930270248,,,,,,
POINT (498256.76378633955 2846080.700844954),0,206.35288482373107,5.701129108337499,283.8017753256321,12646473689,12646536432,0,"[1365624556, 1365624558]",['residential' 'unclassified'],False,False,8287.488909603735,,,,,,,4188.838546813499,3.118769645690918,3340,12646473689,12646536432,0,"[1365624556, 1365624558]",['residential' 'unclassified'],False,False,8287.488909603735,,,,,,
POINT (498256.76378633955 2846080.700844954),0,206.35288482373107,5.701129108337499,283.8017753256321,12646536432,12646473689,0,"[1365624556, 1365624558]",['residential' 'unclassified'],False,True,8287.488909603735,,,,,,,4188.838546813499,3.118769645690918,3340,12646473689,12646536432,0,"[1365624556, 1365624558]",['residential' 'unclassified'],False,False,8287.488909603735,,,,,,
POINT (516193.20116971165 2820505.473539242),0,262.0857943828188,7.454887035217747,162.71523028050171,6246547630,6246548011,0,"[667147364, 667147365]",['unclassified'],False,"[ false, true ]",10011.565743669315,,,,,,,20.48221892633215,3.0739004611968994,1884,6246547630,6246548011,0,"[667147364, 667147365]",['unclassified'],False,"[ false, true ]",10011.565743669315,,,,,,
POINT (516193.20116971165 2820505.473539242),0,262.0857943828188,7.454887035217747,162.71523028050171,6246548011,6246547630,0,"[667147364, 667147365]",['unclassified'],False,"[ false, true ]",10011.565743669309,,,,,,,20.48221892633215,3.0739004611968994,1884,6246547630,6246548011,0,"[667147364, 667147365]",['unclassified'],False,"[ false, true ]",10011.565743669315,,,,,,
POINT (524878.7254027313 2823035.681870909),0,323.21781113770584,7.38328383675981,346.1574666208498,6246547630,6246548011,0,"[667147364, 667147365]",['unclassified'],False,"[ false, true ]",10011.565743669315,,,,,,,5365.770806627479,3.0739004611968994,1884,6246547630,6246548011,0,"[667147364, 667147365]",['unclassified'],False,"[ false, true ]",10011.565743669315,,,,,,
POINT (524878.7254027313 2823035.681870909),0,323.21781113770584,7.38328383675981,346.1574666208498,6246548011,6246547630,0,"[667147364, 667147365]",['unclassified'],False,"[ false, true ]",10011.565743669309,,,,,,,5365.770806627479,3.0739004611968994,1884,6246547630,6246548011,0,"[667147364, 667147365]",['unclassified'],False,"[ false, true ]",10011.565743669315,,,,,,
POINT (484950.000929281 2808115.5702142543),0,522.0310722174465,30.93861159231254,276.35559322122424,3878590404,12187251357,0,"[384547304, 384547305, 384547306, 384545268]",['trunk'],False,False,24098.021607759852,,NH627;SH-1020,,,,,1655.890930265014,3.9780373573303223,2546,3878590404,12187251357,0,"[384547304, 384547305, 384547306, 384545268]",['trunk'],False,False,24098.021607759852,,NH627;SH-1020,,,,
POINT (484950.000929281 2808115.5702142543),0,522.0310722174465,30.93861159231254,276.35559322122424,12187251357,3878590404,0,"[384547304, 384547305, 384547306, 384545268]",['trunk'],False,True,24098.021607759867,,NH627;SH-1020,,,,,1655.890930265014,3.9780373573303223,2546,3878590404,12187251357,0,"[384547304, 384547305, 384547306, 384545268]",['trunk'],False,False,24098.021607759852,,NH627;SH-1020,,,,
POINT (503524.4192624967 2832667.4367978596),0,270.9390690436776,14.148282913933379,147.73244963410542,12677780009,12677779749,0,1368873446,['unclassified'],False,False,7574.243371869928,,,,,,,2417.33684929,3.475105047225952,2002,12677780009,12677779749,0,1368873446,['unclassified'],False,False,7574.243371869928,,,,,,
POINT (503524.4192624967 2832667.4367978596),0,270.9390690436776,14.148282913933379,147.73244963410542,12677779749,12677780009,0,1368873446,['unclassified'],False,True,7574.243371869934,,,,,,,2417.33684929,3.475105047225952,2002,12677780009,12677779749,0,1368873446,['unclassified'],False,False,7574.243371869928,,,,,,
POINT (532773.4788730694 2792284.202981686),0,1716.9885095675236,24.654074843913364,119.11243183973579,13404741298,13404748103,0,1461545805,['residential'],False,True,289.75574091074935,,,,,,,1627.3278185307613,4.997046947479248,1791,13404741298,13404748103,0,1461545805,['residential'],False,True,289.75574091074935,,,,,,
POINT (532773.4788730694 2792284.202981686),0,1716.9885095675236,24.654074843913364,119.11243183973579,13404748103,13404741298,0,1461545805,['residential'],False,False,289.7557409107493,,,,,,,1627.3278185307613,4.997046947479248,1791,13404741298,13404748103,0,1461545805,['residential'],False,True,289.75574091074935,,,,,,
POINT (457545.7353941798 2778255.1129945847),0,827.6759606645601,23.614840744522947,330.1691012742997,9784622508,9784757148,0,1065443140,['residential'],False,True,88.43284230269639,,,,,,,21799.38868948245,8.737245559692383,2082,9784622508,9784757148,0,1065443140,['residential'],False,True,88.43284230269639,,,,,,
POINT (457545.7353941798 2778255.1129945847),0,827.6759606645601,23.614840744522947,330.1691012742997,9784757148,9784622508,0,1065443140,['residential'],False,False,88.43284230269639,,,,,,,21799.38868948245,8.737245559692383,2082,9784622508,9784757148,0,1065443140,['residential'],False,True,88.43284230269639,,,,,,
POINT (488663.885864249 2822761.627505948),0,177.90478169865878,18.81134341685833,342.1268914048405,12688675929,12688675440,0,1370106052,['unclassified'],False,False,11869.46543884255,,,,,,,2644.628452731346,3.475105047225952,3372,12688675929,12688675440,0,1370106052,['unclassified'],False,False,11869.46543884255,,,,,,
POINT (488663.885864249 2822761.627505948),0,177.90478169865878,18.81134341685833,342.1268914048405,12688675440,12688675929,0,1370106052,['unclassified'],False,True,11869.465438842553,,,,,,,2644.628452731346,3.475105047225952,3372,12688675929,12688675440,0,1370106052,['unclassified'],False,False,11869.46543884255,,,,,,
POINT (509847.44022797234 2776927.3732762076),0,796.2598595975032,18.455817647121528,271.69956897395696,12770423195,12770420430,0,1379123738,['unclassified'],False,False,3026.011680193185,,,,,,,4119.559217516132,8.054644584655762,1626,12770423195,12770420430,0,1379123738,['unclassified'],False,False,3026.011680193185,,,,,,
POINT (509847.44022797234 2776927.3732762076),0,796.2598595975032,18.455817647121528,271.69956897395696,12770420430,12770423195,0,1379123738,['unclassified'],False,True,3026.0116801931854,,,,,,,4119.559217516132,8.054644584655762,1626,12770423195,12770420430,0,1379123738,['unclassified'],False,False,3026.011680193185,,,,,,
POINT (505627.06211485167 2817078.553112997),0,183.82958935717193,5.2281290009035395,306.344120745857,12677705858,12677769829,0,"[1368873448, 1368873449]",['unclassified'],False,True,3522.9582143941775,,,,,,,4662.1114393991065,3.475105047225952,1977,12677705858,12677769829,0,"[1368873448, 1368873449]",['unclassified'],False,True,3522.9582143941775,,,,,,
POINT (505627.06211485167 2817078.553112997),0,183.82958935717193,5.2281290009035395,306.344120745857,12677769829,12677705858,0,"[1368873448, 1368873449]",['unclassified'],False,False,3522.9582143941766,,,,,,,4662.1114393991065,3.475105047225952,1977,12677705858,12677769829,0,"[1368873448, 1368873449]",['unclassified'],False,True,3522.9582143941775,,,,,,
POINT (504353.30868087336 2769824.478813494),0,513.2013170281789,48.824282761075075,37.721652002874166,12205992014,12205991116,0,1318888660,['unclassified'],False,False,4117.778053829975,,,,,,,7624.245462641781,8.054644584655762,943,12205992014,12205991116,0,1318888660,['unclassified'],False,False,4117.778053829975,,,,,,
POINT (504353.30868087336 2769824.478813494),0,513.2013170281789,48.824282761075075,37.721652002874166,12205991116,12205992014,0,1318888660,['unclassified'],False,True,4117.778053829976,,,,,,,7624.245462641781,8.054644584655762,943,12205992014,12205991116,0,1318888660,['unclassified'],False,False,4117.778053829975,,,,,,
POINT (519939.4237166796 2801278.914706832),0,304.00575724399357,14.22374806524326,139.4541431227423,12745225329,12742519424,0,1376230480,['unclassified'],False,False,2461.1785321026323,,,,,,,490.207476722244,4.997046947479248,1610,12745225329,12742519424,0,1376230480,['unclassified'],False,False,2461.1785321026323,,,,,,
POINT (519939.4237166796 2801278.914706832),0,304.00575724399357,14.22374806524326,139.4541431227423,12742519424,12745225329,0,1376230480,['unclassified'],False,True,2461.1785321026314,,,,,,,490.207476722244,4.997046947479248,1610,12745225329,12742519424,0,1376230480,['unclassified'],False,False,2461.1785321026323,,,,,,
POINT (508444.0881814908 2829297.6239408655),0,237.49595571384987,17.258093675673067,148.57068055023518,7869378007,7869367545,0,"[1368873649, 1368873650, 843621717, 843626037]",['trunk'],True,False,14288.252098996374,yes,NH27,,,,,1091.0959816061636,3.475105047225952,1909,7869378007,7869367545,0,"[1368873649, 1368873650, 843621717, 843626037]",['trunk'],True,False,14288.252098996374,yes,NH27,,,,
POINT (531899.8067782817 2809137.483261509),0,353.4978519213437,10.216130308286232,205.2757030972235,6251456792,6251457266,0,"[667660353, 667660355, 667660357, 667660360, 667660364, 667660342, 667660345]",['secondary'],False,True,16213.67090978031,yes,Nc-M-1,,,,,2501.0575041000698,3.0739004611968994,1894,6251456792,6251457266,0,"[667660353, 667660355, 667660357, 667660360, 667660364, 667660342, 667660345]",['secondary'],False,True,16213.67090978031,yes,Nc-M-1,,,,
POINT (531899.8067782817 2809137.483261509),0,353.4978519213437,10.216130308286232,205.2757030972235,6251457266,6251456792,0,"[667660353, 667660355, 667660357, 667660360, 667660364, 667660342, 667660345]",['secondary'],False,False,16213.67090978031,yes,Nc-M-1,,,,,2501.0575041000698,3.0739004611968994,1894,6251456792,6251457266,0,"[667660353, 667660355, 667660357, 667660360, 667660364, 667660342, 667660345]",['secondary'],False,True,16213.67090978031,yes,Nc-M-1,,,,
POINT (487029.4190085637 2834512.2646150417),0,183.53227383267404,10.198668613520347,238.93490793289288,6175514664,12646601168,0,1365630625,['unclassified'],False,True,7217.771483103449,,,,,,,2359.2596744158564,3.3000731468200684,2564,6175514664,12646601168,0,1365630625,['unclassified'],False,True,7217.771483103449,,,,,,
POINT (487029.4190085637 2834512.2646150417),0,183.53227383267404,10.198668613520347,238.93490793289288,12646601168,6175514664,0,1365630625,['unclassified'],False,False,7217.771483103441,,,,,,,2359.2596744158564,3.3000731468200684,2564,6175514664,12646601168,0,1365630625,['unclassified'],False,True,7217.771483103449,,,,,,
POINT (503192.92088734615 2793970.77324345),0,477.64700776703535,10.09315023537425,91.37104205964756,3173586493,12542601811,0,"[311653434, 384550868]",['trunk'],False,False,7964.914910271155,,NH627,,,,,475.83704305604454,6.778076648712158,29,3173586493,12542601811,0,"[311653434, 384550868]",['trunk'],False,False,7964.914910271155,,NH627,,,,
POINT (503192.92088734615 2793970.77324345),0,477.64700776703535,10.09315023537425,91.37104205964756,12542601811,3173586493,0,"[311653434, 384550868]",['trunk'],False,True,7964.914910271157,,NH627,,,,,475.83704305604454,6.778076648712158,29,3173586493,12542601811,0,"[311653434, 384550868]",['trunk'],False,False,7964.914910271155,,NH627,,,,
POINT (493815.9520995628 2790424.412357923),0,752.3103508254577,10.36044102613272,252.9872604628924,12517051068,12517051066,0,1352780057,['unclassified'],False,True,7960.6822960079335,,,,,,,416.5260835534926,6.778076648712158,2333,12517051068,12517051066,0,1352780057,['unclassified'],False,True,7960.6822960079335,,,,,,
POINT (493815.9520995628 2790424.412357923),0,752.3103508254577,10.36044102613272,252.9872604628924,12517051066,12517051068,0,1352780057,['unclassified'],False,False,7960.682296007929,,,,,,,416.5260835534926,6.778076648712158,2333,12517051068,12517051066,0,1352780057,['unclassified'],False,True,7960.6822960079335,,,,,,
POINT (498911.93130626524 2823845.6822233344),0,130.12941805064244,7.707863618159077,277.85121389599857,12688689684,6175514257,0,1370107261,['unclassified'],False,True,7458.776834779078,,,,,,,50.57145953408369,3.475105047225952,2006,12688689684,6175514257,0,1370107261,['unclassified'],False,True,7458.776834779078,,,,,,
POINT (498911.93130626524 2823845.6822233344),0,130.12941805064244,7.707863618159077,277.85121389599857,6175514257,12688689684,0,1370107261,['unclassified'],False,False,7458.7768347790825,,,,,,,50.57145953408369,3.475105047225952,2006,12688689684,6175514257,0,1370107261,['unclassified'],False,True,7458.776834779078,,,,,,
POINT (493280.4889630648 2829890.652014926),0,164.06515177075354,7.8805735475538,247.07669211813868,12646563792,12646601609,0,1365630629,['residential'],False,True,403.51944815759566,,,,,,,271.68489708627897,3.475105047225952,3348,12646563792,12646601609,0,1365630629,['residential'],False,True,403.51944815759566,,,,,,
POINT (493280.4889630648 2829890.652014926),0,164.06515177075354,7.8805735475538,247.07669211813868,12646601609,12646563792,0,1365630629,['residential'],False,False,403.51944815759566,,,,,,,271.68489708627897,3.475105047225952,3348,12646563792,12646601609,0,1365630629,['residential'],False,True,403.51944815759566,,,,,,
POINT (465074.6054716247 2815952.138312501),0,793.643751923637,5.080227958060004,328.775956954187,3173561465,3878463742,0,311652626,['tertiary'],False,True,16898.20238393974,,,,,,,12.628747299002468,3.9780373573303223,2498,3173561465,3878463742,0,311652626,['tertiary'],False,True,16898.20238393974,,,,,,
POINT (465074.6054716247 2815952.138312501),0,793.643751923637,5.080227958060004,328.775956954187,3878463742,3173561465,0,311652626,['tertiary'],False,False,16898.202383939722,,,,,,,12.628747299002468,3.9780373573303223,2498,3173561465,3878463742,0,311652626,['tertiary'],False,True,16898.20238393974,,,,,,
POINT (482556.19981908903 2822186.5487060593),0,273.99492568633104,5.515647631095626,63.50199458143922,12688675929,12688675440,0,1370106052,['unclassified'],False,False,11869.46543884255,,,,,,,2925.566103724556,3.9780373573303223,3372,12688675929,12688675440,0,1370106052,['unclassified'],False,False,11869.46543884255,,,,,,
POINT (482556.19981908903 2822186.5487060593),0,273.99492568633104,5.515647631095626,63.50199458143922,12688675440,12688675929,0,1370106052,['unclassified'],False,True,11869.465438842553,,,,,,,2925.566103724556,3.9780373573303223,3372,12688675929,12688675440,0,1370106052,['unclassified'],False,False,11869.46543884255,,,,,,
POINT (495342.4958434125 2806548.044943535),0,477.02910641232467,14.459048772533116,329.5788850397313,12626405255,12626405254,0,1363666823,['unclassified'],False,True,2178.924804419171,,,,,,,345.6567145635834,3.475105047225952,2452,12626405255,12626405254,0,1363666823,['unclassified'],False,True,2178.924804419171,,,,,,
POINT (495342.4958434125 2806548.044943535),0,477.02910641232467,14.459048772533116,329.5788850397313,12626405254,12626405255,0,1363666823,['unclassified'],False,False,2178.924804419171,,,,,,,345.6567145635834,3.475105047225952,2452,12626405255,12626405254,0,1363666823,['unclassified'],False,True,2178.924804419171,,,,,,
POINT (486076.8786621637 2817821.426960362),0,557.3269149763928,30.091898397771896,7.349596076830297,3878590404,12187251357,0,"[384547304, 384547305, 384547306, 384545268]",['trunk'],False,False,24098.021607759852,,NH627;SH-1020,,,,,4811.830432013702,3.9780373573303223,2546,3878590404,12187251357,0,"[384547304, 384547305, 384547306, 384545268]",['trunk'],False,False,24098.021607759852,,NH627;SH-1020,,,,
POINT (486076.8786621637 2817821.426960362),0,557.3269149763928,30.091898397771896,7.349596076830297,12187251357,3878590404,0,"[384547304, 384547305, 384547306, 384545268]",['trunk'],False,True,24098.021607759867,,NH627;SH-1020,,,,,4811.830432013702,3.9780373573303223,2546,3878590404,12187251357,0,"[384547304, 384547305, 384547306, 384545268]",['trunk'],False,False,24098.021607759852,,NH627;SH-1020,,,,
POINT (529754.6503294101 2802392.1492630714),0,372.5694908361633,2.40764255587358,59.13368204001429,6251241995,6251241407,0,667636162,['tertiary'],False,False,1545.4586949539678,,,,,,,2158.6280580383864,4.997046947479248,590,6251241995,6251241407,0,667636162,['tertiary'],False,False,1545.4586949539678,,,,,,
POINT (529754.6503294101 2802392.1492630714),0,372.5694908361633,2.40764255587358,59.13368204001429,6251241407,6251241995,0,667636162,['tertiary'],False,True,1545.458694953967,,,,,,,2158.6280580383864,4.997046947479248,590,6251241995,6251241407,0,667636162,['tertiary'],False,False,1545.4586949539678,,,,,,
POINT (504634.45024747966 2845131.2055819323),0,117.15295140504895,15.544506665776847,286.2571399071231,5760444136,5760444177,0,607936876,['tertiary'],False,False,7415.229677633651,,,,,,,5022.700631625562,3.118769645690918,1877,5760444136,5760444177,0,607936876,['tertiary'],False,False,7415.229677633651,,,,,,
POINT (504634.45024747966 2845131.2055819323),0,117.15295140504895,15.544506665776847,286.2571399071231,5760444177,5760444136,0,607936876,['tertiary'],False,True,7415.229677633648,,,,,,,5022.700631625562,3.118769645690918,1877,5760444136,5760444177,0,607936876,['tertiary'],False,False,7415.229677633651,,,,,,
POINT (518213.3178762122 2828961.544063003),0,303.270900884605,11.643355112526638,251.1648617131405,6246547630,6246548011,0,"[667147364, 667147365]",['unclassified'],False,"[ false, true ]",10011.565743669315,,,,,,,6925.659003239445,3.0739004611968994,1884,6246547630,6246548011,0,"[667147364, 667147365]",['unclassified'],False,"[ false, true ]",10011.565743669315,,,,,,
POINT (518213.3178762122 2828961.544063003),0,303.270900884605,11.643355112526638,251.1648617131405,6246548011,6246547630,0,"[667147364, 667147365]",['unclassified'],False,"[ false, true ]",10011.565743669309,,,,,,,6925.659003239445,3.0739004611968994,1884,6246547630,6246548011,0,"[667147364, 667147365]",['unclassified'],False,"[ false, true ]",10011.565743669315,,,,,,
POINT (489001.18357635324 2838952.588145795),0,150.08490696373715,8.986439912762124,84.3481484367862,6175514972,12184910898,0,659589592,['primary'],False,True,10153.321005849986,,SH16;SH-020,,,SH16,,1782.0557131182732,3.118769645690918,2566,6175514972,12184910898,0,659589592,['primary'],False,True,10153.321005849986,,SH16;SH-020,,,SH16,
POINT (489001.18357635324 2838952.588145795),0,150.08490696373715,8.986439912762124,84.3481484367862,12184910898,6175514972,0,659589592,['primary'],False,False,10153.321005849999,,SH16;SH-020,,,SH16,,1782.0557131182732,3.118769645690918,2566,6175514972,12184910898,0,659589592,['primary'],False,True,10153.321005849986,,SH16;SH-020,,,SH16,
POINT (508403.5002248995 2825853.255366434),0,183.60215212548735,5.370949479390559,212.88756937456768,7869378007,7869367545,0,"[1368873649, 1368873650, 843621717, 843626037]",['trunk'],True,False,14288.252098996374,yes,NH27,,,,,1701.9900479378446,3.475105047225952,1909,7869378007,7869367545,0,"[1368873649, 1368873650, 843621717, 843626037]",['trunk'],True,False,14288.252098996374,yes,NH27,,,,
POINT (529834.0570332829 2804255.630439797),0,335.8558035326385,12.65531876734942,35.90021767096782,6251241995,6251241407,0,667636162,['tertiary'],False,False,1545.4586949539678,,,,,,,1381.9551517624625,4.997046947479248,590,6251241995,6251241407,0,667636162,['tertiary'],False,False,1545.4586949539678,,,,,,
POINT (529834.0570332829 2804255.630439797),0,335.8558035326385,12.65531876734942,35.90021767096782,6251241407,6251241995,0,667636162,['tertiary'],False,True,1545.458694953967,,,,,,,1381.9551517624625,4.997046947479248,590,6251241995,6251241407,0,667636162,['tertiary'],False,False,1545.4586949539678,,,,,,
POINT (471226.1168894176 2816765.197927957),0,634.8749194309748,8.994045777107864,327.7442322975684,9320307701,12188935868,0,1003959491,['trunk'],False,False,3318.9084327383243,,NH627,['1'],,,,1829.870613251521,3.9780373573303223,3162,9320307701,12188935868,0,1003959491,['trunk'],False,False,3318.9084327383243,,NH627,['1'],,,
POINT (471226.1168894176 2816765.197927957),0,634.8749194309748,8.994045777107864,327.7442322975684,12188935868,9320307701,0,1003959491,['trunk'],False,True,3318.908432738328,,NH627,['1'],,,,1829.870613251521,3.9780373573303223,3162,9320307701,12188935868,0,1003959491,['trunk'],False,False,3318.9084327383243,,NH627,['1'],,,
POINT (464424.7188564239 2778723.8465619166),0,1084.1755192789678,13.011628016370365,258.4003712293863,9784622508,9784757148,0,1065443140,['residential'],False,True,88.43284230269639,,,,,,,15176.368736988565,8.142277717590332,2082,9784622508,9784757148,0,1065443140,['residential'],False,True,88.43284230269639,,,,,,
POINT (464424.7188564239 2778723.8465619166),0,1084.1755192789678,13.011628016370365,258.4003712293863,9784757148,9784622508,0,1065443140,['residential'],False,False,88.43284230269639,,,,,,,15176.368736988565,8.142277717590332,2082,9784622508,9784757148,0,1065443140,['residential'],False,True,88.43284230269639,,,,,,
POINT (524301.6015079122 2809450.4887156705),0,581.5261485554017,19.08275713732698,111.84262706117451,6251456792,6251457266,0,"[667660353, 667660355, 667660357, 667660360, 667660364, 667660342, 667660345]",['secondary'],False,True,16213.67090978031,yes,Nc-M-1,,,,,2933.1603091300894,3.0739004611968994,1894,6251456792,6251457266,0,"[667660353, 667660355, 667660357, 667660360, 667660364, 667660342, 667660345]",['secondary'],False,True,16213.67090978031,yes,Nc-M-1,,,,
POINT (524301.6015079122 2809450.4887156705),0,581.5261485554017,19.08275713732698,111.84262706117451,6251457266,6251456792,0,"[667660353, 667660355, 667660357, 667660360, 667660364, 667660342, 667660345]",['secondary'],False,False,16213.67090978031,yes,Nc-M-1,,,,,2933.1603091300894,3.0739004611968994,1894,6251456792,6251457266,0,"[667660353, 667660355, 667660357, 667660360, 667660364, 667660342, 667660345]",['secondary'],False,True,16213.67090978031,yes,Nc-M-1,,,,
POINT (527862.2221275116 2806929.5935051865),0,325.59167558907933,10.267025765410445,275.70308971439357,6251241407,6251457266,0,"[667636170, 667636162, 667636156]",['tertiary'],False,"[ false, true ]",6270.75969907136,,,,,,,272.88157517122295,3.0739004611968994,588,6251241407,6251457266,0,"[667636170, 667636162, 667636156]",['tertiary'],False,"[ false, true ]",6270.75969907136,,,,,,
POINT (527862.2221275116 2806929.5935051865),0,325.59167558907933,10.267025765410445,275.70308971439357,6251457266,6251241407,0,"[667636162, 667636170, 667636156]",['tertiary'],False,"[ false, true ]",6270.759699071358,,,,,,,272.88157517122295,3.0739004611968994,588,6251241407,6251457266,0,"[667636170, 667636162, 667636156]",['tertiary'],False,"[ false, true ]",6270.75969907136,,,,,,
POINT (524026.36407205614 2770746.5150131295),0,531.6867431758827,24.251986584729742,133.41108996169493,6263644084,12200325654,0,"[1318233488, 668863289]",['tertiary' 'unclassified'],False,"[ false, true ]",8409.742710189792,,NH137G,['1'],,,,1146.9763475173047,7.2444376945495605,596,6263644084,12200325654,0,"[1318233488, 668863289]",['tertiary' 'unclassified'],False,"[ false, true ]",8409.742710189792,,NH137G,['1'],,,
POINT (524026.36407205614 2770746.5150131295),0,531.6867431758827,24.251986584729742,133.41108996169493,12200325654,6263644084,0,"[1318233488, 668863289]",['unclassified' 'tertiary'],False,"[ false, true ]",8409.742710189796,,NH137G,['1'],,,,1146.9763475173047,7.2444376945495605,596,6263644084,12200325654,0,"[1318233488, 668863289]",['tertiary' 'unclassified'],False,"[ false, true ]",8409.742710189792,,NH137G,['1'],,,
POINT (483581.58563387574 2823973.0354062314),0,270.51127112846694,10.137858331777167,126.92709923223569,12688675929,12688675440,0,1370106052,['unclassified'],False,False,11869.46543884255,,,,,,,1284.4784322062246,3.9780373573303223,3372,12688675929,12688675440,0,1370106052,['unclassified'],False,False,11869.46543884255,,,,,,
POINT (483581.58563387574 2823973.0354062314),0,270.51127112846694,10.137858331777167,126.92709923223569,12688675440,12688675929,0,1370106052,['unclassified'],False,True,11869.465438842553,,,,,,,1284.4784322062246,3.9780373573303223,3372,12688675929,12688675440,0,1370106052,['unclassified'],False,False,11869.46543884255,,,,,,
POINT (503949.60200208396 2828141.553299375),0,169.015122937358,9.629606622328811,117.74579146903332,12677779733,12677779749,0,1368873444,['residential'],False,False,281.3414776165448,,,,,,,1872.8486063313546,3.475105047225952,1991,12677779733,12677779749,0,1368873444,['residential'],False,False,281.3414776165448,,,,,,
POINT (503949.60200208396 2828141.553299375),0,169.015122937358,9.629606622328811,117.74579146903332,12677779749,12677779733,0,1368873444,['residential'],False,True,281.34147761654486,,,,,,,1872.8486063313546,3.475105047225952,1991,12677779733,12677779749,0,1368873444,['residential'],False,False,281.3414776165448,,,,,,
POINT (481799.7671875813 2830582.28833649),0,307.58622303198933,10.534421745426638,235.3260611278493,12688675940,12688674827,0,1370106036,['unclassified'],False,True,4617.3331064290205,,,,,,,3307.655747395796,3.9780373573303223,3374,12688675940,12688674827,0,1370106036,['unclassified'],False,True,4617.3331064290205,,,,,,
POINT (481799.7671875813 2830582.28833649),0,307.58622303198933,10.534421745426638,235.3260611278493,12688674827,12688675940,0,1370106036,['unclassified'],False,False,4617.333106429015,,,,,,,3307.655747395796,3.9780373573303223,3374,12688675940,12688674827,0,1370106036,['unclassified'],False,True,4617.3331064290205,,,,,,
POINT (485527.85877870274 2824317.619122353),0,192.3736687252375,12.919003116660509,323.98477637375447,12688675929,12688675440,0,1370106052,['unclassified'],False,False,11869.46543884255,,,,,,,1272.234120802201,3.9780373573303223,3372,12688675929,12688675440,0,1370106052,['unclassified'],False,False,11869.46543884255,,,,,,
POINT (485527.85877870274 2824317.619122353),0,192.3736687252375,12.919003116660509,323.98477637375447,12688675440,12688675929,0,1370106052,['unclassified'],False,True,11869.465438842553,,,,,,,1272.234120802201,3.9780373573303223,3372,12688675929,12688675440,0,1370106052,['unclassified'],False,False,11869.46543884255,,,,,,
POINT (487792.43267454405 2777287.552248579),0,252.42456015390587,12.255866143824942,26.755647456455662,2926095072,2926095396,0,666911003,['trunk'],False,False,618.7274979142123,,NH27,,,,,81.52796727844643,8.054644584655762,2033,2926095072,2926095396,0,666911003,['trunk'],False,False,618.7274979142123,,NH27,,,,
POINT (487792.43267454405 2777287.552248579),0,252.42456015390587,12.255866143824942,26.755647456455662,2926095396,2926095072,0,666911003,['trunk'],False,True,618.7274979142123,,NH27,,,,,81.52796727844643,8.054644584655762,2033,2926095072,2926095396,0,666911003,['trunk'],False,False,618.7274979142123,,NH27,,,,
POINT (505339.8990778662 2824457.92957093),0,155.63655024634016,10.097357986050241,285.77670223919483,12688689684,6175514257,0,1370107261,['unclassified'],False,True,7458.776834779078,,,,,,,4062.863649693486,3.475105047225952,2006,12688689684,6175514257,0,1370107261,['unclassified'],False,True,7458.776834779078,,,,,,
POINT (505339.8990778662 2824457.92957093),0,155.63655024634016,10.097357986050241,285.77670223919483,6175514257,12688689684,0,1370107261,['unclassified'],False,False,7458.7768347790825,,,,,,,4062.863649693486,3.475105047225952,2006,12688689684,6175514257,0,1370107261,['unclassified'],False,True,7458.776834779078,,,,,,
POINT (509917.55773516896 2799742.6697793985),0,450.79870402083543,14.920035646649767,37.87400177919419,12610458654,12610475518,0,"[1362028873, 1362028875, 1362028878]",['unclassified'],False,False,6422.771728942661,yes,,,,,,12.828022998697165,6.778076648712158,1423,12610458654,12610475518,0,"[1362028873, 1362028875, 1362028878]",['unclassified'],False,False,6422.771728942661,yes,,,,,
POINT (524064.3464887764 2815591.499467165),0,246.23096306748175,12.39108561756602,75.76584485561116,6246547630,6246548011,0,"[667147364, 667147365]",['unclassified'],False,"[ false, true ]",10011.565743669315,,,,,,,4610.337372986578,3.0739004611968994,1884,6246547630,6246548011,0,"[667147364, 667147365]",['unclassified'],False,"[ false, true ]",10011.565743669315,,,,,,
POINT (524064.3464887764 2815591.499467165),0,246.23096306748175,12.39108561756602,75.76584485561116,6246548011,6246547630,0,"[667147364, 667147365]",['unclassified'],False,"[ false, true ]",10011.565743669309,,,,,,,4610.337372986578,3.0739004611968994,1884,6246547630,6246548011,0,"[667147364, 667147365]",['unclassified'],False,"[ false, true ]",10011.565743669315,,,,,,
POINT (481263.1427240248 2794550.191303326),0,1084.4940166223478,23.222687894207954,79.5865847660737,6244446253,12187250966,0,1316817062,['tertiary'],False,True,18111.095265319484,,,,,,,172.2381415066263,7.570275783538818,2059,6244446253,12187250966,0,1316817062,['tertiary'],False,True,18111.095265319484,,,,,,
POINT (481263.1427240248 2794550.191303326),0,1084.4940166223478,23.222687894207954,79.5865847660737,12187250966,6244446253,0,1316817062,['tertiary'],False,False,18111.095265319484,,,,,,,172.2381415066263,7.570275783538818,2059,6244446253,12187250966,0,1316817062,['tertiary'],False,True,18111.095265319484,,,,,,
POINT (468387.44313124474 2815596.8439906887),0,644.9882784280616,6.784850619820613,304.8839208867248,3173561465,3878463742,0,311652626,['tertiary'],False,True,16898.20238393974,,,,,,,1153.6733601375477,3.9780373573303223,2498,3173561465,3878463742,0,311652626,['tertiary'],False,True,16898.20238393974,,,,,,
POINT (468387.44313124474 2815596.8439906887),0,644.9882784280616,6.784850619820613,304.8839208867248,3878463742,3173561465,0,311652626,['tertiary'],False,False,16898.202383939722,,,,,,,1153.6733601375477,3.9780373573303223,2498,3173561465,3878463742,0,311652626,['tertiary'],False,True,16898.20238393974,,,,,,
POINT (478853.85389721376 2781659.638898036),0,1449.2111564965244,30.167290567383056,155.48675193953434,6244446902,6244446892,0,1316817049,['residential'],False,False,363.91077447319196,,,,,,,4053.629283159386,7.570275783538818,2068,6244446902,6244446892,0,1316817049,['residential'],False,False,363.91077447319196,,,,,,
POINT (478853.85389721376 2781659.638898036),0,1449.2111564965244,30.167290567383056,155.48675193953434,6244446892,6244446902,0,1316817049,['residential'],False,True,363.91077447319196,,,,,,,4053.629283159386,7.570275783538818,2068,6244446902,6244446892,0,1316817049,['residential'],False,False,363.91077447319196,,,,,,
POINT (492705.65456277214 2844139.3754037065),0,118.28712816975734,5.543568196341103,237.7058067977954,12646473689,12646536432,0,"[1365624556, 1365624558]",['residential' 'unclassified'],False,False,8287.488909603735,,,,,,,334.00408276405113,3.118769645690918,3340,12646473689,12646536432,0,"[1365624556, 1365624558]",['residential' 'unclassified'],False,False,8287.488909603735,,,,,,
POINT (492705.65456277214 2844139.3754037065),0,118.28712816975734,5.543568196341103,237.7058067977954,12646536432,12646473689,0,"[1365624556, 1365624558]",['residential' 'unclassified'],False,True,8287.488909603735,,,,,,,334.00408276405113,3.118769645690918,3340,12646473689,12646536432,0,"[1365624556, 1365624558]",['residential' 'unclassified'],False,False,8287.488909603735,,,,,,
POINT (501532.49237233796 2788968.0323644914),0,524.0190513499401,5.2132346499829545,216.5062860914133,12531666326,3878605546,0,384550870,['trunk'],False,False,2494.366329179981,,NH627,,,,,42.918824183122275,6.778076648712158,1056,12531666326,3878605546,0,384550870,['trunk'],False,False,2494.366329179981,,NH627,,,,
POINT (494024.60507355013 2784302.1870928844),0,692.9803201406248,10.356817726300369,38.10412489234033,12542547349,12542601214,0,1355253021,['unclassified'],False,False,4447.150949256268,,,,,,,2201.9690742026633,6.778076648712158,2390,12542547349,12542601214,0,1355253021,['unclassified'],False,False,4447.150949256268,,,,,,
POINT (494024.60507355013 2784302.1870928844),0,692.9803201406248,10.356817726300369,38.10412489234033,12542601214,12542547349,0,1355253021,['unclassified'],False,True,4447.150949256264,,,,,,,2201.9690742026633,6.778076648712158,2390,12542547349,12542601214,0,1355253021,['unclassified'],False,False,4447.150949256268,,,,,,
POINT (536346.5420144035 2796792.2932738014),0,1423.8453017379527,20.15527278282475,258.4233246431231,12785867922,12785834347,0,"[1381133557, 1381133558, 1381133559, 1381133560, 1381133561]",['unclassified'],False,True,6357.524977951869,yes,,,,,,2998.5808567982385,4.997046947479248,1694,12785867922,12785834347,0,"[1381133557, 1381133558, 1381133559, 1381133560, 1381133561]",['unclassified'],False,True,6357.524977951869,yes,,,,,
POINT (536346.5420144035 2796792.2932738014),0,1423.8453017379527,20.15527278282475,258.4233246431231,12785834347,12785867922,0,"[1381133557, 1381133558, 1381133559, 1381133560, 1381133561]",['unclassified'],False,False,6357.524977951867,yes,,,,,,2998.5808567982385,4.997046947479248,1694,12785867922,12785834347,0,"[1381133557, 1381133558, 1381133559, 1381133560, 1381133561]",['unclassified'],False,True,6357.524977951869,yes,,,,,
POINT (464355.9221542768 2816408.667954056),0,763.3568089054461,6.890741101746438,227.6028444816502,3173561465,3878463742,0,311652626,['tertiary'],False,True,16898.20238393974,,,,,,,410.2149377013645,3.9780373573303223,2498,3173561465,3878463742,0,311652626,['tertiary'],False,True,16898.20238393974,,,,,,
POINT (464355.9221542768 2816408.667954056),0,763.3568089054461,6.890741101746438,227.6028444816502,3878463742,3173561465,0,311652626,['tertiary'],False,False,16898.202383939722,,,,,,,410.2149377013645,3.9780373573303223,2498,3173561465,3878463742,0,311652626,['tertiary'],False,True,16898.20238393974,,,,,,
POINT (510367.14210049505 2791224.7588577247),0,481.9566843046532,11.15448516980546,256.6372436310282,12777266772,12777302940,0,"[1380116426, 1380116427]",['residential' 'unclassified'],False,True,5591.9850594286745,,,,,,,1576.4346708566527,6.778076648712158,1669,12777266772,12777302940,0,"[1380116426, 1380116427]",['residential' 'unclassified'],False,True,5591.9850594286745,,,,,,
POINT (510367.14210049505 2791224.7588577247),0,481.9566843046532,11.15448516980546,256.6372436310282,12777302940,12777266772,0,"[1380116426, 1380116427]",['residential' 'unclassified'],False,False,5591.985059428677,,,,,,,1576.4346708566527,6.778076648712158,1669,12777266772,12777302940,0,"[1380116426, 1380116427]",['residential' 'unclassified'],False,True,5591.9850594286745,,,,,,
POINT (543126.7736292579 2803083.048147821),0,985.5793846382549,22.470332994556273,246.96108306054583,12637349689,12637354659,0,1364623568,['unclassified'],False,True,2880.6855174785146,,,,,,,3069.774631213368,3.708545684814453,1542,12637349689,12637354659,0,1364623568,['unclassified'],False,True,2880.6855174785146,,,,,,
POINT (543126.7736292579 2803083.048147821),0,985.5793846382549,22.470332994556273,246.96108306054583,12637354659,12637349689,0,1364623568,['unclassified'],False,False,2880.6855174785155,,,,,,,3069.774631213368,3.708545684814453,1542,12637349689,12637354659,0,1364623568,['unclassified'],False,True,2880.6855174785146,,,,,,
POINT (535711.799422388 2791927.2085685036),0,1276.0842764617946,11.752580725583858,167.6917593679929,6247256630,13278608759,0,"[1446974648, 1446974649, 1447248064, 1446974647]",['unclassified'],False,False,2962.558086429705,yes,,,,,,380.24606400932095,4.997046947479248,552,6247256630,13278608759,0,"[1446974648, 1446974649, 1447248064, 1446974647]",['unclassified'],False,False,2962.558086429705,yes,,,,,
POINT (535711.799422388 2791927.2085685036),0,1276.0842764617946,11.752580725583858,167.6917593679929,13278608759,6247256630,0,"[1447248064, 1446974649, 1446974648, 1446974647]",['unclassified'],False,True,2962.5580864297053,yes,,,,,,380.24606400932095,4.997046947479248,552,6247256630,13278608759,0,"[1446974648, 1446974649, 1447248064, 1446974647]",['unclassified'],False,False,2962.558086429705,yes,,,,,
POINT (467195.2008417528 2819245.7219217774),0,635.2030904251051,12.826051746305954,13.417438016831701,9320307578,9320307624,0,"[1010151661, 1010151662]",['tertiary' 'unclassified'],False,True,2376.616564228006,,,,,,,2036.4729752918165,3.9780373573303223,3158,9320307578,9320307624,0,"[1010151661, 1010151662]",['tertiary' 'unclassified'],False,True,2376.616564228006,,,,,,
POINT (467195.2008417528 2819245.7219217774),0,635.2030904251051,12.826051746305954,13.417438016831701,9320307624,9320307578,0,"[1010151661, 1010151662]",['unclassified' 'tertiary'],False,False,2376.6165642280057,,,,,,,2036.4729752918165,3.9780373573303223,3158,9320307578,9320307624,0,"[1010151661, 1010151662]",['tertiary' 'unclassified'],False,True,2376.616564228006,,,,,,
POINT (526801.6601733688 2792545.423793902),0,830.3902798977042,20.356572288036162,326.55167110098836,12837601700,12837606301,0,1386682597,['unclassified'],False,False,845.3561348232736,,,,,,,681.6001962751551,4.997046947479248,1707,12837601700,12837606301,0,1386682597,['unclassified'],False,False,845.3561348232736,,,,,,
POINT (526801.6601733688 2792545.423793902),0,830.3902798977042,20.356572288036162,326.55167110098836,12837606301,12837601700,0,1386682597,['unclassified'],False,True,845.3561348232738,,,,,,,681.6001962751551,4.997046947479248,1707,12837601700,12837606301,0,1386682597,['unclassified'],False,False,845.3561348232736,,,,,,
POINT (527780.4879366235 2790386.3666572124),0,1281.4126375626938,23.91305129202238,305.7874378552807,12837601700,5160769995,0,"[1386682596, 1386682597, 1386682598, 1386682599, 1386682600]",['unclassified'],False,True,6494.6348075478845,yes,,,,,,820.7231382369556,4.997046947479248,1708,12837601700,5160769995,0,"[1386682596, 1386682597, 1386682598, 1386682599, 1386682600]",['unclassified'],False,True,6494.6348075478845,yes,,,,,
POINT (527780.4879366235 2790386.3666572124),0,1281.4126375626938,23.91305129202238,305.7874378552807,5160769995,12837601700,0,"[1386682596, 1386682597, 1386682598, 1386682599, 1386682600]",['unclassified'],False,False,6494.634807547881,yes,,,,,,820.7231382369556,4.997046947479248,1708,12837601700,5160769995,0,"[1386682596, 1386682597, 1386682598, 1386682599, 1386682600]",['unclassified'],False,True,6494.6348075478845,yes,,,,,
POINT (508990.82885959704 2840209.1904583294),0,235.17099276498993,5.43477007527631,288.8554016057361,12677705845,7869322543,0,"[843621725, 843621717]",['trunk'],True,False,16915.63850868844,,NH27,,,,,2536.850442496583,3.118769645690918,1971,12677705845,7869322543,0,"[843621725, 843621717]",['trunk'],True,False,16915.63850868844,,NH27,,,,
POINT (474673.30556745996 2805568.524986357),0,818.8856576456508,24.74203537761878,303.50267508533045,12188899433,12188935037,0,1317004594,['unclassified'],False,False,1280.6733351121898,,,,,,,4436.472705675202,7.570275783538818,3309,12188899433,12188935037,0,1317004594,['unclassified'],False,False,1280.6733351121898,,,,,,
POINT (474673.30556745996 2805568.524986357),0,818.8856576456508,24.74203537761878,303.50267508533045,12188935037,12188899433,0,1317004594,['unclassified'],False,True,1280.6733351121902,,,,,,,4436.472705675202,7.570275783538818,3309,12188899433,12188935037,0,1317004594,['unclassified'],False,False,1280.6733351121898,,,,,,
POINT (465386.25793887576 2813901.9133788077),0,774.6987935021751,10.979469589796,239.93237913044916,3173561465,3878463742,0,311652626,['tertiary'],False,True,16898.20238393974,,,,,,,1272.2354447419775,3.9780373573303223,2498,3173561465,3878463742,0,311652626,['tertiary'],False,True,16898.20238393974,,,,,,
POINT (465386.25793887576 2813901.9133788077),0,774.6987935021751,10.979469589796,239.93237913044916,3878463742,3173561465,0,311652626,['tertiary'],False,False,16898.202383939722,,,,,,,1272.2354447419775,3.9780373573303223,2498,3173561465,3878463742,0,311652626,['tertiary'],False,True,16898.20238393974,,,,,,
